cls,file,face_found,face_side,lap_var,cr_std,hf_energy,peakiness_native,specular_ratio
Bonafide,00962.png,True,644.8,207.9038543701172,21.200703969679452,0.019892290234565735,4.119583149772904,6.103515625e-05
Bonafide,00998.png,True,702.4,231.75399780273438,9.963903222972247,0.01450846903026104,5.085387985205896,0.0699615478515625
Bonafide,01012.png,True,608.0,348.7367858886719,17.260957644586398,0.018395405262708664,3.1018258264372185,0.004150390625
Bonafide,08794.png,True,652.8,262.2214660644531,13.649239893307513,0.0168622899800539,5.509217809980107,0.06262588500976562
Bonafide,10673.png,True,600.0,1896.244873046875,10.960171314095023,0.11660607904195786,5.469898827086722,0.053653717041015625
Bonafide,10684.png,True,699.2,401.0899658203125,15.300987421023988,0.012065012007951736,5.569934776919873,0.028507232666015625
Bonafide,10696.png,True,744.0,254.64842224121094,12.96483498924509,0.018726304173469543,3.5869563237928133,0.0006103515625
Bonafide,10712.png,True,699.2,409.2197265625,14.975581951497153,0.02127518132328987,5.487248478855187,0.0002593994140625
Bonafide,10728.png,True,694.4,122.63722229003906,13.626595928271424,0.011612710542976856,4.1772068994319165,0.03530120849609375
Bonafide,10741.png,True,640.0,1239.5191650390625,12.074977522943527,0.06655328720808029,5.082600847334767,0.04372406005859375
Bonafide,10744.png,True,704.0,929.5034790039062,12.472700893666035,0.03819342330098152,4.345261703316918,0.02092742919921875
Bonafide,10881.png,True,536.0,238.20301818847656,13.175168413870518,0.026989804580807686,5.603322341127689,0.004619598388671875
Bonafide,10889.png,True,635.2,265.252197265625,16.094551778529908,0.016136758029460907,4.315407380216096,0.021450042724609375
Bonafide,10954.png,True,633.6,620.6754150390625,25.613292146216427,0.047688666731119156,4.097101824584816,0.019775390625
Bonafide,10960.png,True,651.2,245.6072235107422,12.68413092062834,0.020513929426670074,4.830419697239882,0.034332275390625
Bonafide,10970.png,True,641.6,365.0443115234375,10.882923955483124,0.013887870125472546,4.614153579546876,0.041439056396484375
Bonafide,10972.png,True,608.0,460.44097900390625,12.598807789507186,0.04170486330986023,4.610378313497617,0.008087158203125
Bonafide,10992.png,True,604.8,2514.25341796875,13.055040075617862,0.11247970163822174,4.786125232647202,0.0034942626953125
Bonafide,11040.png,True,686.4,1417.4884033203125,33.647886391181494,0.037482693791389465,5.0689708256092665,0.11008071899414062
Bonafide,11053.png,True,692.8,176.96141052246094,15.910368011350391,0.014891155064105988,3.6667724217690636,0.0001983642578125
Bonafide,11099.png,True,603.2,225.76512145996094,11.009479131261195,0.011480359360575676,5.3506386288447105,0.0303497314453125
Bonafide,11117.png,True,641.6,117.33438873291016,13.685821808278417,0.0077280583791434765,4.218731178273208,0.006633758544921875
Bonafide,11130.png,True,662.4,353.66668701171875,10.420991982020592,0.01173493079841137,3.8922285108258596,0.057880401611328125
Bonafide,11154.png,True,614.4,247.1382293701172,8.636118878128599,0.015206409618258476,3.2626360712339375,0.03592681884765625
Bonafide,11166.png,True,633.6,145.3678436279297,7.432981831728204,0.02203265205025673,4.090266763927254,0.049896240234375
Bonafide,11174.png,True,646.4,775.3670043945312,13.028007529641313,0.022820942103862762,5.387760328460487,0.1744537353515625
Bonafide,11185.png,True,648.0,265.6254577636719,17.385220798156027,0.014619600959122181,4.63305981633914,0.000392913818359375
Bonafide,11193.png,True,712.0,320.9405212402344,14.27044565988899,0.0305275097489357,2.911365308366342,0.00031280517578125
Bonafide,11196.png,True,718.4,237.16822814941406,26.200149217525443,0.012538953684270382,3.420488407252487,0.030826568603515625
Bonafide,11233.png,True,734.4,230.03378295898438,14.199866623473302,0.0202107485383749,5.859948424096651,0.010791778564453125
Bonafide,11237.png,True,660.8,415.1961975097656,11.52709533777575,0.02677115611732006,3.672208525688125,0.00031280517578125
Bonafide,11261.png,True,657.6,491.5348815917969,12.318223119724257,0.024864375591278076,3.045954253736344,0.001972198486328125
Bonafide,11280.png,True,627.2,425.7940979003906,12.118072456418728,0.017239555716514587,5.154867096991641,0.13969039916992188
Bonafide,11308.png,True,630.4,597.3786010742188,7.910849137597103,0.050576746463775635,4.424295568147119,0.000675201416015625
Bonafide,11311.png,True,668.8,678.9105224609375,12.42476101430817,0.04094874858856201,4.105170067225868,0.051517486572265625
Bonafide,11312.png,True,742.4,630.3829956054688,18.13955130909193,0.030394308269023895,5.321935907804526,0.16385269165039062
Bonafide,11322.png,True,622.4,247.4371795654297,10.993835614546414,0.015694282948970795,4.5449354167348055,0.24058151245117188
Bonafide,11326.png,True,780.8,308.3143310546875,14.212109474682903,0.012812837958335876,3.6983565679451305,0.008991241455078125
Bonafide,11358.png,True,662.4,739.393310546875,9.17961310949312,0.031385812908411026,5.06876421799714,0.022350311279296875
Bonafide,11359.png,True,662.4,220.118896484375,15.330342823105406,0.00952813308686018,4.529430722351084,0.0006561279296875
Bonafide,11373.png,True,641.6,1327.9718017578125,10.491353666022746,0.06047304719686508,2.786346020285129,0.062343597412109375
Bonafide,11413.png,True,675.2,84.45674133300781,8.56713732202528,0.009681950323283672,3.1507044048900594,1.9073486328125e-05
Bonafide,11443.png,True,628.8,431.7569274902344,22.90594678051734,0.025401752442121506,5.650096313294461,0.008289337158203125
Bonafide,11463.png,True,694.4,414.2566223144531,19.6745039603212,0.037122692912817,3.804322428287853,0.10140609741210938
Bonafide,11483.png,True,630.4,272.924560546875,14.297502408793543,0.015879984945058823,4.3168354379207345,0.004119873046875
Bonafide,11506.png,True,748.8,631.0867919921875,10.549242789417843,0.03288814425468445,4.894535836272594,0.2629890441894531
Bonafide,11507.png,True,657.6,164.75112915039062,20.64527904015297,0.020636310800909996,5.106700260532597,0.006984710693359375
Bonafide,11513.png,True,683.2,404.9786071777344,13.155937308941047,0.01992153748869896,3.975070067953288,0.004016876220703125
Bonafide,11519.png,True,569.6,1060.69873046875,15.095219185727954,0.028214357793331146,5.099089930027414,0.052875518798828125
Bonafide,11541.png,True,648.0,324.5307922363281,10.70793037040552,0.027233485132455826,5.382714739163946,0.00677490234375
Bonafide,11567.png,True,704.0,469.8199157714844,4.94526986036117,0.037783410400152206,4.542179807517288,0.052562713623046875
Bonafide,11634.png,True,692.8,317.92388916015625,11.255806414250648,0.015303590334951878,4.559051557580438,0.20328521728515625
Bonafide,11644.png,True,611.2,456.2552490234375,9.829016950129885,0.0209034476429224,5.23230918860951,0.06014251708984375
Bonafide,11728.png,True,683.2,303.2817687988281,13.825986746899021,0.01682969182729721,5.77976672007276,0.07131576538085938
Bonafide,11781.png,True,683.2,150.171142578125,14.353267160532912,0.011434192769229412,5.720103988402782,0.00012969970703125
Bonafide,11786.png,True,579.2,156.49200439453125,16.900247348044886,0.0076694912277162075,4.185435406341822,0.01499176025390625
Bonafide,11807.png,True,670.4,99.87769317626953,9.891849826208544,0.009042598307132721,4.8704750486539234,0.01026153564453125
Bonafide,11810.png,True,702.4,127.58448791503906,8.86605732239382,0.016941828653216362,3.833812900351471,0.0
Bonafide,11838.png,True,718.4,291.49468994140625,12.34943497126605,0.01868887059390545,5.058431906594625,0.013652801513671875
Bonafide,11886.png,True,628.8,255.72671508789062,9.832766771717845,0.023383645340800285,3.5991016592044636,0.001491546630859375
Bonafide,11953.png,True,633.6,96.80309295654297,16.16677238802534,0.015304036438465118,3.66244412984602,1.9073486328125e-05
Bonafide,11957.png,True,544.0,172.85198974609375,23.044145959949002,0.023293783888220787,4.835026834787984,3.814697265625e-06
Bonafide,11981.png,True,668.8,593.6136474609375,11.613844392858159,0.05717736855149269,4.445299663429166,0.000675201416015625
Bonafide,11999.png,False,,619.1624145507812,17.872912923112022,0.025301670655608177,4.071304861831996,0.0287322998046875
Bonafide,12009.png,True,640.0,341.6052551269531,8.803440883456789,0.03652120754122734,4.497088289250307,0.00460052490234375
Bonafide,12022.png,True,744.0,833.483154296875,32.72246815986978,0.04538129270076752,5.12777123147418,0.017482757568359375
Bonafide,12024.png,True,680.0,588.4633178710938,11.60673113293609,0.04276416078209877,6.472765045533241,0.026611328125
Bonafide,12030.png,True,636.8,450.8003234863281,15.613601336573637,0.024638298898935318,3.529130732131854,0.01300048828125
Bonafide,12062.png,True,696.0,196.05755615234375,24.88936155583591,0.030339233577251434,4.127765953009075,2.288818359375e-05
Bonafide,12103.png,True,704.0,92.4749755859375,10.679638297445335,0.007077889516949654,4.353340664101403,0.018146514892578125
Bonafide,12122.png,True,691.2,922.8704833984375,13.694958257311216,0.05365926772356033,5.248273434791659,0.01678466796875
Bonafide,12145.png,True,763.2,231.9090118408203,11.23624269879692,0.026401128619909286,5.270127542122031,0.000385284423828125
Bonafide,12163.png,True,683.2,162.63319396972656,8.452855645003476,0.022976288571953773,4.275257773474675,0.13944625854492188
Bonafide,12174.png,True,694.4,308.5515441894531,9.94767224333265,0.025734901428222656,4.815237502456787,0.0056304931640625
Bonafide,12188.png,True,662.4,510.82781982421875,12.110463040052728,0.041499488055706024,4.415419491338552,0.00384521484375
Bonafide,12189.png,True,675.2,329.7503356933594,25.053082970929555,0.01769310049712658,3.706464928643935,0.08744430541992188
Bonafide,12207.png,True,638.4,584.75390625,9.346159582029292,0.05306261032819748,4.806541121712623,0.045040130615234375
Bonafide,12214.png,True,662.4,539.4236450195312,16.54802453022999,0.029853370040655136,5.646614807537254,0.2509765625
Bonafide,12249.png,True,707.2,539.4879150390625,9.898324674655631,0.023820331320166588,4.237866084022211,0.005889892578125
Bonafide,12269.png,True,710.4,719.1708374023438,20.02041198562036,0.04792100936174393,4.481072081086978,0.021747589111328125
Bonafide,12278.png,True,713.6,280.28070068359375,8.374678365600438,0.013256377540528774,4.951747516673795,5.340576171875e-05
Bonafide,12302.png,True,732.8,449.6880187988281,11.437939155914206,0.027926024049520493,3.9698192011439932,0.004131317138671875
Bonafide,12320.png,True,595.2,489.892333984375,27.398676085424807,0.03472254052758217,3.125784152919591,0.04869842529296875
Bonafide,12332.png,True,656.0,450.4712829589844,10.506320128034373,0.030168253928422928,4.621695547849632,5.340576171875e-05
Bonafide,12349.png,True,704.0,218.82772827148438,13.594655083013732,0.014888681471347809,2.8729114672014555,0.0001068115234375
Bonafide,12357.png,True,643.2,244.0702362060547,14.32792013740385,0.011642009019851685,3.9676556671721825,0.0811614990234375
Bonafide,12368.png,True,680.0,197.0510711669922,14.325516976562263,0.010819083079695702,5.394801948890988,0.051296234130859375
Bonafide,12383.png,True,737.6,294.2851257324219,23.4679760594041,0.015326274558901787,5.193498358124902,0.000152587890625
Bonafide,12385.png,True,697.6,101.69732666015625,9.925927220671662,0.008103527128696442,4.446060890152514,3.814697265625e-06
Bonafide,12412.png,True,643.2,206.23126220703125,10.508567363883278,0.009814715012907982,3.9260668798453184,0.001239776611328125
Bonafide,12444.png,True,726.4,417.89984130859375,8.416037630897323,0.025962164625525475,5.043490372216666,0.001285552978515625
Bonafide,12461.png,True,689.6,186.08432006835938,12.274125115487326,0.014742801897227764,6.02575434891782,1.9073486328125e-05
Bonafide,12465.png,True,609.6,311.9895935058594,10.295727729623119,0.02972659282386303,4.5458831453171955,0.044708251953125
Bonafide,12471.png,True,675.2,240.70030212402344,9.316581002299843,0.009370611980557442,5.115088279061054,0.34249114990234375
Bonafide,12481.png,True,552.0,616.642822265625,10.376621291558177,0.05164741352200508,4.78118724673724,0.000774383544921875
Bonafide,12482.png,True,675.2,853.45654296875,17.792553423975317,0.05113915354013443,4.752578783543275,0.00362396240234375
Bonafide,12533.png,True,627.2,104.81758880615234,11.241050748557358,0.009027238003909588,5.402430628655567,0.0001678466796875
Bonafide,12562.png,True,651.2,183.30210876464844,18.1178627310333,0.005515056662261486,4.814826390421916,0.08491134643554688
Bonafide,12569.png,True,715.2,540.9827270507812,14.997682552199516,0.01920502446591854,4.295188832257566,0.08394241333007812
Bonafide,12605.png,True,750.4,149.499755859375,11.103874933282002,0.008418144658207893,3.0750909130437956,0.08296585083007812
Bonafide,12616.png,True,667.2,1927.0966796875,12.536250703497574,0.10188563168048859,4.02215975769823,0.0695953369140625
Bonafide,12702.png,True,657.6,250.5188751220703,16.199722247941985,0.015783468261361122,4.369589811306264,0.000507354736328125
Bonafide,12705.png,True,668.8,211.0009002685547,15.152910004153844,0.012287137098610401,4.434682068062796,0.00083160400390625
Bonafide,12714.png,True,660.8,165.70350646972656,10.167022338963799,0.00955784972757101,5.285045897866641,0.047046661376953125
Bonafide,12735.png,True,664.0,597.6253051757812,15.701433977974386,0.0182549599558115,2.8813312809163367,0.001598358154296875
Bonafide,12770.png,True,628.8,205.90150451660156,8.470371617678065,0.01590401865541935,4.778286786926366,0.0011138916015625
Bonafide,12818.png,True,688.0,305.36688232421875,12.240191717704162,0.014474498108029366,4.48749092332268,0.0086212158203125
Bonafide,12871.png,True,612.8,343.4687805175781,13.933721532730251,0.03149021416902542,4.015000392758363,0.0012359619140625
Bonafide,12872.png,True,716.8,244.4858856201172,10.642682665043909,0.02245412953197956,5.003243082675432,9.918212890625e-05
Bonafide,12880.png,True,640.0,212.7247314453125,10.481407186957993,0.01492723636329174,4.511730040140621,0.009449005126953125
Bonafide,12934.png,True,651.2,534.7888793945312,11.285069794988432,0.05501943081617355,4.58096089401239,6.866455078125e-05
Bonafide,12979.png,True,657.6,241.26629638671875,13.656275082189781,0.024013521149754524,2.988943707236259,0.00016021728515625
Bonafide,12994.png,True,632.0,405.7276916503906,12.117169934452697,0.0264902263879776,5.208732262402129,0.00048065185546875
Bonafide,12998.png,True,648.0,151.9801483154297,19.516368666050628,0.020482314750552177,4.604152071545148,0.010265350341796875
Bonafide,13013.png,True,640.0,269.8270263671875,13.988154946579458,0.018411295488476753,3.9632094679034773,0.0198516845703125
Bonafide,13037.png,True,718.4,446.4352111816406,12.270487794240598,0.020993409678339958,3.720000908472022,0.1737518310546875
Bonafide,13045.png,True,675.2,267.223388671875,23.76612538531507,0.037552040070295334,3.878067404542334,3.814697265625e-06
Bonafide,13046.png,True,729.6,407.4618835449219,16.04822320099835,0.03470169007778168,4.396195133721511,0.003269195556640625
Bonafide,13079.png,True,587.2,300.81658935546875,11.005966415451706,0.02491047792136669,4.581533425955594,0.007106781005859375
Bonafide,13121.png,True,680.0,455.9479064941406,12.277751829765085,0.027705984190106392,4.462629061406919,0.001544952392578125
Bonafide,13124.png,True,672.0,186.61309814453125,13.635078944479227,0.016482753679156303,5.375039899401715,0.051151275634765625
Bonafide,13152.png,True,747.2,833.9512939453125,16.05629509479454,0.052973199635744095,4.238317829952102,0.014400482177734375
Bonafide,13157.png,True,660.8,235.38661193847656,16.377562611264658,0.016678525134921074,4.217665417306102,8.7738037109375e-05
Bonafide,13247.png,True,729.6,231.7775115966797,11.543459417482161,0.01657341793179512,4.308252563157783,0.04026031494140625
Bonafide,13257.png,True,705.6,267.5734558105469,13.593101098366521,0.00907259900122881,5.240766477325417,0.24547576904296875
Bonafide,13328.png,True,740.8,659.7788696289062,50.64863343825556,0.03665624186396599,3.98445036767305,0.003528594970703125
Bonafide,13344.png,True,606.4,398.4419250488281,14.341014478630504,0.017807383090257645,4.6297896896543485,0.3963165283203125
Bonafide,13345.png,True,665.6,401.0361633300781,14.462201590707348,0.021239982917904854,3.4175196270940136,0.028163909912109375
Bonafide,13355.png,True,673.6,116.24372100830078,12.784607091047809,0.012446879409253597,3.9039704166549134,0.14922714233398438
Bonafide,13357.png,True,662.4,1011.2437133789062,7.372823753950946,0.04945751279592514,3.8086923905017964,0.035587310791015625
Bonafide,13363.png,True,649.6,301.3367919921875,19.55642892668344,0.011659186333417892,4.474134120854547,0.08867263793945312
Bonafide,13382.png,True,617.6,391.3543701171875,9.118573749920387,0.030576104298233986,5.503921459311938,0.002368927001953125
Bonafide,13386.png,True,704.0,210.80685424804688,10.174330527708879,0.020550288259983063,3.6791725698241806,0.053112030029296875
Bonafide,13388.png,True,662.4,191.26324462890625,27.273076684368252,0.028836151584982872,3.654146478189948,0.095916748046875
Bonafide,13396.png,True,736.0,606.0617065429688,10.649588241053507,0.018117008730769157,4.7227518662487435,0.224456787109375
Bonafide,13410.png,True,672.0,360.201416015625,10.596230723224927,0.025916460901498795,5.042358204985612,0.019771575927734375
Bonafide,13414.png,True,720.0,330.3172912597656,15.98796970290107,0.02844352461397648,2.747950367303438,0.000202178955078125
Bonafide,13461.png,True,670.4,138.78945922851562,12.46194961504582,0.014020530506968498,4.919132374237394,0.00032806396484375
Bonafide,13478.png,True,667.2,138.53851318359375,12.193750747667053,0.008394764736294746,4.687715213669652,0.00617218017578125
Bonafide,13497.png,True,672.0,361.7343444824219,28.042389505844948,0.023364968597888947,6.14046718053743,0.12899017333984375
Bonafide,13502.png,True,627.2,191.02947998046875,25.29379969988284,0.01520159188657999,3.7236884991445582,0.026943206787109375
Bonafide,13530.png,True,683.2,281.1756896972656,6.789551133875442,0.0262175053358078,4.747358202771484,2.288818359375e-05
Bonafide,13537.png,True,643.2,201.85093688964844,6.502304938616388,0.01796814426779747,3.5971994388093327,0.004207611083984375
Bonafide,13562.png,True,694.4,208.36276245117188,14.866438093728553,0.010145089589059353,4.558801422618688,0.4199943542480469
Bonafide,13568.png,True,684.8,233.3225555419922,10.204916481466565,0.01582740619778633,4.402682283659079,0.01096343994140625
Bonafide,13582.png,True,691.2,398.54351806640625,12.976792328484773,0.015678253024816513,4.712622961518927,0.3250579833984375
Bonafide,13583.png,True,715.2,398.33990478515625,9.319837746942873,0.03193078562617302,4.378168096898017,0.03089141845703125
Bonafide,13597.png,True,700.8,165.26466369628906,14.732092056749723,0.007027970161288977,4.468093860801087,0.00140380859375
Bonafide,13610.png,True,670.4,396.3288879394531,12.456211463234329,0.01618967205286026,5.564827089811799,0.026485443115234375
Bonafide,13620.png,True,716.8,226.62403869628906,7.681306705421187,0.013938612304627895,4.597397887198242,0.024837493896484375
Bonafide,13638.png,True,806.4,437.5635681152344,15.835119847022712,0.02709418162703514,4.607253204852833,0.015995025634765625
Bonafide,13640.png,True,628.8,106.44126892089844,11.933276336734277,0.010453902184963226,5.469550595023667,7.2479248046875e-05
Bonafide,13695.png,True,659.2,357.51971435546875,11.868989041023914,0.04879925400018692,5.196516364147343,0.000148773193359375
Bonafide,13715.png,True,712.0,391.7704772949219,12.538201542120783,0.015541797503829002,4.183202460880139,0.044406890869140625
Bonafide,13719.png,True,712.0,781.1885986328125,11.19246987647448,0.0331319235265255,4.807199314374864,1.52587890625e-05
Bonafide,13753.png,True,670.4,424.7987976074219,11.222857746036588,0.01620466448366642,4.443137434854046,0.013179779052734375
Bonafide,13777.png,True,624.0,219.64645385742188,28.68679028397461,0.017517803236842155,3.7177391435368974,0.000423431396484375
Bonafide,13836.png,True,700.8,407.277587890625,8.653709477723211,0.024509619921445847,3.9401850619101446,0.019794464111328125
Bonafide,13871.png,True,788.8,515.92236328125,22.579297732507044,0.04449290409684181,4.08050966657322,0.017047882080078125
Bonafide,13890.png,True,649.6,504.362548828125,20.62534084429835,0.02128654345870018,5.424959519680074,0.036396026611328125
Bonafide,13925.png,True,630.4,501.5393371582031,8.5535449416618,0.03431320935487747,5.019475860261135,0.001094818115234375
Bonafide,13993.png,True,627.2,447.9646911621094,17.53435642742399,0.023730503395199776,4.62248829674328,0.00188446044921875
Bonafide,13999.png,True,644.8,260.76025390625,11.309328952626982,0.014637848362326622,3.9521041799338312,6.866455078125e-05
Bonafide,14019.png,True,651.2,214.50181579589844,16.11050122746319,0.014901812188327312,4.460406052801246,0.061305999755859375
Bonafide,14036.png,True,638.4,679.8005981445312,8.630918031442112,0.023686794564127922,5.17133405409658,0.0503082275390625
Bonafide,14055.png,True,636.8,635.3065795898438,11.128738897717845,0.020671499893069267,4.965822332975787,0.18037796020507812
Bonafide,14062.png,True,710.4,345.49261474609375,14.195149276233956,0.03139876574277878,4.180421900887711,7.2479248046875e-05
Bonafide,14066.png,True,579.2,395.01226806640625,13.369280448148587,0.03756921365857124,5.060881829446081,0.03643035888671875
Bonafide,14067.png,True,643.2,1087.9239501953125,22.653544290498047,0.030208636075258255,3.4658606515576516,0.192657470703125
Bonafide,14083.png,True,611.2,164.25830078125,20.74875453996298,0.011078336276113987,3.5319163761967083,0.2128753662109375
Bonafide,14088.png,True,688.0,198.012451171875,14.326877264562654,0.014833752065896988,4.414400682898433,0.000324249267578125
Bonafide,14164.png,True,705.6,361.7003173828125,12.613978262819522,0.04428430274128914,4.8527144317104725,0.11547470092773438
Bonafide,14201.png,True,667.2,267.5606994628906,16.765491785575094,0.014754124917089939,5.199636530750924,0.02732086181640625
Bonafide,14215.png,True,691.2,560.0715942382812,14.509175162056959,0.025668900460004807,4.44606317521921,0.14746475219726562
Bonafide,14220.png,True,702.4,480.86297607421875,17.178286706897953,0.02423766441643238,4.06259278586849,0.005645751953125
Bonafide,14224.png,True,696.0,209.23196411132812,10.765242964013963,0.016560541465878487,4.7793937060580385,0.006992340087890625
Bonafide,14261.png,True,644.8,307.6735534667969,13.177202034199887,0.017791971564292908,4.884792830133646,0.12545394897460938
Bonafide,14285.png,True,705.6,252.24020385742188,14.378435414448338,0.014179213903844357,3.2468931667222227,0.000614166259765625
Bonafide,14392.png,True,692.8,437.60125732421875,16.252543634170365,0.019534721970558167,4.4692191665356775,0.0047149658203125
Bonafide,14394.png,True,662.4,938.1646728515625,14.46372000979153,0.028259972110390663,4.729784418448163,0.002475738525390625
Bonafide,14397.png,True,622.4,254.43943786621094,10.403610237582482,0.012386585585772991,4.449032125562273,0.1046905517578125
Bonafide,14407.png,True,707.2,176.85244750976562,27.153556526623838,0.011196342296898365,3.73356739744496,0.0012359619140625
Bonafide,14413.png,True,766.4,537.4181518554688,16.57808537343758,0.03305154666304588,5.3459051055891775,0.10401535034179688
Bonafide,14416.png,True,657.6,370.5469665527344,10.541274501949593,0.019385186955332756,4.472966079217051,0.00032806396484375
Bonafide,14419.png,True,649.6,229.17251586914062,9.075080607318394,0.011594056151807308,3.1629137630496573,0.10688018798828125
Bonafide,14439.png,True,609.6,139.03941345214844,8.72944179089723,0.02513081021606922,4.863551316678732,0.000732421875
Bonafide,14511.png,True,668.8,255.76710510253906,11.810010791604833,0.013420658186078072,6.434877157421485,0.08029556274414062
Bonafide,14512.png,True,715.2,271.8443603515625,9.015045912773688,0.015320273116230965,4.44023850990087,0.00222015380859375
Bonafide,14515.png,True,718.4,170.63397216796875,7.829207762839725,0.017862660810351372,3.025054700108063,2.6702880859375e-05
Bonafide,14540.png,True,593.6,214.15689086914062,8.847690120106803,0.023823026567697525,4.856024172190273,0.00074005126953125
Bonafide,14555.png,True,710.4,182.54931640625,13.012242040335122,0.014405456371605396,5.596203501624979,0.00016021728515625
Bonafide,14593.png,True,700.8,388.28765869140625,16.431614211583476,0.021281154826283455,3.706840709161359,0.027828216552734375
Bonafide,14619.png,False,,298.7460021972656,10.478100908894808,0.01961461640894413,4.105619628633848,0.043910980224609375
Bonafide,14663.png,True,708.8,335.614501953125,10.88542954261222,0.026451274752616882,5.004336260642032,0.042240142822265625
Bonafide,14678.png,True,688.0,203.87290954589844,10.684451916752916,0.013133887201547623,4.5330228604542775,0.008548736572265625
Bonafide,14686.png,True,689.6,275.6306457519531,10.453680254538659,0.016496652737259865,4.786741467156751,0.034580230712890625
Bonafide,14701.png,True,555.2,207.36520385742188,9.552888487305061,0.024367529898881912,5.138982773519155,0.002117156982421875
Bonafide,14708.png,True,680.0,325.61834716796875,12.15910416596409,0.02308638207614422,3.150031366802335,0.0041656494140625
Bonafide,14713.png,True,750.4,688.2506713867188,10.474670332591058,0.0468328632414341,4.908758437283736,9.5367431640625e-05
Bonafide,14723.png,True,660.8,271.6615295410156,8.980579353935672,0.016145041212439537,4.222093522716327,0.10559844970703125
Bonafide,14735.png,True,696.0,296.4013671875,8.853067691531647,0.019573045894503593,4.9609345657163875,0.2136993408203125
Bonafide,14742.png,True,652.8,1148.97216796875,11.526784188997047,0.07195907831192017,3.402818555895321,0.00360107421875
Bonafide,14764.png,True,688.0,286.4908752441406,10.758684308267984,0.023881807923316956,3.5767958012128647,0.000217437744140625
Bonafide,14784.png,True,748.8,685.4152221679688,17.234261272334617,0.031494054943323135,4.584952710339369,0.040515899658203125
Bonafide,14812.png,True,699.2,316.8932189941406,9.979513787536563,0.020954947918653488,4.53097096938521,0.11934280395507812
Bonafide,14822.png,True,622.4,49.92451477050781,27.44132987779527,0.005662541836500168,3.4409408264872727,0.015323638916015625
Bonafide,14862.png,True,702.4,216.1482696533203,16.093543386402125,0.014230800792574883,4.6383734605148135,0.371917724609375
Bonafide,14885.png,True,662.4,164.5091552734375,27.208468635431423,0.011881472542881966,2.8112880400811897,3.814697265625e-06
Bonafide,14899.png,True,699.2,1008.3461303710938,16.479052822337888,0.024122457951307297,3.5002009916931023,0.014240264892578125
Bonafide,14909.png,True,678.4,191.4072723388672,9.959396677556114,0.013339340686798096,4.60680914108241,0.001079559326171875
Bonafide,14921.png,True,686.4,155.66941833496094,11.047276435346697,0.008225828409194946,5.2779625426891315,0.008056640625
Bonafide,14930.png,True,731.2,517.1253051757812,8.647395920562909,0.03929821029305458,4.465519921174853,0.015651702880859375
Bonafide,14977.png,True,651.2,198.4077911376953,24.599497745554235,0.022795939818024635,3.4567143484991174,0.034008026123046875
Bonafide,15038.png,True,737.6,184.48463439941406,11.706402947835986,0.026280194520950317,4.762307030568308,0.00653839111328125
Bonafide,15084.png,True,670.4,453.26025390625,9.413720241131132,0.03892743960022926,4.641479390097685,0.18615341186523438
Bonafide,15121.png,True,628.8,412.8756408691406,16.85919774307813,0.014687386341392994,4.417318600113076,0.01267242431640625
Bonafide,15132.png,True,712.0,340.97943115234375,29.170844065909186,0.022562196478247643,5.705114995393595,0.1700439453125
Bonafide,15139.png,True,612.8,485.8011474609375,19.24240346423297,0.024786652997136116,3.8319897531840033,0.003604888916015625
Bonafide,15140.png,True,657.6,305.4790344238281,18.520171787541937,0.030531182885169983,4.303426544730321,0.00769805908203125
Bonafide,15156.png,True,702.4,255.83714294433594,11.914648622960891,0.011227328330278397,4.01181898051547,0.002025604248046875
Bonafide,15170.png,True,680.0,227.1643524169922,11.891921507866627,0.016853230074048042,4.649056897973755,0.004688262939453125
Bonafide,15174.png,True,665.6,1168.46923828125,5.476447850748387,0.06511134654283524,4.3112825800789345,0.043548583984375
Bonafide,15219.png,True,726.4,196.63795471191406,12.368418928915643,0.010229173116385937,4.0255926768918355,2.288818359375e-05
Bonafide,15237.png,True,664.0,249.01504516601562,9.35802208079931,0.019047489389777184,3.7329684735487683,0.00229644775390625
Bonafide,15238.png,True,731.2,325.61785888671875,25.074385512135887,0.01553106214851141,5.026965047587446,0.0
Bonafide,15240.png,True,683.2,169.79835510253906,21.357700324718042,0.010481275618076324,5.025969174469036,0.010868072509765625
Bonafide,15243.png,True,691.2,202.3636474609375,9.768581231938583,0.015603723004460335,5.529179193334183,0.0156402587890625
Bonafide,15255.png,True,667.2,415.5008544921875,10.720210486273574,0.01905093900859356,5.34173608174529,0.00072479248046875
Bonafide,15286.png,True,712.0,346.4021301269531,15.487455394662444,0.027970463037490845,4.684732396465765,0.05037689208984375
Bonafide,15305.png,True,675.2,470.865478515625,17.644326647474415,0.025812551379203796,4.461681837715739,0.0181732177734375
Bonafide,15326.png,True,467.2,484.8741149902344,7.79210234652951,0.059112854301929474,3.332775424512219,0.000171661376953125
Bonafide,15336.png,True,683.2,188.88314819335938,13.507201705310456,0.012017090804874897,4.299838621536881,0.001018524169921875
Bonafide,15370.png,True,620.8,221.94676208496094,15.970304588374244,0.014288539998233318,5.14852108575068,0.000408172607421875
Bonafide,15376.png,True,697.6,1632.64599609375,12.135638818513353,0.07523874938488007,4.827377740900123,0.02391815185546875
Bonafide,15386.png,True,638.4,658.2662353515625,17.968908817351306,0.019536809995770454,3.954674493131504,0.12539291381835938
Bonafide,15390.png,True,627.2,173.09310913085938,16.36666807747582,0.01022195816040039,4.117270758529203,0.10002899169921875
Bonafide,15407.png,True,627.2,394.099609375,9.007731401382554,0.03493858128786087,3.914717997733333,0.042369842529296875
Bonafide,15421.png,True,659.2,155.4410400390625,23.289439935695295,0.014549178071320057,2.558231799765761,0.07089996337890625
Bonafide,15459.png,True,688.0,377.6013488769531,11.623344031334828,0.02230704016983509,5.4769417203415065,0.000446319580078125
Bonafide,15469.png,True,643.2,279.42315673828125,13.868314594046558,0.015337839722633362,5.242747538385186,0.00035858154296875
Bonafide,15470.png,True,600.0,825.6283569335938,12.355744440774536,0.05087034031748772,2.756369128341428,0.16482925415039062
Bonafide,15554.png,True,697.6,244.29026794433594,11.298521137548443,0.015542512759566307,4.608282226178124,0.035648345947265625
Bonafide,15581.png,True,598.4,338.4962158203125,15.201952974754677,0.02180500701069832,4.326738123117751,0.006778717041015625
Bonafide,15609.png,True,673.6,156.9296417236328,19.612081630817165,0.016222435981035233,4.002525645121959,0.001758575439453125
Bonafide,15636.png,True,651.2,363.47833251953125,12.407339148543555,0.011112536303699017,3.0893399621185655,0.339447021484375
Bonafide,15637.png,True,737.6,277.84564208984375,18.121440101224387,0.01867825910449028,4.1664445032394255,0.14652633666992188
Bonafide,15683.png,True,734.4,401.87030029296875,27.0400463734156,0.022045280784368515,4.574432413660988,0.19053268432617188
Bonafide,15699.png,True,625.6,322.3553771972656,20.23581243239911,0.019340189173817635,4.482346607176794,0.00273895263671875
Bonafide,15718.png,True,731.2,415.8049011230469,13.062691232739267,0.02014884166419506,3.378249064754026,0.002666473388671875
Bonafide,15722.png,True,660.8,197.90570068359375,12.756131673685866,0.016195274889469147,3.886773764331424,0.001453399658203125
Bonafide,15773.png,True,640.0,317.96429443359375,18.56924500881937,0.026314537972211838,5.215952659004132,0.022979736328125
Bonafide,15783.png,True,641.6,447.9393310546875,7.9218566512561,0.06049579381942749,4.447364144823193,0.23025894165039062
Bonafide,15787.png,True,686.4,251.7865753173828,11.740588657987185,0.023919599130749702,4.646381283695498,0.009342193603515625
Bonafide,15804.png,True,630.4,466.5864562988281,10.92407811252871,0.02068129926919937,3.2088728542559837,0.07329559326171875
Bonafide,15841.png,True,648.0,413.36553955078125,10.80895000006763,0.03384629637002945,5.259226356533838,2.6702880859375e-05
Bonafide,15843.png,True,654.4,190.04229736328125,23.59779525360019,0.014752522110939026,3.8282141863956474,0.007587432861328125
Bonafide,15851.png,True,643.2,335.4389953613281,9.687016618966213,0.028842484578490257,5.226371324473786,3.814697265625e-06
Bonafide,15860.png,True,635.2,315.24835205078125,8.66320784828363,0.01837988942861557,4.602528115139039,0.000118255615234375
Bonafide,15883.png,True,635.2,964.7637329101562,12.299007126375011,0.054456159472465515,5.228679084558105,0.044921875
Bonafide,15915.png,True,592.0,69.92138671875,13.585300034713791,0.003927682060748339,4.807536159901004,0.0150909423828125
Bonafide,15947.png,True,704.0,249.12319946289062,16.36353236090806,0.016416484490036964,4.429487570221099,0.00012969970703125
Bonafide,15965.png,True,665.6,403.4313049316406,13.984116854986713,0.023176200687885284,4.786349207579763,0.00121307373046875
Bonafide,15983.png,True,584.0,272.8077087402344,15.205267920052489,0.01536667998880148,4.772876628907061,0.009075164794921875
Bonafide,16038.png,True,705.6,384.55706787109375,17.086054693677195,0.04769006744027138,4.480006139362723,0.049945831298828125
Bonafide,16049.png,True,665.6,275.0210266113281,13.079470505532514,0.020109644159674644,4.217017107406956,0.007843017578125
Bonafide,16068.png,True,601.6,115.55207061767578,9.698332946504799,0.013634067960083485,6.156282035964103,0.012477874755859375
Bonafide,16079.png,True,728.0,300.1493835449219,8.375031835755202,0.02841237187385559,3.6430702040583287,0.024120330810546875
Bonafide,16102.png,True,688.0,316.0164794921875,14.258113578447077,0.01640002429485321,4.8309385311503465,0.00125885009765625
Bonafide,16116.png,True,745.6,421.4875183105469,19.625471161893735,0.014032244682312012,4.679727403601789,0.016963958740234375
Bonafide,16132.png,True,611.2,364.3285217285156,11.443035206015052,0.012604867108166218,4.487996342830201,0.19996261596679688
Bonafide,16170.png,True,644.8,349.8995056152344,8.33565850637512,0.034461308270692825,3.7981873609298415,7.62939453125e-06
Bonafide,16193.png,True,656.0,484.57403564453125,10.502702958837805,0.019820520654320717,6.490453305632096,0.0012359619140625
Bonafide,16205.png,True,582.4,210.87747192382812,14.070483547635094,0.020455220714211464,4.188243112497652,0.015712738037109375
Bonafide,16220.png,True,753.6,275.9977111816406,9.584660638588637,0.018977897241711617,4.767121787503374,0.014263153076171875
Bonafide,16223.png,True,721.6,340.4225158691406,19.523914813073652,0.015827670693397522,4.553071594466822,8.0108642578125e-05
Bonafide,16229.png,True,683.2,507.44281005859375,13.141186778769413,0.0158834345638752,5.302889473311432,0.06633758544921875
Bonafide,16241.png,True,632.0,472.4085388183594,7.797406522904852,0.02045683190226555,4.250187720625555,0.053802490234375
Bonafide,16243.png,True,582.4,350.9226989746094,13.831260165093028,0.016888819634914398,4.955689559290723,0.035907745361328125
Bonafide,16259.png,True,673.6,435.6404724121094,10.49478996109544,0.04030030593276024,3.817683579913266,0.0176849365234375
Bonafide,16260.png,True,740.8,265.7004699707031,10.96907672282342,0.018724486231803894,5.145391222610327,0.10559844970703125
Bonafide,16298.png,True,736.0,264.64532470703125,9.829390331799749,0.015913311392068863,4.93196335953423,0.12546539306640625
Bonafide,16311.png,True,643.2,87.40264129638672,10.697051634303087,0.006746877916157246,4.792227040628683,0.007831573486328125
Bonafide,16321.png,True,590.4,639.5533447265625,16.16724547612711,0.02662721835076809,3.9465648850435513,0.001506805419921875
Bonafide,16337.png,True,668.8,649.6785278320312,10.38793411934493,0.02779247798025608,5.050436415800938,0.037754058837890625
Bonafide,16367.png,True,577.6,289.99468994140625,9.772253892154426,0.018902750685811043,3.8818613370733956,0.06104278564453125
Bonafide,16397.png,True,540.8,227.70828247070312,13.231866457629927,0.012977357022464275,4.876856154665023,0.022327423095703125
Bonafide,16402.png,True,646.4,239.61143493652344,17.22596437482605,0.015076792798936367,5.918403862272284,0.010211944580078125
Bonafide,16405.png,True,608.0,490.16949462890625,20.29234835169108,0.021007290109992027,4.438905408914309,4.1961669921875e-05
Bonafide,16412.png,True,652.8,424.1357421875,11.060332241875344,0.029607614502310753,4.3012090696632095,0.03619384765625
Bonafide,16469.png,True,649.6,334.5447692871094,17.75621173784462,0.02144884131848812,4.037562940418964,6.103515625e-05
Bonafide,16486.png,True,598.4,286.5552978515625,28.78754044006926,0.028368674218654633,3.099278229636566,0.000514984130859375
Bonafide,16529.png,True,656.0,262.89605712890625,11.067409109366935,0.01677561365067959,4.446143890646927,0.003955841064453125
Bonafide,16535.png,True,683.2,589.5424194335938,14.2178748587334,0.015970734879374504,4.182084489773556,0.35105133056640625
Bonafide,16557.png,True,656.0,270.6809997558594,14.963167172446797,0.017618559300899506,5.088869003630035,0.0308990478515625
Bonafide,16581.png,True,707.2,461.3581848144531,13.426621697851106,0.02754083275794983,4.380636781159631,0.045764923095703125
Bonafide,16582.png,True,625.6,1064.5152587890625,22.201034944824862,0.04052657634019852,5.347162356022874,0.0216827392578125
Bonafide,16583.png,True,632.0,128.88504028320312,13.985612105939046,0.01397897582501173,4.529542208048709,0.00487518310546875
Bonafide,16599.png,True,721.6,222.09239196777344,14.81549589426124,0.017710154876112938,4.932897775883886,3.814697265625e-05
Bonafide,16600.png,True,734.4,379.2541198730469,9.195708174027754,0.020368071272969246,4.430524275144207,0.194305419921875
Bonafide,16603.png,True,678.4,195.80435180664062,15.353039291319439,0.012617225758731365,3.1774665906785993,0.040622711181640625
Bonafide,16639.png,True,649.6,606.4225463867188,11.675753701910626,0.019379982724785805,3.835180938896019,0.07083511352539062
Bonafide,16650.png,True,660.8,218.59945678710938,10.830900080535875,0.011191442608833313,4.4004300153074665,0.003398895263671875
Bonafide,16670.png,True,670.4,155.1160430908203,16.356851574531465,0.009951581247150898,5.488435709660547,0.0004119873046875
Bonafide,16704.png,True,648.0,781.5233154296875,12.60169374593073,0.03643656522035599,3.583293873755702,0.058803558349609375
Bonafide,16710.png,True,707.2,1180.6732177734375,21.135757842096606,0.06533887982368469,5.362609142900601,0.00521087646484375
Bonafide,16721.png,True,608.0,153.97579956054688,10.319712250623486,0.013871432282030582,4.442680014348502,0.3896369934082031
Bonafide,16780.png,True,627.2,161.03565979003906,19.802994755155602,0.011583617888391018,4.307377127288104,0.09442901611328125
Bonafide,16813.png,True,670.4,471.2743835449219,14.757960831076945,0.015202106907963753,4.636477504262307,0.036678314208984375
Bonafide,16843.png,True,684.8,326.21527099609375,12.544119935348188,0.02801717072725296,6.258430711002689,0.006500244140625
Bonafide,16850.png,True,675.2,331.43206787109375,14.51893067059916,0.022084150463342667,4.907295013454532,9.5367431640625e-05
Bonafide,16852.png,True,668.8,391.4532165527344,12.536178943767622,0.017322514206171036,4.249672391337566,0.32328033447265625
Bonafide,16861.png,True,649.6,214.2587890625,10.918978068243776,0.014097590930759907,2.589941024605791,0.4681358337402344
Bonafide,16865.png,True,744.0,143.3733367919922,8.777478350406819,0.012866384349763393,4.686437809880661,0.0001220703125
Bonafide,16873.png,True,673.6,213.39181518554688,8.210942885339565,0.01317405141890049,5.050897331975373,0.1671905517578125
Bonafide,16879.png,True,718.4,355.1405334472656,20.63726970574378,0.009729095734655857,5.726644948239413,0.002483367919921875
Bonafide,16909.png,True,627.2,283.6674499511719,17.525843244616752,0.02837248332798481,4.759389605621138,0.002956390380859375
Bonafide,16911.png,True,673.6,225.71266174316406,10.217081604453771,0.01394750364124775,4.738433900940833,0.02269744873046875
Bonafide,16924.png,True,721.6,289.11834716796875,11.905741758901941,0.012023788876831532,4.483625520031216,0.00141143798828125
Bonafide,16942.png,True,553.6,505.09539794921875,21.810718787375208,0.06590265780687332,4.510993930375635,0.000453948974609375
Bonafide,16979.png,True,673.6,193.6292724609375,9.689394363073346,0.013250160962343216,5.112484727800764,0.007152557373046875
Bonafide,16986.png,True,635.2,717.7462158203125,12.954799977864234,0.025652695447206497,4.331563517328025,0.010616302490234375
Bonafide,17004.png,True,731.2,284.693359375,15.176068210142123,0.058540452271699905,3.593861493525586,0.093414306640625
Bonafide,17017.png,True,632.0,582.4598999023438,14.762054328690764,0.02342480793595314,4.812672416787478,0.231597900390625
Bonafide,17053.png,True,665.6,149.6769561767578,8.043772845067316,0.018435396254062653,4.484329329414992,0.020206451416015625
Bonafide,17055.png,True,580.8,355.1476135253906,10.869365093752947,0.022101039066910744,3.784798088055991,0.050201416015625
Bonafide,17058.png,True,747.2,957.9513549804688,12.74889090276054,0.06043403968214989,5.016049748778974,0.15211105346679688
Bonafide,17088.png,True,638.4,139.75067138671875,10.883179942498222,0.01143638975918293,3.7551556110966073,1.9073486328125e-05
Bonafide,17093.png,True,659.2,427.561279296875,12.980645026149906,0.02167580835521221,4.037363209390815,0.16849899291992188
Bonafide,17105.png,True,676.8,854.3478393554688,17.553880443006193,0.02739870361983776,4.727364462640118,0.045299530029296875
Bonafide,17162.png,True,699.2,160.6071014404297,14.392736642485206,0.014215284958481789,5.6972426512228855,1.1444091796875e-05
Bonafide,17164.png,True,700.8,326.23126220703125,11.034158627389465,0.019327687099575996,5.797031853855367,0.01654052734375
Bonafide,17191.png,True,745.6,453.76165771484375,16.826176923301635,0.013439475558698177,2.55629868445522,0.017765045166015625
Bonafide,17205.png,True,675.2,344.35675048828125,16.56844686050346,0.018351063132286072,4.784805952570504,0.0003204345703125
Bonafide,17227.png,True,652.8,309.8091735839844,9.948571914333089,0.022442666813731194,5.1083399656125055,0.005771636962890625
Bonafide,17239.png,True,643.2,348.960205078125,15.39846202693977,0.016014844179153442,5.690226383624635,0.039432525634765625
Bonafide,17246.png,True,652.8,624.7512817382812,11.436829053481047,0.017835482954978943,4.223345755234513,0.005832672119140625
Bonafide,17275.png,True,681.6,295.57012939453125,9.792577325818755,0.02576824650168419,5.0692370012663925,0.022216796875
Bonafide,17280.png,True,648.0,431.0451354980469,16.76076736156689,0.036088425666093826,4.718011129883674,0.002323150634765625
Bonafide,17336.png,True,641.6,320.068115234375,27.05846498840885,0.024536356329917908,5.223298307154464,0.01740264892578125
Bonafide,17343.png,True,699.2,143.3763885498047,27.508837378552823,0.008112277835607529,4.632127436070933,0.00550079345703125
Bonafide,17356.png,True,644.8,483.2985534667969,8.304653704700424,0.027529409155249596,4.335089693841297,0.13547134399414062
Bonafide,17394.png,True,771.2,242.66925048828125,11.672193145127872,0.026342712342739105,5.294732148354716,0.013671875
Bonafide,17406.png,True,704.0,1774.2301025390625,16.18500396644233,0.06910645216703415,3.2725062050797,0.004932403564453125
Bonafide,17419.png,True,644.8,915.9307861328125,10.536582735545245,0.025619501248002052,4.266919591972609,0.07564926147460938
Bonafide,17420.png,True,609.6,269.3070068359375,13.949118786017733,0.025720829144120216,4.68467531919784,8.7738037109375e-05
Bonafide,17429.png,True,728.0,227.95166015625,10.24030335633546,0.013800790533423424,5.4460705826342615,0.00478363037109375
Bonafide,17436.png,True,638.4,1457.6204833984375,9.77816941876956,0.04628162458539009,4.658546817869271,0.021167755126953125
Bonafide,17441.png,True,672.0,198.1422882080078,4.8329518981766535,0.019320443272590637,5.315394158987808,1.52587890625e-05
Bonafide,17456.png,True,681.6,201.7179412841797,10.01481253181417,0.023060424253344536,3.837915223840588,2.288818359375e-05
Bonafide,17492.png,True,672.0,248.6170654296875,23.982216403931275,0.013716294430196285,5.310380173939305,0.002105712890625
Bonafide,17496.png,True,665.6,124.9962158203125,11.764680195902338,0.010811572894454002,4.282180159749602,5.7220458984375e-05
Bonafide,17558.png,True,616.0,891.872802734375,16.147582477534776,0.03493218496441841,5.070482325792338,0.2037353515625
Bonafide,17621.png,True,638.4,161.89393615722656,13.603031878409173,0.011533569544553757,5.302613333613825,7.62939453125e-06
Bonafide,17627.png,True,691.2,631.3110961914062,20.66583523347892,0.02406986616551876,4.016381219815472,0.002918243408203125
Bonafide,17644.png,True,636.8,467.5457458496094,23.63287559686934,0.03534432500600815,4.428333737349302,0.12569427490234375
Bonafide,17655.png,True,648.0,617.4093627929688,13.51436736420324,0.0251335296779871,4.331155453901273,0.0617828369140625
Bonafide,17714.png,True,596.8,216.86062622070312,8.936531079578664,0.013933681882917881,4.833878381019203,0.002536773681640625
Bonafide,17723.png,True,600.0,218.6757049560547,11.178179162336106,0.01713855192065239,4.078316579378571,0.023014068603515625
Bonafide,17757.png,True,659.2,489.18609619140625,10.480402284022675,0.016501229256391525,5.865451692562102,0.16742706298828125
Bonafide,17761.png,True,636.8,313.00250244140625,13.953929477419177,0.021331267431378365,4.873493025764965,0.16216278076171875
Bonafide,17794.png,True,622.4,913.691162109375,12.570397094959572,0.04041651263833046,4.990156391978137,0.11519241333007812
Bonafide,17795.png,True,726.4,288.9997863769531,10.547843949420052,0.014016197063028812,4.322213156330271,0.4238853454589844
Bonafide,17798.png,True,646.4,201.4779052734375,8.468676611628094,0.01582583226263523,3.7925795796481263,0.001399993896484375
Bonafide,17801.png,True,636.8,155.40325927734375,9.027363581243561,0.007720309309661388,4.7446283191143594,0.0222015380859375
Bonafide,17879.png,True,624.0,170.4135284423828,10.406531279824845,0.009610402397811413,4.543066145046888,0.07281112670898438
Bonafide,17889.png,True,670.4,278.02618408203125,8.355319604115964,0.02588215097784996,3.1813440726566666,0.0336456298828125
Bonafide,17894.png,True,681.6,329.0413513183594,8.551704898065308,0.03381788730621338,4.262746054198613,0.000690460205078125
Bonafide,17896.png,True,585.6,235.19715881347656,15.572666918398266,0.007752999197691679,5.376285598117068,0.0150146484375
Bonafide,17898.png,True,654.4,647.9945068359375,12.696876054539304,0.023555776104331017,5.8399857774841735,0.06546401977539062
Bonafide,17905.png,True,651.2,235.2598876953125,13.275498622103788,0.009454016573727131,4.31260308248661,0.1198577880859375
Bonafide,17909.png,True,708.8,413.9667663574219,17.42023170465302,0.01987311616539955,5.1676311466273415,0.041728973388671875
Bonafide,17936.png,True,640.0,197.5041046142578,12.033845210335004,0.00823664478957653,5.418290416076732,0.251312255859375
Bonafide,17966.png,True,702.4,393.5607604980469,23.302068768452752,0.02751023694872856,5.119631204489612,0.0020751953125
Bonafide,17986.png,True,553.6,333.2502136230469,19.153420114721555,0.02775038778781891,5.972759705293954,0.004150390625
Bonafide,18016.png,True,713.6,306.5779724121094,12.108512069494077,0.022117620334029198,6.151735419744059,7.62939453125e-06
Bonafide,18033.png,True,723.2,706.480712890625,14.41044396073348,0.02686556801199913,4.0230077106622355,0.10364151000976562
Bonafide,18046.png,True,705.6,364.89056396484375,15.02773991529167,0.016107313334941864,2.6167364425949535,0.000244140625
Bonafide,18101.png,True,633.6,440.37823486328125,10.735483217113106,0.01862829178571701,4.477019810694839,0.09310150146484375
Bonafide,18115.png,True,683.2,300.484375,8.981213748417888,0.03815578296780586,4.216645610570157,3.814697265625e-06
Bonafide,18159.png,True,668.8,338.1340637207031,10.181213163960912,0.031137997284531593,4.648484454555109,0.001354217529296875
Bonafide,18173.png,True,673.6,455.06488037109375,11.90571605476011,0.027211850509047508,4.558599702232603,0.1064910888671875
Bonafide,18181.png,True,713.6,316.92047119140625,10.110916907825551,0.008942137472331524,4.829034370794455,0.2416839599609375
Bonafide,18190.png,True,603.2,414.051025390625,17.67052178134951,0.01593885011970997,5.218178686776451,0.11172103881835938
Bonafide,18214.png,True,675.2,353.8767395019531,11.734036733762704,0.02278865873813629,5.047588209338607,0.0038299560546875
Bonafide,18226.png,True,686.4,215.47315979003906,9.151760874273933,0.011781629174947739,5.09026762432541,0.0621185302734375
Bonafide,18231.png,True,678.4,221.59451293945312,8.924676229277878,0.010170625522732735,3.726920672811424,7.62939453125e-06
Bonafide,18258.png,True,710.4,325.10943603515625,17.453430034349424,0.021648459136486053,4.424029609855379,0.053279876708984375
Bonafide,18267.png,True,686.4,137.45558166503906,10.181727436227415,0.02257074974477291,4.278103578480211,5.340576171875e-05
Bonafide,18268.png,True,652.8,425.23455810546875,21.08123265245627,0.025282377377152443,5.082928672419057,0.0067291259765625
Bonafide,18270.png,True,694.4,449.95263671875,16.59215542303143,0.0244392491877079,4.447478252951876,0.073638916015625
Bonafide,18289.png,True,563.2,211.7898406982422,9.514114207770321,0.012525997124612331,4.692029165944425,0.00018310546875
Bonafide,18298.png,True,672.0,292.296142578125,8.455319250038698,0.021440021693706512,4.63007718813489,0.10408782958984375
Bonafide,18325.png,True,708.8,219.80599975585938,17.172549272732383,0.02732834778726101,4.156927241123588,0.0178375244140625
Bonafide,18345.png,True,704.0,349.87078857421875,14.065817559201456,0.02480826899409294,3.373430932009277,0.00460052490234375
Bonafide,18346.png,True,625.6,209.54458618164062,11.419351836364795,0.011652262881398201,4.164252010786535,1.9073486328125e-05
Bonafide,18350.png,True,593.6,272.28045654296875,13.432485358764097,0.01639609970152378,4.437678472131516,0.00131988525390625
Bonafide,18357.png,True,676.8,338.063232421875,14.409432447076657,0.02146086096763611,5.1924312515260835,0.017608642578125
Bonafide,18382.png,True,643.2,503.6086120605469,15.84891475571609,0.0229096170514822,4.158862047929861,0.031620025634765625
Bonafide,18390.png,True,667.2,413.7538146972656,8.827531142164334,0.022028464823961258,5.3988600083030125,0.05043792724609375
Bonafide,18402.png,True,632.0,199.7633514404297,9.512698796452344,0.015129737555980682,3.4296988623719167,0.002376556396484375
Bonafide,18406.png,True,625.6,376.40069580078125,13.727830244801586,0.015612070448696613,3.6200775475296556,0.001216888427734375
Bonafide,18427.png,True,716.8,247.30882263183594,9.94850504684157,0.021951548755168915,3.585098133706811,0.0001983642578125
Bonafide,18459.png,True,638.4,308.6396789550781,10.979226664666344,0.022818580269813538,4.635374891416273,5.7220458984375e-05
Bonafide,18473.png,True,641.6,192.1161651611328,21.835783876881596,0.012889443896710873,4.514128827200538,0.0536956787109375
Bonafide,18477.png,True,740.8,365.30438232421875,17.7847297162855,0.019609399139881134,3.6016490516707633,0.08075714111328125
Bonafide,18480.png,True,678.4,125.7635726928711,15.501722813948907,0.012935146689414978,2.5677720776880584,7.62939453125e-06
Bonafide,18481.png,True,691.2,712.0224609375,12.533086713731315,0.04018273204565048,5.4001156290541354,0.009204864501953125
Bonafide,18490.png,True,715.2,495.34033203125,14.33319992109199,0.02849990874528885,3.903652532585058,0.054470062255859375
Bonafide,18502.png,True,691.2,478.6746520996094,9.735569882374188,0.015743277966976166,5.755740905317827,0.1316375732421875
Bonafide,18517.png,True,675.2,459.30950927734375,18.161774128858386,0.02207627333700657,3.1765769569903726,0.00160980224609375
Bonafide,18545.png,True,702.4,236.84759521484375,21.5436174864251,0.01539514772593975,3.891592056418647,0.00103759765625
Bonafide,18556.png,True,675.2,334.183349609375,15.863161276877277,0.02558899112045765,5.301161163085695,0.0196685791015625
Bonafide,18560.png,True,633.6,413.1861572265625,11.046153045920821,0.01665661670267582,5.331164928448485,0.04247283935546875
Bonafide,18565.png,True,608.0,332.2502136230469,14.266996460811312,0.018518777564167976,3.042844557828776,0.003631591796875
Bonafide,18568.png,True,662.4,241.96592712402344,12.802167567973596,0.01564580388367176,4.196601333305687,4.1961669921875e-05
Bonafide,18585.png,True,598.4,152.65504455566406,14.137720750569809,0.012576823122799397,4.324320617044898,0.012653350830078125
Bonafide,18590.png,True,657.6,391.6553649902344,16.79766434615224,0.02980477549135685,2.5675589600946016,0.0072174072265625
Bonafide,18704.png,True,678.4,622.8539428710938,16.000289978967672,0.026618191972374916,4.938938375315158,0.0
Bonafide,18711.png,True,644.8,2233.051513671875,9.592159732917555,0.06205248087644577,5.181602969098414,0.08824920654296875
Bonafide,18725.png,True,708.8,277.4306640625,15.719005058048086,0.02738523669540882,5.449927769638523,0.007274627685546875
Bonafide,18743.png,True,644.8,748.183837890625,11.74859245833705,0.03415678068995476,4.441734590565666,0.0820465087890625
Bonafide,18758.png,True,649.6,439.54205322265625,13.62041893840894,0.01435974333435297,2.347284584775572,0.013271331787109375
Bonafide,18762.png,True,662.4,404.5090637207031,12.868915042749087,0.024247808381915092,4.6703555777839965,0.004016876220703125
Bonafide,18768.png,True,697.6,545.015869140625,11.155863752533808,0.015557345934212208,3.480795084714153,0.2270660400390625
Bonafide,18779.png,True,675.2,167.89535522460938,13.583916407901523,0.015142111107707024,4.155429037821786,0.00283050537109375
Bonafide,18828.png,True,675.2,305.8865051269531,14.979724045974155,0.02106400765478611,4.915249129036653,0.000560760498046875
Bonafide,18853.png,True,648.0,405.7152099609375,10.109595641244455,0.02093241736292839,5.136605786764735,0.000583648681640625
Bonafide,18876.png,True,692.8,210.5261993408203,9.161000202171387,0.015740716829895973,3.9529912920125168,1.1444091796875e-05
Bonafide,18968.png,True,672.0,390.0166931152344,13.167447431736784,0.013173528015613556,4.842328787829439,0.10707855224609375
Bonafide,18973.png,True,696.0,358.97113037109375,11.853013691486089,0.01589501090347767,4.535824624014601,0.033885955810546875
Bonafide,19019.png,True,696.0,294.59759521484375,9.790559467136951,0.021449005231261253,4.7130052450876025,0.01752471923828125
Bonafide,19026.png,True,638.4,145.0389404296875,12.327213301074718,0.007107337936758995,5.061410835259761,0.00017547607421875
Bonafide,19027.png,True,670.4,375.34271240234375,16.42150240477043,0.03534414619207382,2.9677497075805266,0.04523468017578125
Bonafide,19053.png,True,648.0,84.89524841308594,11.866383954309248,0.011634815484285355,4.857565310049948,0.005313873291015625
Bonafide,19060.png,True,723.2,711.8814086914062,12.167005845026702,0.029919348657131195,3.4482794139464246,0.06618118286132812
Bonafide,19078.png,True,710.4,420.5361633300781,11.872342737490083,0.01562025398015976,4.0330202879756545,0.001834869384765625
Bonafide,19126.png,True,704.0,316.3791809082031,11.600835323540782,0.01625140570104122,5.293673278535458,0.00441741943359375
Bonafide,19143.png,True,745.6,443.6861267089844,12.764224788465924,0.025315359234809875,5.813447344127111,0.018795013427734375
Bonafide,19158.png,True,667.2,520.8351440429688,10.967279970418451,0.027023710310459137,5.149569676867179,0.07088088989257812
Bonafide,19164.png,False,,698.275634765625,17.23442212968374,0.031273435801267624,3.777016959183278,0.1035308837890625
Bonafide,19195.png,True,688.0,336.6910705566406,27.028754427091833,0.016525467857718468,5.0445545111714365,3.814697265625e-05
Bonafide,19197.png,True,713.6,312.5163879394531,8.303656231341947,0.015120690688490868,5.183672181087417,0.00159454345703125
Bonafide,19250.png,True,659.2,187.0379180908203,14.985790618393224,0.01312302052974701,4.520973492601858,0.16829299926757812
Bonafide,19273.png,True,745.6,356.1258850097656,19.22589832221472,0.023770499974489212,5.069484735733534,0.03443145751953125
Bonafide,19289.png,True,691.2,341.6458740234375,9.800026860525008,0.021330617368221283,5.842664555635974,0.086334228515625
Bonafide,19292.png,True,672.0,284.4332580566406,12.565411294869321,0.011250458657741547,4.993497838803172,0.00087738037109375
Bonafide,19302.png,True,672.0,1254.76318359375,12.61426258025177,0.06374112516641617,5.208970503706914,0.00072479248046875
Bonafide,19304.png,True,720.0,410.77496337890625,11.310037757466638,0.021556274965405464,5.214636287926602,0.00042724609375
Bonafide,19354.png,True,638.4,253.46998596191406,12.727230562772428,0.016277944669127464,3.353836127941998,0.000423431396484375
Bonafide,19363.png,True,697.6,333.1319274902344,12.381579770190292,0.02180478721857071,5.238495863214256,0.00446319580078125
Bonafide,19378.png,True,659.2,347.4346008300781,14.21742048433165,0.022992810234427452,5.5255262886399805,0.02520751953125
Bonafide,19385.png,True,620.8,248.52647399902344,9.573159756346644,0.027812203392386436,4.309975503855312,0.047183990478515625
Bonafide,19399.png,True,619.2,172.49609375,15.135844559736782,0.008914840407669544,4.599789191994426,0.0007476806640625
Bonafide,19412.png,True,577.6,506.5130310058594,14.499129890715723,0.030464796349406242,4.416601702649008,0.07089996337890625
Bonafide,19432.png,True,625.6,441.7113037109375,12.138068115530192,0.025564085692167282,4.907289045957457,0.01494598388671875
Bonafide,19438.png,True,608.0,437.6790771484375,10.555319219347282,0.029260220006108284,2.475432657645695,0.01950836181640625
Bonafide,19460.png,True,696.0,361.48602294921875,15.316464044164363,0.018058376386761665,4.8033609221436695,0.07695770263671875
Bonafide,19481.png,True,665.6,264.81842041015625,13.81936108038458,0.023626554757356644,5.046586424653595,1.9073486328125e-05
Bonafide,19484.png,True,699.2,293.1825256347656,12.90888973518341,0.014469532296061516,4.282228198004437,0.11509323120117188
Bonafide,19497.png,True,220.8,16.499113082885742,11.73915204595397,0.007823420688509941,5.287996861514751,0.00614166259765625
Bonafide,19500.png,True,614.4,448.7024230957031,10.178862321694856,0.014307214878499508,6.246490886493188,0.0605316162109375
Bonafide,19506.png,True,652.8,347.3340759277344,15.114913023196474,0.017094803974032402,4.260107691132845,0.13311386108398438
Bonafide,19533.png,True,739.2,375.1780700683594,10.897990482783989,0.027153752744197845,4.126880094311694,0.07069015502929688
Bonafide,19582.png,True,673.6,354.6788330078125,21.61637298732384,0.025545310229063034,3.77664597649751,0.0561676025390625
Bonafide,19595.png,True,632.0,188.3874053955078,13.595871183268853,0.009458836168050766,4.232727731249891,0.00243377685546875
Bonafide,19598.png,True,620.8,385.13824462890625,14.940092302714078,0.055586714297533035,5.632643768311862,0.08514022827148438
Bonafide,19602.png,True,688.0,306.2684631347656,13.156470459585078,0.022722488269209862,3.8090044238849945,0.06330490112304688
Bonafide,19605.png,True,660.8,387.3032531738281,12.076674860109012,0.04616005718708038,3.4402901124964003,0.026401519775390625
Bonafide,19626.png,True,664.0,160.26303100585938,8.543082661344455,0.012927968986332417,5.4320504172141675,0.06964111328125
Bonafide,19662.png,True,315.2,279.161376953125,13.15923544681213,0.020799962803721428,3.966312693230168,0.00325775146484375
Bonafide,19674.png,True,598.4,205.6593017578125,10.84114780357205,0.016309604048728943,3.598579045642928,6.866455078125e-05
Bonafide,19709.png,True,632.0,265.7306823730469,12.955595202414072,0.03570760786533356,4.627116672478456,0.000339508056640625
Bonafide,19725.png,True,670.4,323.9066467285156,16.30495797446281,0.01614382304251194,4.756788083629758,0.2545509338378906
Bonafide,19754.png,True,657.6,296.6166076660156,11.08323517712395,0.017512863501906395,5.20805495781074,7.2479248046875e-05
Bonafide,19773.png,True,656.0,272.21673583984375,23.232075992516535,0.02166256122291088,4.545522332837542,0.032001495361328125
Bonafide,19824.png,True,660.8,180.54873657226562,15.997822496066872,0.01606530137360096,4.567147488045525,0.01178741455078125
Bonafide,19829.png,True,635.2,263.8801574707031,16.851671848979066,0.009635495953261852,2.6563482482164624,0.056926727294921875
Bonafide,19837.png,True,723.2,526.0469970703125,11.61893359885843,0.0413338728249073,4.924156468427541,3.814697265625e-06
Bonafide,19843.png,True,670.4,193.0319061279297,9.33716877185945,0.013583858497440815,3.9236776710849637,0.039035797119140625
Bonafide,19871.png,True,625.6,499.557861328125,16.94066497398323,0.01078993733972311,4.793464221537766,0.10963058471679688
Bonafide,19881.png,True,651.2,656.6414794921875,19.995311749781177,0.02892967313528061,4.871765277990998,0.10614013671875
Bonafide,19893.png,True,728.0,843.2125244140625,16.24382695304752,0.0450616255402565,5.4464905795364364,0.04659271240234375
Bonafide,19909.png,True,672.0,153.6044464111328,8.350387531375569,0.012554663233458996,4.374040830215432,0.0001068115234375
Bonafide,19915.png,True,683.2,200.91746520996094,6.026045779243546,0.02121695876121521,4.657694124866592,0.000179290771484375
Bonafide,19939.png,True,684.8,195.59011840820312,18.445636492729992,0.014238905161619186,5.027458755806281,0.011219024658203125
Bonafide,19978.png,True,726.4,229.54078674316406,14.63621204482787,0.01320193987339735,4.998071500061276,0.34461212158203125
Bonafide,19994.png,True,641.6,362.6202392578125,11.291149265065146,0.017680464312434196,4.565854972472374,0.2605438232421875
Bonafide,20005.png,True,638.4,179.35519409179688,30.949048910051793,0.021155619993805885,4.834934718875211,0.015018463134765625
Bonafide,20009.png,True,611.2,334.5657958984375,9.331564506037504,0.014340280555188656,3.5621365117852335,0.000270843505859375
Bonafide,20010.png,True,672.0,167.90731811523438,26.25463995776624,0.016323179006576538,4.307922126188383,0.030612945556640625
Bonafide,20022.png,True,651.2,271.0572509765625,28.60447711665054,0.01737235300242901,4.848232447271361,0.029541015625
Bonafide,20043.png,True,576.0,194.47052001953125,9.99697678910193,0.012083793990314007,3.801316933512984,0.0855865478515625
Bonafide,20052.png,True,673.6,215.14956665039062,10.690202346923085,0.012867134995758533,4.232071650986142,0.000274658203125
Bonafide,20091.png,True,648.0,154.38262939453125,11.941792705930059,0.010303502902388573,4.335385044627556,0.02431488037109375
Bonafide,20135.png,True,716.8,153.50587463378906,13.726149683548421,0.013033997267484665,4.215419497402339,0.016620635986328125
Bonafide,20138.png,True,616.0,21.074905395507812,9.635583072384424,0.006380712613463402,4.252662044522905,0.00040435791015625
Bonafide,20157.png,True,588.8,278.6227111816406,15.433248140681458,0.01587865501642227,3.158017822725657,0.010295867919921875
Bonafide,20163.png,True,652.8,108.96298217773438,12.783695544970726,0.007276351563632488,5.013164838755649,0.01819610595703125
Bonafide,20181.png,True,648.0,109.44307708740234,11.720297996435937,0.007132044993340969,3.372712069935766,0.10048675537109375
Bonafide,20193.png,True,739.2,477.10516357421875,13.680467065738926,0.026510881260037422,3.658300816818719,0.000476837158203125
Bonafide,20208.png,True,625.6,129.2594451904297,12.186453973313915,0.00921799335628748,5.265647382835212,0.002758026123046875
Bonafide,20220.png,True,604.8,306.86993408203125,21.974149761423455,0.02524605207145214,5.156435714394392,0.0072021484375
Bonafide,20229.png,True,694.4,181.6794891357422,8.693561934893342,0.015009653754532337,3.446610247708672,0.035137176513671875
Bonafide,20252.png,True,609.6,214.55148315429688,12.058119179599005,0.009818701073527336,5.578015317087859,0.04851531982421875
Bonafide,20264.png,True,652.8,153.4380340576172,14.532876747887688,0.008430282585322857,4.7245889156676615,0.0278472900390625
Bonafide,20276.png,True,652.8,190.88626098632812,26.281253769384165,0.018568657338619232,4.7979797633615755,0.036441802978515625
Bonafide,20287.png,True,673.6,455.5731506347656,27.874519787441926,0.04211832582950592,3.557426244414556,0.0001678466796875
Bonafide,20292.png,True,635.2,174.0626220703125,27.729992410540266,0.030332345515489578,4.831481978861481,0.00290679931640625
Bonafide,20320.png,True,686.4,198.2303009033203,15.21357335230435,0.01618885062634945,4.871422600235978,0.19356918334960938
Bonafide,20325.png,True,681.6,383.9715576171875,10.720461736159063,0.01220875233411789,5.96768020686302,0.017467498779296875
Bonafide,20367.png,True,705.6,302.1861267089844,14.127859276159802,0.014703669585287571,5.497255757915544,0.041500091552734375
Bonafide,20387.png,True,753.6,221.33834838867188,16.416092956245215,0.024368202313780785,4.295416683962557,0.003665924072265625
Bonafide,20435.png,True,643.2,198.61581420898438,12.274909364913862,0.012864463962614536,4.304749195706667,0.00164031982421875
Bonafide,20471.png,True,772.8,1034.625,12.676401542899898,0.07147911936044693,3.440245262842274,0.000202178955078125
Bonafide,20482.png,True,635.2,489.2107849121094,23.373879375371413,0.017129456624388695,4.715911503726788,0.005367279052734375
Bonafide,20508.png,True,561.6,138.793701171875,11.174352059922498,0.016170423477888107,4.41735816178435,0.006591796875
Bonafide,20518.png,True,715.2,377.73345947265625,12.298571238503465,0.014956420287489891,4.251686234050479,0.065826416015625
Bonafide,20522.png,True,683.2,237.70542907714844,9.333738781525117,0.012756210751831532,3.5546315116177025,0.00063323974609375
Bonafide,20546.png,True,699.2,836.2582397460938,13.401723881678793,0.05345715954899788,2.8067967935891907,0.000240325927734375
Bonafide,20550.png,True,736.0,472.7369384765625,12.599474100413932,0.01601157709956169,4.525060275358852,0.0332183837890625
Bonafide,20558.png,True,630.4,263.3103942871094,10.725751778199559,0.022233985364437103,4.129523286173391,0.00743865966796875
Bonafide,20596.png,True,648.0,1278.961181640625,22.43203652041693,0.0388837568461895,4.925906580252228,0.001026153564453125
Bonafide,20613.png,True,768.0,575.3192749023438,20.460067994518624,0.033617809414863586,5.3017298396353345,9.5367431640625e-05
Bonafide,20632.png,True,665.6,367.2685241699219,12.82241653650316,0.011974397115409374,5.659152172334764,0.0012359619140625
Bonafide,20645.png,True,708.8,325.94403076171875,11.27680013179106,0.0574800930917263,4.795265070921295,0.010929107666015625
Bonafide,20652.png,True,664.0,182.98524475097656,11.044357760090293,0.015667565166950226,4.5959703549399284,1.9073486328125e-05
Bonafide,20667.png,True,678.4,480.3306579589844,12.64258104067325,0.03453652933239937,3.529394969678897,0.03668212890625
Bonafide,20672.png,True,662.4,179.33590698242188,8.091559567408991,0.026864157989621162,5.094913665011162,0.0049285888671875
Bonafide,20683.png,True,656.0,434.7703857421875,26.99177647536813,0.02749299816787243,4.145815803979591,0.16999053955078125
Bonafide,20710.png,True,692.8,147.7880401611328,18.076353097842333,0.009723040275275707,4.801633120345787,0.012783050537109375
Bonafide,20749.png,True,595.2,398.9145812988281,11.222982223580985,0.015608115121722221,4.671338916230478,0.34091949462890625
Bonafide,20818.png,True,710.4,395.9090270996094,10.522935259072815,0.01820472441613674,3.7250232391447438,0.00115966796875
Bonafide,20849.png,True,664.0,417.5779724121094,12.687337996330587,0.02554955706000328,4.437530746500049,1.1444091796875e-05
Bonafide,20860.png,True,604.8,1143.1427001953125,13.732616557386377,0.05873923748731613,5.208961456445612,0.00102996826171875
Bonafide,20864.png,True,640.0,169.6946563720703,14.134928707394932,0.013266717083752155,4.97768855129099,0.00711822509765625
Bonafide,20877.png,True,651.2,926.1731567382812,11.32400314473151,0.03253742679953575,4.925305815712475,0.11419677734375
Bonafide,20878.png,True,715.2,177.50926208496094,12.288796045419597,0.016253644600510597,5.244660239997154,0.00139617919921875
Bonafide,20891.png,True,644.8,460.3665771484375,10.004016458909883,0.02296241745352745,3.9561240401486786,0.22955322265625
Bonafide,20899.png,True,636.8,1403.8099365234375,25.294236719687547,0.1121644601225853,4.962748921268465,0.007556915283203125
Bonafide,20901.png,True,694.4,493.6022033691406,15.021667673189505,0.02245260588824749,5.0717330465040815,0.02460479736328125
Bonafide,20906.png,True,707.2,170.6263427734375,8.047559914175695,0.015752870589494705,4.313740283167724,0.01514434814453125
Bonafide,20910.png,True,632.0,583.5595092773438,10.365092868501627,0.014497398398816586,4.3735854511663605,0.35205078125
Bonafide,20914.png,True,648.0,393.1348571777344,9.499123922334718,0.02074999362230301,6.064230782553972,0.0247955322265625
Bonafide,20915.png,True,622.4,277.36761474609375,10.011432994252003,0.025971440598368645,5.793009776905084,1.9073486328125e-05
Bonafide,20943.png,True,688.0,275.3509826660156,13.334252800968484,0.02111174538731575,3.7644231310343543,0.008266448974609375
Bonafide,20979.png,True,652.8,304.3928527832031,10.106631162275118,0.021950989961624146,5.888734078696231,0.010501861572265625
Bonafide,20986.png,True,728.0,981.6392822265625,8.91533040810281,0.02326091006398201,4.933864061093989,0.022708892822265625
Bonafide,20987.png,True,659.2,146.2135467529297,8.51283662349522,0.013601786457002163,4.3653799509416125,0.004817962646484375
Bonafide,20988.png,True,758.4,230.2068328857422,15.470586785897725,0.015699513256549835,4.85273014055738,0.0022125244140625
Bonafide,20999.png,True,699.2,256.73394775390625,16.469289845886323,0.01667248085141182,5.437631456813635,0.041683197021484375
Bonafide,21029.png,True,646.4,446.1645812988281,10.666687313831618,0.04396379366517067,3.613713397128169,0.04616546630859375
Bonafide,21031.png,True,670.4,261.5582275390625,21.554261221955063,0.012175483629107475,4.514476501828836,0.013599395751953125
Bonafide,21102.png,True,652.8,327.815673828125,13.062403650106626,0.018916690722107887,5.402714119537822,0.003467559814453125
Bonafide,21127.png,True,612.8,327.1593322753906,15.498567043524274,0.020801948383450508,3.314197080034023,0.0200042724609375
Bonafide,21128.png,True,188.8,14.534875869750977,6.333510808703683,0.011794207617640495,3.916168759436772,9.1552734375e-05
Bonafide,21131.png,True,665.6,407.7835693359375,13.39393625952232,0.01992219313979149,5.164904727620862,0.000904083251953125
Bonafide,21132.png,True,668.8,462.9624938964844,14.30325870776457,0.021563543006777763,4.217783519837588,0.059326171875
Bonafide,21152.png,True,636.8,295.9888610839844,11.569559303299146,0.015650372952222824,4.773046449261591,0.00066375732421875
Bonafide,21168.png,True,670.4,686.9116821289062,17.647404693734007,0.031909696757793427,5.502136753143752,0.01419830322265625
Bonafide,21180.png,True,774.4,397.9974060058594,11.357451268702969,0.0199451744556427,5.577684050655843,0.033885955810546875
Bonafide,21186.png,True,656.0,889.046142578125,12.633926913040348,0.03648575767874718,5.581974293677991,0.0030670166015625
Bonafide,21242.png,True,660.8,1833.699462890625,14.404144856203871,0.12879769504070282,2.672724611555704,0.0045166015625
Bonafide,21251.png,True,622.4,420.3148193359375,11.702043256087958,0.02462575025856495,4.025910344438479,0.001071929931640625
Bonafide,21271.png,True,662.4,202.18080139160156,12.70091871182539,0.017575642094016075,5.345311826898192,0.0106353759765625
Bonafide,21288.png,True,681.6,329.98016357421875,13.011754096848385,0.0173970814794302,5.185344263944555,0.002956390380859375
Bonafide,21294.png,True,665.6,367.0149841308594,9.169186529914024,0.016409801319241524,5.250055054812152,0.003704071044921875
Bonafide,21314.png,True,657.6,241.7581329345703,14.806124756069364,0.014709901064634323,5.037970417398163,0.023681640625
Bonafide,21319.png,True,737.6,841.755859375,8.663212770081966,0.040302861481904984,3.934164876329523,0.000331878662109375
Bonafide,21322.png,True,732.8,1000.629150390625,13.35032912892542,0.08357519656419754,5.688689702724063,0.00074005126953125
Bonafide,21326.png,True,704.0,160.37420654296875,9.459316423662608,0.01788620464503765,4.93384175738146,0.002262115478515625
Bonafide,21327.png,True,614.4,663.8511962890625,14.557432013755003,0.04985673725605011,4.732067393131184,0.005558013916015625
Bonafide,21339.png,True,670.4,155.8234405517578,13.098344702310419,0.016349922865629196,5.348974395426896,2.288818359375e-05
Bonafide,21370.png,True,668.8,178.30140686035156,19.265392873560167,0.012173989787697792,3.584507061675741,2.288818359375e-05
Bonafide,21396.png,True,673.6,531.4120483398438,13.476382164797592,0.021533692255616188,4.14603313552801,0.00284576416015625
Bonafide,21463.png,True,665.6,182.17333984375,14.371561397784655,0.014585357159376144,4.76328443573872,0.06823348999023438
Bonafide,21475.png,True,696.0,155.96029663085938,9.326606214505228,0.00691457511857152,4.628635319180399,0.075958251953125
Bonafide,21476.png,True,713.6,655.8402709960938,14.372374313901854,0.028661858290433884,4.1288024410342485,0.03783416748046875
Bonafide,21485.png,True,616.0,217.1373291015625,9.051002131923951,0.015890110284090042,5.73639193514895,0.0072021484375
Bonafide,21500.png,True,680.0,412.57958984375,16.418757173981525,0.02352076768875122,4.0227576785223595,0.12343978881835938
Bonafide,21507.png,True,585.6,472.4443359375,7.3063399878511,0.017441725358366966,4.547431066264989,0.10348129272460938
Bonafide,21508.png,True,752.0,555.5109252929688,12.75084685667301,0.033735115081071854,4.163749644144902,0.021495819091796875
Bonafide,21526.png,True,678.4,500.283447265625,13.429474968049236,0.01954660937190056,4.9456765181197255,0.3143463134765625
Bonafide,21536.png,True,688.0,221.31285095214844,17.98200680461956,0.014005517587065697,5.704793929554575,8.0108642578125e-05
Bonafide,21545.png,True,705.6,578.5586547851562,12.931310607324155,0.028399836272001266,5.532396877661001,0.00034332275390625
Bonafide,21550.png,True,688.0,153.82232666015625,15.775010214338115,0.008364701643586159,4.591020556028767,4.1961669921875e-05
Bonafide,21580.png,True,736.0,306.6585998535156,15.966172773136982,0.03831910714507103,4.527587735119339,0.01491546630859375
Bonafide,21592.png,True,624.0,226.2734375,10.608747423736006,0.013791017234325409,3.985514124656532,0.06540679931640625
Bonafide,21598.png,True,684.8,312.8316955566406,31.011955693751247,0.021639879792928696,4.111063234393789,6.866455078125e-05
Bonafide,21610.png,True,617.6,312.24951171875,9.676655821208339,0.01606488972902298,4.4832060154849085,0.00055694580078125
Bonafide,21637.png,True,697.6,334.97381591796875,8.12057148083167,0.01882823370397091,4.169164741655878,0.014865875244140625
Bonafide,21640.png,True,683.2,134.70347595214844,26.173401117274235,0.010084999725222588,5.6229146711566775,0.040538787841796875
Bonafide,21645.png,True,764.8,149.10313415527344,11.233548066443,0.012488975189626217,4.4744790714349,0.0932769775390625
Bonafide,21651.png,True,686.4,69.7466049194336,10.086173562630613,0.005823130253702402,3.7893976285707387,0.0427398681640625
Bonafide,21662.png,True,737.6,486.7945556640625,9.067873850805418,0.018893107771873474,4.444218795651302,0.054569244384765625
Bonafide,21677.png,True,667.2,380.676513671875,19.89360920919591,0.01871047541499138,5.032678139044806,0.024662017822265625
Bonafide,21678.png,True,694.4,349.307373046875,14.076886552058976,0.02119864523410797,5.0579618528757555,0.21449661254882812
Bonafide,21729.png,True,644.8,254.30819702148438,15.15556987697797,0.01834772527217865,3.6942272453979386,3.814697265625e-06
Bonafide,21739.png,True,569.6,181.23219299316406,10.83395511100063,0.010734567418694496,4.306610436419906,0.002407073974609375
Bonafide,21743.png,True,707.2,522.0109252929688,14.214919111609628,0.025222113355994225,5.464246673170833,0.08625411987304688
Bonafide,21779.png,True,704.0,158.0804443359375,19.78441317136704,0.01554904319345951,4.684994973134607,4.1961669921875e-05
Bonafide,21785.png,True,636.8,483.8373718261719,12.11542876795433,0.023289799690246582,3.1395078722734566,0.12592315673828125
Bonafide,21790.png,True,664.0,353.3300476074219,23.66745517089761,0.02018045261502266,5.689137274044448,0.002109527587890625
Bonafide,21811.png,True,702.4,356.63751220703125,14.952705050790797,0.0164678692817688,5.868332851117198,0.02111053466796875
Bonafide,21812.png,True,691.2,303.7028503417969,18.71046450316061,0.013529663905501366,4.243803865399283,0.0002899169921875
Bonafide,21819.png,True,622.4,486.91680908203125,14.119193425228854,0.022157888859510422,4.826767976153046,0.0168914794921875
Bonafide,21832.png,True,732.8,940.501953125,13.876397612408613,0.028005080297589302,3.6874883792677746,0.08166885375976562
Bonafide,21870.png,True,622.4,355.6269836425781,13.260717138265536,0.021160274744033813,5.410171852152319,0.07735443115234375
Bonafide,21885.png,True,683.2,434.5153503417969,17.8042728215736,0.022897694259881973,2.8400959548003377,8.0108642578125e-05
Bonafide,21918.png,True,601.6,580.0006713867188,17.518235492711653,0.03660055994987488,4.407845479921133,0.0063629150390625
Bonafide,21919.png,True,704.0,102.66421508789062,10.454722410696505,0.006411511916667223,5.4267779184112035,0.0575408935546875
Bonafide,21941.png,True,576.0,207.66958618164062,20.1467215558373,0.013120749033987522,5.292031926101082,0.033123016357421875
Bonafide,21955.png,True,724.8,194.36248779296875,11.0344331750873,0.010410023853182793,4.882093268525406,3.814697265625e-06
Bonafide,21964.png,True,676.8,374.7626953125,15.340721810046375,0.017909109592437744,3.9037491469839094,0.11835479736328125
Bonafide,21975.png,True,715.2,108.65337371826172,13.751494097575575,0.009438027627766132,3.7896921973046154,8.0108642578125e-05
Bonafide,21989.png,True,584.0,394.68902587890625,15.265501740688823,0.02827674150466919,4.057949349085109,0.002826690673828125
Bonafide,21993.png,True,692.8,384.0396423339844,11.176674715608558,0.02225334569811821,5.0562583045622365,0.04999542236328125
Bonafide,22004.png,True,617.6,273.3710632324219,21.576893490378016,0.01430246327072382,3.7373087946127526,0.001552581787109375
Bonafide,22025.png,True,708.8,380.0107421875,9.975277896610027,0.02118007466197014,5.8062192440403475,8.0108642578125e-05
Bonafide,22035.png,True,660.8,102.64258575439453,12.73558511100044,0.007093419786542654,4.214971023601367,0.10541915893554688
Bonafide,22049.png,True,611.2,793.6452026367188,20.606368794037188,0.045287199318408966,4.999609097177092,0.00890350341796875
Bonafide,22076.png,True,630.4,395.8315734863281,16.067210234886538,0.021932633593678474,4.668743540989815,0.005817413330078125
Bonafide,22077.png,True,652.8,424.3191223144531,12.238830558026208,0.018962137401103973,5.084625880420124,8.392333984375e-05
Bonafide,22078.png,True,702.4,295.5400695800781,8.864169610737008,0.025563769042491913,3.6145245138284317,0.06896209716796875
Bonafide,22098.png,True,662.4,671.9715576171875,12.588004848141036,0.0517134815454483,4.656942217690042,0.003139495849609375
Bonafide,22115.png,True,672.0,513.6522827148438,8.793581171381682,0.024557769298553467,4.2563364543799,0.00208282470703125
Bonafide,22120.png,True,678.4,474.7555236816406,14.36813000005598,0.036723531782627106,4.599969182783194,0.001255035400390625
Bonafide,22125.png,True,744.0,285.36224365234375,12.410279321797129,0.017242757603526115,3.863509111610755,0.009891510009765625
Bonafide,22134.png,True,633.6,202.6312255859375,12.597235209281555,0.019957253709435463,3.818741793767867,0.004108428955078125
Bonafide,22135.png,True,758.4,280.65081787109375,12.77129896705271,0.019640294834971428,5.799408508685409,0.037837982177734375
Bonafide,22152.png,True,680.0,347.41973876953125,13.34201055196156,0.018019983544945717,5.006395080511479,0.005039215087890625
Bonafide,22191.png,True,627.2,298.296875,10.261352427197696,0.03127044439315796,4.939727122918906,0.033843994140625
Bonafide,22203.png,True,702.4,222.3485107421875,11.046199969050145,0.02446703054010868,5.4640506001682505,0.000858306884765625
Bonafide,22231.png,True,664.0,213.6883087158203,18.843470454687797,0.011508929543197155,4.944290212860759,0.011547088623046875
Bonafide,22238.png,True,656.0,768.4207763671875,13.213119338117075,0.020520159974694252,4.801305573586308,0.00070953369140625
Bonafide,22266.png,True,764.8,212.6326904296875,13.375030488359034,0.022069759666919708,3.309580553411661,0.000934600830078125
Bonafide,22289.png,True,688.0,388.433349609375,15.153750597916336,0.03899737447500229,4.3815988966113135,5.7220458984375e-05
Bonafide,22307.png,True,652.8,333.0405578613281,14.052038708156292,0.023632677271962166,3.880626123320273,0.013671875
Bonafide,22322.png,True,601.6,631.1820068359375,15.359713306651448,0.02457292191684246,3.5053080202977416,0.09286117553710938
Bonafide,22336.png,True,707.2,385.7240295410156,18.15578111411277,0.020414182916283607,4.205819580790632,0.021251678466796875
Bonafide,22340.png,True,656.0,231.09046936035156,13.258960826281188,0.01467051636427641,5.999041246321043,0.024288177490234375
Bonafide,22385.png,True,633.6,4775.2265625,26.16170806380737,0.0886688157916069,5.3160953996365095,0.005283355712890625
Bonafide,22386.png,True,688.0,125.75347137451172,13.624908995903205,0.010726680979132652,4.856748628535074,0.002536773681640625
Bonafide,22395.png,True,702.4,682.4996337890625,11.398037134855347,0.03219273313879967,5.5087807202188435,0.09691238403320312
Bonafide,22437.png,True,606.4,286.1893005371094,17.353026896840106,0.027934344485402107,4.390577285759254,0.005077362060546875
Bonafide,22448.png,True,708.8,764.3234252929688,12.691950697261483,0.015337938442826271,5.986453348590177,0.01589202880859375
Bonafide,22453.png,True,688.0,804.36181640625,9.372021129184828,0.02825523354113102,4.609917228452934,0.013149261474609375
Bonafide,22466.png,True,716.8,200.13421630859375,13.686701964703543,0.03756494075059891,5.298735056287416,0.12871932983398438
Bonafide,22485.png,True,734.4,191.34996032714844,9.616701179059406,0.017714956775307655,5.584501867294932,0.00113677978515625
Bonafide,22510.png,True,641.6,450.7381286621094,17.224935875750965,0.024645356461405754,3.9456932098519366,0.012302398681640625
Bonafide,22520.png,True,670.4,96.29576110839844,9.191689100958854,0.023438695818185806,4.046234734033522,3.814697265625e-06
Bonafide,22523.png,True,673.6,637.017333984375,35.12852096496433,0.042545296251773834,4.848210511722026,0.0557708740234375
Bonafide,22542.png,True,660.8,750.8085327148438,11.006878106219384,0.030496753752231598,4.30064780845852,0.03557586669921875
Bonafide,22544.png,True,691.2,264.8841552734375,13.036471488497064,0.011075373739004135,4.46696494804196,0.4093742370605469
Bonafide,22569.png,True,606.4,703.5519409179688,10.858513020522944,0.03651612624526024,4.751949905900081,0.01873779296875
Bonafide,22573.png,True,632.0,336.5126953125,19.605072999648176,0.01401214487850666,4.622455702967361,0.0232086181640625
Bonafide,22581.png,True,688.0,242.42965698242188,10.885373168721026,0.01683521829545498,5.3363997599107345,1.9073486328125e-05
Bonafide,22583.png,True,608.0,1315.1820068359375,23.805856962207894,0.025409482419490814,5.652954953710387,0.11952972412109375
Bonafide,22597.png,True,646.4,193.46310424804688,15.284120626928646,0.013172189705073833,4.373819636163434,0.0108795166015625
Bonafide,22600.png,True,640.0,225.54248046875,16.69416454625524,0.01467571035027504,5.543929041992589,0.00069427490234375
Bonafide,22621.png,True,664.0,191.81231689453125,17.613578109361917,0.020136212930083275,4.394411959679776,0.000286102294921875
Bonafide,22622.png,True,692.8,1933.399169921875,19.495115678391056,0.06825309991836548,3.0507348070193054,0.000614166259765625
Bonafide,22628.png,True,563.2,302.1465148925781,27.18693352028293,0.02127731777727604,4.601611420568402,0.023319244384765625
Bonafide,22645.png,True,614.4,258.4425048828125,12.958110153102492,0.014501787722110748,4.0630260350127,0.00124359130859375
Bonafide,22665.png,True,612.8,300.5069885253906,11.997368076637802,0.018189789727330208,3.019158077304546,0.21739959716796875
Bonafide,22693.png,True,667.2,204.60443115234375,12.334802568674023,0.016283102333545685,3.007368427336232,0.000255584716796875
Bonafide,22702.png,True,622.4,308.3239440917969,13.152587522946662,0.024700434878468513,3.234750708584157,0.00035858154296875
Bonafide,22766.png,True,718.4,538.4703369140625,13.526646896986753,0.03251760080456734,4.363777903817504,0.00091552734375
Bonafide,22773.png,True,640.0,359.4342041015625,13.64878606840703,0.016455737873911858,4.529996350778944,0.025478363037109375
Bonafide,22776.png,True,662.4,232.74874877929688,13.252830671099575,0.015956884250044823,4.702267281011292,0.06904983520507812
Bonafide,22800.png,True,660.8,340.368408203125,26.89257546782462,0.03335502743721008,4.88427484036385,0.00214385986328125
Bonafide,22835.png,True,660.8,312.705078125,17.145785806348606,0.015405192971229553,3.650761726743412,0.00041961669921875
Bonafide,22836.png,True,683.2,924.5909423828125,12.331511882683042,0.057377733290195465,4.7735830630164555,0.00499725341796875
Bonafide,22862.png,True,723.2,267.11785888671875,7.847596516312394,0.01574885845184326,4.885827502546351,0.003894805908203125
Bonafide,22865.png,True,660.8,912.875732421875,27.38929652066074,0.035810112953186035,5.374662007267619,0.046375274658203125
Bonafide,22882.png,True,584.0,471.7339782714844,14.52655882008557,0.027144942432641983,5.339824555222114,0.041759490966796875
Bonafide,22883.png,True,723.2,640.6455078125,12.637166904089346,0.02562679722905159,4.465546920790226,0.07264328002929688
Bonafide,22908.png,True,654.4,232.96286010742188,9.734441259180244,0.010949963703751564,3.7278849261290583,0.0
Bonafide,22927.png,True,630.4,206.991943359375,11.868460087890535,0.0119420001283288,4.808248774599695,0.00516510009765625
Bonafide,22952.png,True,651.2,245.90370178222656,13.327877324046401,0.028730768710374832,3.2082651084553007,0.0396575927734375
Bonafide,22968.png,True,644.8,412.7469787597656,11.83684165915294,0.012762141413986683,3.503769769400529,4.57763671875e-05
Bonafide,23023.png,True,692.8,379.20220947265625,12.262677588855368,0.01798335462808609,4.607442027412025,0.13221359252929688
Bonafide,23024.png,True,729.6,386.2553405761719,14.630511909364396,0.02400773949921131,3.929968976021989,4.1961669921875e-05
Bonafide,23048.png,True,697.6,197.26927185058594,8.823489332767732,0.01850750297307968,3.5152638523601714,0.00061798095703125
Bonafide,23050.png,True,612.8,150.6597137451172,9.993801256732764,0.01384025439620018,5.489676086641934,0.0708160400390625
Bonafide,23063.png,True,705.6,360.8049621582031,14.4444545962981,0.030569059774279594,4.690561795830803,0.0171356201171875
Bonafide,23146.png,True,664.0,118.56021881103516,18.634978794523256,0.009641352109611034,5.869167849912286,0.010204315185546875
Bonafide,23154.png,True,664.0,396.9888000488281,17.539368271271393,0.01925181970000267,4.937083331410263,0.004852294921875
Bonafide,23182.png,True,683.2,678.698486328125,18.696819835665945,0.02980966866016388,4.242753160752581,0.0193939208984375
Bonafide,23210.png,True,659.2,559.4713745117188,14.459994834583913,0.02061193808913231,2.9460946325606856,0.001621246337890625
Bonafide,23231.png,True,675.2,110.74703979492188,13.430765957961286,0.008933883160352707,3.498085580904898,3.814697265625e-05
Bonafide,23238.png,True,694.4,379.4622497558594,18.861300849851315,0.025941267609596252,2.909825768386827,0.0550537109375
Bonafide,23253.png,True,644.8,427.19091796875,9.76102372763108,0.018169576302170753,4.472943758422121,0.058734893798828125
Bonafide,23296.png,True,681.6,349.97491455078125,12.00216682808736,0.01387106440961361,3.1671541938307533,0.058109283447265625
Bonafide,23300.png,True,652.8,1089.27783203125,16.938338613748652,0.03998015820980072,5.197687392893352,0.13383865356445312
Bonafide,23303.png,True,688.0,490.5986328125,11.144962107853457,0.038773130625486374,5.338666879838497,0.002063751220703125
Bonafide,23311.png,True,710.4,182.89756774902344,7.23156321912789,0.013985914178192616,3.3559730564065147,0.15740203857421875
Bonafide,23322.png,True,697.6,221.2888641357422,11.625033759470499,0.007784197572618723,3.2886961401173402,0.040081024169921875
Bonafide,23349.png,True,640.0,900.10888671875,12.968519023036556,0.05435692146420479,4.983354500592274,0.06974029541015625
Bonafide,23365.png,True,675.2,163.85928344726562,13.673227285170874,0.008609816431999207,5.140151553690575,0.022304534912109375
Bonafide,23368.png,True,659.2,294.2034606933594,6.748670103394927,0.027193957939743996,4.76420487860248,0.002452850341796875
Bonafide,23376.png,True,763.2,287.0112609863281,23.172628298804852,0.0189585592597723,4.6178671591761615,0.0009002685546875
Bonafide,23380.png,True,641.6,185.9383087158203,12.76147435247899,0.02068573795258999,3.8246833261713857,0.040760040283203125
Bonafide,23402.png,True,604.8,244.9394073486328,17.696137321715316,0.0207864698022604,4.818678407230499,0.0753173828125
Bonafide,23407.png,True,630.4,280.3111572265625,16.36369215983091,0.01563120447099209,4.536896690626282,0.003879547119140625
Bonafide,23447.png,True,638.4,277.36962890625,11.811697769051394,0.020898638293147087,4.068128946537968,0.055950164794921875
Bonafide,23461.png,True,636.8,495.888916015625,15.017514183225378,0.016884952783584595,4.392595780366524,0.33417510986328125
Bonafide,23480.png,True,600.0,225.63345336914062,11.991536346629974,0.009657289832830429,3.3545716994527823,0.061748504638671875
Bonafide,23487.png,True,686.4,538.1360473632812,10.70229834822865,0.016026072204113007,3.7590395066713977,0.13664627075195312
Bonafide,23488.png,True,694.4,327.4992370605469,7.672360580008409,0.012448473833501339,4.953220407800314,0.3550224304199219
Bonafide,23552.png,True,675.2,161.94676208496094,9.148610527376361,0.012089010328054428,4.393041288018304,7.62939453125e-06
Bonafide,23570.png,True,625.6,224.38034057617188,19.17756948347127,0.008471587672829628,4.350766241098307,0.025634765625
Bonafide,23581.png,True,699.2,386.02850341796875,9.782212128346496,0.013678415678441525,5.128977940688504,0.024547576904296875
Bonafide,23585.png,True,659.2,739.47802734375,12.533659453863358,0.027838142588734627,4.626702697141116,0.0598907470703125
Bonafide,23605.png,True,686.4,907.66015625,12.57955652043626,0.059172265231609344,5.5513970304200155,0.004150390625
Bonafide,23606.png,True,718.4,329.56646728515625,12.12023742288329,0.008170953951776028,4.401767018217946,0.01110076904296875
Bonafide,23612.png,True,694.4,856.2595825195312,11.414777235692679,0.053979065269231796,3.915327413184306,0.13583755493164062
Bonafide,23614.png,True,681.6,349.58489990234375,12.258380064701255,0.02101624384522438,3.3037269896039536,0.0002593994140625
Bonafide,23636.png,True,724.8,151.19187927246094,12.263320567859619,0.014626159332692623,5.711699531956151,0.00037384033203125
Bonafide,23655.png,True,635.2,448.4404296875,9.44041396566511,0.02060392126441002,6.104684290670278,0.07149505615234375
Bonafide,23687.png,True,670.4,506.4521179199219,12.357241151601837,0.022480081766843796,4.251703890751881,0.045566558837890625
Bonafide,23691.png,True,776.0,522.4312744140625,8.863439135806695,0.02659505233168602,4.495188459317449,0.04697418212890625
Bonafide,23718.png,True,580.8,427.2861328125,19.225330394237094,0.021902624517679214,4.765537104589667,0.02507781982421875
Bonafide,23719.png,True,552.0,242.5621337890625,15.531993691421507,0.0195997953414917,3.837295864476368,0.0019989013671875
Bonafide,23744.png,True,696.0,810.4463500976562,10.881480244677975,0.029042251408100128,4.533296087657188,0.0059814453125
Bonafide,23748.png,True,670.4,375.7593688964844,15.520118296872425,0.03165876492857933,4.759200300017339,0.001514434814453125
Bonafide,23756.png,True,614.4,446.85748291015625,20.469172987225583,0.07283531874418259,4.979242715092606,0.026393890380859375
Bonafide,23773.png,True,600.0,282.608154296875,11.404986854798029,0.014598716981709003,3.7472983708251504,0.08527374267578125
Bonafide,23791.png,True,649.6,320.90460205078125,25.43712206434268,0.018816309049725533,4.808904468825173,0.00270843505859375
Bonafide,23819.png,True,595.2,229.5993194580078,8.870620518379349,0.01568828709423542,5.403127906437678,0.07726669311523438
Bonafide,23823.png,True,680.0,123.49137115478516,10.6105222722903,0.006932541728019714,4.245391967412878,0.032505035400390625
Bonafide,23835.png,True,622.4,203.73236083984375,11.806966760575682,0.012671752832829952,5.14729897624007,0.0166015625
Bonafide,23896.png,True,652.8,415.7706298828125,14.116669546445925,0.016097698360681534,5.397430357793823,0.03087615966796875
Bonafide,23904.png,True,515.2,259.9511413574219,16.47134119479194,0.017943765968084335,4.0885395379682965,0.20670700073242188
Bonafide,23905.png,True,640.0,161.97483825683594,13.593176238494333,0.008313427679240704,4.912502547717338,0.03572845458984375
Bonafide,23917.png,True,723.2,547.998779296875,11.712921024134452,0.022693192586302757,4.929368403792723,0.13333511352539062
Bonafide,23919.png,True,640.0,530.1665649414062,6.433003424096624,0.023900611326098442,4.070666317651928,0.011547088623046875
Bonafide,23955.png,True,696.0,384.77130126953125,13.234390407184753,0.01951787807047367,5.03607807732214,0.00916290283203125
Bonafide,23993.png,True,641.6,237.38916015625,13.173346843288996,0.02036021277308464,5.2161149299374285,0.005092620849609375
Bonafide,24014.png,True,612.8,176.6300506591797,12.252962710589593,0.015510455705225468,4.138929341631484,0.06799697875976562
Bonafide,24018.png,True,673.6,200.21322631835938,12.694262607952354,0.014454631134867668,5.194222407097014,0.023792266845703125
Bonafide,24038.png,True,603.2,147.8828582763672,19.81716408610111,0.009198945946991444,3.5184205565442173,1.9073486328125e-05
Bonafide,24044.png,True,619.2,133.31640625,10.947063259639384,0.01051737554371357,3.274330469645002,1.52587890625e-05
Bonafide,24054.png,True,640.0,480.4577941894531,15.048523492262008,0.011483323760330677,3.2355731824484235,0.39159393310546875
Bonafide,24059.png,True,670.4,326.5146179199219,9.367866258377758,0.018938476219773293,5.635567623607264,0.001468658447265625
Bonafide,24067.png,True,668.8,258.0943908691406,9.91859212254523,0.032163117080926895,3.3522907899618697,0.24045181274414062
Bonafide,24098.png,True,660.8,343.4656677246094,12.44787056300554,0.023568304255604744,4.82619012743576,0.08383941650390625
Bonafide,24104.png,True,689.6,174.59019470214844,13.896042846692131,0.010743891820311546,4.9850432505137805,2.6702880859375e-05
Bonafide,24107.png,True,763.2,664.8419189453125,23.186103863417003,0.028951073065400124,4.4503101021124944,0.007610321044921875
Bonafide,24138.png,True,694.4,415.80712890625,16.757474148287738,0.020382260903716087,4.593665727345308,0.004222869873046875
Bonafide,24156.png,True,654.4,1294.69189453125,14.848125318599417,0.049860645085573196,4.542505104605682,0.03182220458984375
Bonafide,24176.png,True,628.8,539.8045043945312,20.72215374916274,0.030153680592775345,5.542328606554414,0.029842376708984375
Bonafide,24182.png,True,716.8,185.9586944580078,12.227394336143327,0.00866128783673048,3.8777401552728143,0.0
Bonafide,24219.png,True,651.2,205.8834228515625,10.680742985656874,0.015315638855099678,4.993627367181995,0.00038909912109375
Bonafide,24221.png,True,673.6,429.45538330078125,13.675112568171915,0.022477490827441216,5.20569040689498,0.008075714111328125
Bonafide,24224.png,True,673.6,210.06973266601562,16.37585412519268,0.02302233688533306,3.554991230638473,0.11346817016601562
Bonafide,24265.png,True,716.8,431.4822692871094,15.119896516617077,0.02819012477993965,5.014118110650342,0.00032806396484375
Bonafide,24270.png,True,603.2,136.986572265625,13.867647853470396,0.008809871040284634,4.862155226720003,0.04935455322265625
Bonafide,24285.png,True,686.4,254.88131713867188,13.97007819667634,0.0213566105812788,4.962722984581986,0.000255584716796875
Bonafide,24301.png,True,624.0,420.484130859375,37.52118205415243,0.036903053522109985,4.982723560896598,0.0047760009765625
Bonafide,24316.png,True,696.0,363.46820068359375,11.262374168136528,0.01824481226503849,3.8063658356832883,0.0016326904296875
Bonafide,24323.png,True,729.6,469.6202392578125,12.653834804323743,0.0296962708234787,4.593224674898145,0.14853668212890625
Bonafide,24328.png,True,628.8,210.48614501953125,8.778695040233023,0.011021832004189491,4.424622432105616,0.24997711181640625
Bonafide,24338.png,True,627.2,149.11915588378906,12.316115662760543,0.009131777100265026,5.033358733159493,0.0014801025390625
Bonafide,24371.png,True,686.4,129.51077270507812,10.757275945515985,0.012535566464066505,5.020509727467534,0.019428253173828125
Bonafide,24387.png,True,704.0,133.9652099609375,12.171441318212759,0.012084470130503178,5.1791034742044415,1.52587890625e-05
Bonafide,24400.png,True,692.8,354.5439758300781,24.275405219405272,0.03280119597911835,4.337535426330773,0.000423431396484375
Bonafide,24436.png,True,649.6,205.1909637451172,8.796647214086233,0.022310858592391014,4.162932925507955,0.0005645751953125
Bonafide,24454.png,True,715.2,136.085693359375,10.067546163956775,0.011230919510126114,6.032636093909094,0.08611679077148438
Bonafide,24462.png,True,678.4,224.0626983642578,16.2104562079335,0.009357137605547905,5.388432007864322,0.000125885009765625
Bonafide,24467.png,True,755.2,1145.891845703125,17.2693262672839,0.044007278978824615,4.1463688983192615,0.00131988525390625
Bonafide,24478.png,True,670.4,835.662353515625,23.188461215113136,0.06149081885814667,4.85125537003649,0.08067703247070312
Bonafide,24492.png,True,702.4,524.4933471679688,14.421761250962303,0.01729719340801239,4.164606484125565,0.14249038696289062
Bonafide,24539.png,True,649.6,233.64991760253906,14.346408758319214,0.014070197939872742,3.9758188956193767,0.0030670166015625
Bonafide,24546.png,True,750.4,838.927978515625,17.362105116241842,0.022567732259631157,4.4882356884955525,0.00562286376953125
Bonafide,24569.png,True,635.2,522.3203125,26.43800804920286,0.038767945021390915,2.806095946229522,0.013195037841796875
Bonafide,24576.png,True,595.2,205.4674835205078,25.794032895799234,0.021141668781638145,5.216255090044562,1.9073486328125e-05
Bonafide,24593.png,True,617.6,363.16693115234375,14.399169479026096,0.028322383761405945,3.840652341730649,0.002857208251953125
Bonafide,24614.png,True,707.2,161.45765686035156,13.095354428809841,0.007043120916932821,4.500237852163005,0.002666473388671875
Bonafide,24647.png,True,606.4,127.2990493774414,11.229811608643338,0.010451115667819977,5.83573273097588,0.00028228759765625
Bonafide,24654.png,True,651.2,305.15155029296875,9.572810092283419,0.020084323361516,4.659631343491152,0.054271697998046875
Bonafide,24658.png,True,646.4,527.2905883789062,11.898773723013191,0.028935283422470093,4.620566209976312,0.167236328125
Bonafide,24659.png,True,654.4,482.4021301269531,16.92727720540269,0.03519296646118164,4.031031481034288,0.0111083984375
Bonafide,24664.png,True,649.6,260.9453430175781,9.380897546447164,0.016256185248494148,4.279396293951147,0.018512725830078125
Bonafide,24668.png,True,654.4,608.3388061523438,12.139155845467553,0.043710075318813324,4.952641017991649,0.2640037536621094
Bonafide,24671.png,True,678.4,297.3133544921875,12.141005504834737,0.02289511449635029,4.411226889109002,0.06646347045898438
Bonafide,24684.png,True,683.2,128.6755828857422,11.532417801503525,0.010866031050682068,4.010885140105883,0.00243377685546875
Bonafide,24711.png,True,564.8,191.32699584960938,13.296625470210806,0.02868027426302433,2.5721842601357787,0.005283355712890625
Bonafide,24737.png,True,672.0,284.98187255859375,13.715612185225915,0.015166359953582287,5.31226043118858,0.0335235595703125
Bonafide,24745.png,True,616.0,351.8767395019531,16.874333864654687,0.02386995032429695,5.882586968693252,0.002201080322265625
Bonafide,24781.png,True,643.2,357.20806884765625,11.839698621613348,0.025955265387892723,5.478607266291685,0.3075065612792969
Bonafide,24802.png,True,721.6,74.1394271850586,11.132141890781819,0.00973807368427515,3.9537983052958636,0.04764556884765625
Bonafide,24821.png,True,699.2,185.23719787597656,14.846612566699621,0.01841314323246479,5.287739103830647,0.0162200927734375
Bonafide,24823.png,True,694.4,318.7021179199219,16.702061879020587,0.015202846378087997,5.7510642550939135,0.088134765625
Bonafide,24838.png,True,699.2,204.08041381835938,8.575646886202877,0.02645682543516159,4.434294785148962,0.00037384033203125
Bonafide,24869.png,True,712.0,267.91131591796875,29.65264428986947,0.025959458202123642,5.742556454684427,0.00228118896484375
Bonafide,24874.png,True,668.8,357.9030456542969,22.24771144479117,0.014611371792852879,4.574447906577095,3.814697265625e-06
Bonafide,24881.png,True,672.0,885.3692626953125,16.4153560777967,0.04900885373353958,4.788800662343279,0.007205963134765625
Bonafide,24889.png,True,659.2,116.5394058227539,13.03371993476626,0.008987102657556534,4.883088452358057,0.002288818359375
Bonafide,24891.png,True,624.0,122.15577697753906,11.556824854638606,0.007279590703547001,4.811170214476721,0.16774749755859375
Bonafide,24902.png,True,616.0,588.4398803710938,7.887852983488701,0.036702271550893784,4.645810552134987,0.01950836181640625
Bonafide,24932.png,True,609.6,462.64215087890625,12.634184394443261,0.026730772107839584,3.5238529468354645,8.7738037109375e-05
Bonafide,24940.png,True,696.0,655.7647705078125,13.792250810230284,0.032536644488573074,4.076316654909056,7.62939453125e-05
Bonafide,24963.png,True,678.4,420.75750732421875,19.513419846007366,0.016456959769129753,4.905620486260472,0.06423568725585938
Bonafide,24966.png,True,660.8,359.8703918457031,8.796970902397032,0.018207436427474022,5.022354109159336,0.057704925537109375
Bonafide,25000.png,True,684.8,425.88128662109375,16.28125340094658,0.01470728125423193,4.750983080496,0.32648468017578125
Bonafide,25040.png,True,728.0,155.2255401611328,10.34630800053085,0.012621412053704262,4.103481108489521,0.03467559814453125
Bonafide,25048.png,True,668.8,239.8192138671875,16.907922679522567,0.015476121567189693,4.462332886233195,0.12804031372070312
Bonafide,25049.png,True,635.2,152.1886749267578,12.234081649430449,0.013607863336801529,4.268161554385911,0.0026397705078125
Bonafide,25062.png,True,720.0,315.99908447265625,12.767571239578904,0.013305033557116985,4.800889513065902,0.049072265625
Bonafide,25064.png,True,720.0,367.321044921875,13.118955103401689,0.043043553829193115,4.037880653764076,0.001293182373046875
Bonafide,25084.png,True,638.4,611.660400390625,18.847609873696314,0.022120412439107895,3.307293169214948,0.038013458251953125
Bonafide,25119.png,True,684.8,451.4552307128906,11.290247435113034,0.03484467789530754,3.129028989590208,0.0003204345703125
Bonafide,25124.png,True,595.2,143.4427032470703,10.831786248655655,0.013774367049336433,5.379044336865745,0.061767578125
Bonafide,25127.png,True,689.6,310.4052734375,12.132728372098804,0.011953475885093212,4.113214506133071,0.416351318359375
Bonafide,25128.png,True,683.2,220.8138427734375,14.814584846418235,0.012336287647485733,3.4778433620142213,0.012264251708984375
Bonafide,25133.png,True,644.8,331.66485595703125,21.257426757971203,0.04978619143366814,4.788770668232871,0.00106048583984375
Bonafide,25148.png,True,603.2,1389.25634765625,11.517594666630837,0.04627278447151184,3.3506212176275696,0.10312652587890625
Bonafide,25162.png,True,683.2,213.937744140625,15.233910209820504,0.013128358870744705,5.923485036984963,0.012912750244140625
Bonafide,25164.png,True,616.0,413.8451843261719,10.896900005269217,0.02619321458041668,3.9760843600417894,0.008953094482421875
Bonafide,25170.png,True,702.4,630.8032836914062,13.720667141904517,0.02164349891245365,5.221374047040931,0.06616592407226562
Bonafide,25184.png,True,592.0,441.7587890625,10.184965943844041,0.023056907579302788,4.550834726810042,0.18900680541992188
Bonafide,25225.png,True,640.0,231.35643005371094,9.452864963916333,0.01721220463514328,4.066770839701219,0.000102996826171875
Bonafide,25258.png,True,654.4,394.1722717285156,14.206400377170725,0.026150071993470192,3.6510693300327293,0.01096343994140625
Bonafide,25296.png,True,696.0,149.0001220703125,8.008722781699936,0.022045260295271873,4.962341363613774,0.0001983642578125
Bonafide,25301.png,True,643.2,396.3016662597656,10.870864516037733,0.02163293957710266,3.499826371010634,0.03104400634765625
Bonafide,25312.png,True,718.4,442.6097106933594,10.586434624625333,0.01215845812112093,5.02122019236304,0.0005340576171875
Bonafide,25320.png,True,228.8,158.00987243652344,14.005077973488527,0.015586628578603268,3.4286835862819993,0.0187225341796875
Bonafide,25331.png,True,689.6,231.62966918945312,12.212131751496122,0.014545603655278683,3.2163919749312075,0.0001220703125
Bonafide,25343.png,True,700.8,525.9202880859375,14.555627170980653,0.03704295679926872,4.426939025614098,0.0332794189453125
Bonafide,25372.png,True,704.0,579.6290893554688,14.952414806309193,0.022739505395293236,5.500061199374074,0.001354217529296875
Bonafide,25377.png,True,640.0,255.6998748779297,8.79030028799555,0.016352487727999687,3.6944531788993045,0.00022125244140625
Bonafide,25396.png,True,686.4,226.5519256591797,12.184602168878405,0.013385612517595291,5.029956335791099,0.005611419677734375
Bonafide,25409.png,True,739.2,275.00323486328125,15.098387216577743,0.013801714405417442,5.621577504348061,0.08816146850585938
Bonafide,25436.png,True,662.4,147.6360321044922,10.27633716032913,0.019848434254527092,3.5445747261085545,0.01125335693359375
Bonafide,25438.png,True,649.6,751.1445922851562,17.537541579292984,0.03943801298737526,4.860607084072708,0.00197601318359375
Bonafide,25449.png,True,590.4,404.4988708496094,12.519532233167418,0.039801038801670074,5.340032935854649,0.00337982177734375
Bonafide,25462.png,True,681.6,305.869384765625,14.719477204931348,0.03885359317064285,4.884209129113584,0.01683807373046875
Bonafide,25467.png,True,715.2,211.6943359375,15.568203630588846,0.01670343056321144,5.323785997759723,0.16488265991210938
Bonafide,25493.png,True,619.2,418.9354248046875,10.765842638277224,0.025056717917323112,4.684853557579624,0.15917587280273438
Bonafide,25512.png,True,664.0,354.8849182128906,16.14912307933024,0.01240778248757124,5.172931897666487,0.3628807067871094
Bonafide,25527.png,True,656.0,174.31829833984375,12.573165485694403,0.01088128425180912,3.466970066780949,0.27936553955078125
Bonafide,25566.png,True,659.2,559.9044799804688,14.55793370533425,0.03222794085741043,5.110961943699075,0.05426025390625
Bonafide,25574.png,True,692.8,196.68885803222656,29.23933289200133,0.011068391613662243,5.250752946137091,0.072509765625
Bonafide,25583.png,True,720.0,308.76312255859375,31.74636175259778,0.019015610218048096,4.402723804614329,0.002017974853515625
Bonafide,25606.png,True,604.8,284.3465576171875,11.918750261726645,0.023830778896808624,3.7382077426006206,1.9073486328125e-05
Bonafide,25607.png,True,731.2,1375.1446533203125,13.358466366041867,0.08294263482093811,5.888010318641066,0.03841400146484375
Bonafide,25628.png,True,744.0,298.8346252441406,20.675953895551324,0.01625397428870201,5.371906802731197,0.007495880126953125
Bonafide,25631.png,True,644.8,419.29034423828125,17.498886795661356,0.02604660764336586,4.73906907916647,0.14531326293945312
Bonafide,25640.png,True,660.8,168.8803253173828,13.272192814714598,0.008623909205198288,5.477989491642823,0.019130706787109375
Bonafide,25642.png,True,680.0,344.1581115722656,6.9685896142000505,0.03457983210682869,4.686506421922689,0.01561737060546875
Bonafide,25648.png,True,620.8,266.3215026855469,11.792088239606366,0.019831638783216476,5.591666602055043,0.1136474609375
Bonafide,25684.png,True,696.0,785.9457397460938,15.970165696578146,0.0435139536857605,5.6231809554684,0.047458648681640625
Bonafide,25699.png,True,668.8,495.283203125,11.997223552568597,0.02371819317340851,3.9187011631859066,0.07475662231445312
Bonafide,25710.png,True,728.0,400.41162109375,10.72854109089895,0.015763677656650543,4.044489204343451,0.10070419311523438
Bonafide,25717.png,True,705.6,658.201171875,17.479848613244354,0.020448671653866768,4.8629171542022025,0.0
Bonafide,25746.png,True,704.0,617.1976318359375,17.77382916539306,0.0263378843665123,3.861759956311342,0.15676116943359375
Bonafide,25750.png,True,692.8,338.673095703125,9.015350456538666,0.02366095595061779,4.50696707459373,0.011943817138671875
Bonafide,25784.png,True,720.0,161.837646484375,15.196042991848078,0.01404027733951807,4.474313315310974,3.814697265625e-06
Bonafide,25786.png,True,660.8,156.1288299560547,12.477397573052595,0.014269684441387653,5.1246662639459055,0.0064697265625
Bonafide,25800.png,True,699.2,147.8809356689453,12.088427817753368,0.023943662643432617,4.938789359693805,0.0202789306640625
Bonafide,25829.png,True,840.0,591.0747680664062,15.47869949370329,0.03579963371157646,3.5883401625652454,0.003826141357421875
Bonafide,25837.png,False,,1310.125,16.108641091087918,0.06670472025871277,3.0885064829030044,0.03304290771484375
Bonafide,25863.png,True,668.8,145.4652557373047,13.652246253327675,0.011338920332491398,4.388368971520466,7.62939453125e-05
Bonafide,25866.png,True,688.0,125.19093322753906,12.055694831637934,0.018892768770456314,2.6100412298770475,0.00302886962890625
Bonafide,25892.png,True,678.4,1017.46435546875,9.7437658127749,0.0359363853931427,4.444585496899788,0.0130462646484375
Bonafide,25956.png,True,588.8,238.16531372070312,24.821762193615342,0.017168110236525536,5.235335048849797,0.04123687744140625
Bonafide,25963.png,True,665.6,145.91041564941406,13.37249204865595,0.017741288989782333,2.956510149303165,7.62939453125e-06
Bonafide,25981.png,True,688.0,401.5674133300781,13.491392330856007,0.020705755800008774,5.060639680150116,0.06451797485351562
Bonafide,25991.png,True,628.8,203.66806030273438,25.995838063964946,0.011949650011956692,4.026177334041844,0.34493255615234375
Bonafide,26013.png,True,633.6,532.760009765625,15.08048422193325,0.01688426360487938,2.8281380586958123,0.000118255615234375
Bonafide,26036.png,True,617.6,411.48480224609375,14.339421029179208,0.031185034662485123,4.636696856126772,0.02544403076171875
Bonafide,26041.png,True,700.8,645.3497924804688,14.772629236372625,0.024750659242272377,4.883641881134006,0.02112579345703125
Bonafide,26055.png,True,576.0,398.4815368652344,7.292734181801637,0.01949250139296055,4.202284322696401,0.0487823486328125
Bonafide,26062.png,True,571.2,492.5872497558594,18.939028356079866,0.02081582508981228,5.577643945721184,0.12397003173828125
Bonafide,26077.png,True,688.0,2025.503662109375,23.60711733039624,0.043165381997823715,2.7074774741209615,0.06655502319335938
Bonafide,26117.png,True,636.8,653.3866577148438,11.529519647444173,0.028927501291036606,4.685496316224359,0.000385284423828125
Bonafide,26139.png,True,681.6,542.7448120117188,14.23515774474447,0.015272662043571472,5.018929608055086,0.000598907470703125
Bonafide,26142.png,True,632.0,635.9710083007812,13.554090261652163,0.05619753897190094,3.5284865612045206,0.20729446411132812
Bonafide,26151.png,True,656.0,557.7926025390625,13.264734503093207,0.0348699726164341,4.22663723137535,0.007274627685546875
Bonafide,26154.png,True,635.2,600.7421264648438,11.601905059497724,0.03059927374124527,4.62353150281865,0.017749786376953125
Bonafide,26180.png,True,660.8,290.97161865234375,26.363780921697032,0.0275767520070076,4.480115111984972,0.020870208740234375
Bonafide,26186.png,True,632.0,186.85194396972656,7.65367715427634,0.015535642392933369,2.5869859016190397,1.52587890625e-05
Bonafide,26224.png,True,721.6,355.0307922363281,21.567791807209186,0.018073473125696182,4.339578666994594,0.14153289794921875
Bonafide,26235.png,True,662.4,257.2603454589844,35.143444653869906,0.0207351241260767,4.739280196886969,8.7738037109375e-05
Bonafide,26259.png,True,649.6,1075.5098876953125,8.364056588027763,0.053489502519369125,4.208438155024799,0.03794097900390625
Bonafide,26313.png,True,734.4,1800.8134765625,13.665688953771784,0.04015452414751053,4.336750257381608,0.004150390625
Bonafide,26314.png,True,716.8,100.6031723022461,18.484279997805746,0.0064149959944188595,5.504302788165106,2.288818359375e-05
Bonafide,26316.png,True,633.6,352.9952392578125,8.573193115619839,0.019301343709230423,4.247614491882624,0.038539886474609375
Bonafide,26317.png,True,707.2,265.9812927246094,17.07232579614086,0.018839802592992783,4.993865483254914,0.004566192626953125
Bonafide,26321.png,True,633.6,324.9751281738281,16.02712545534482,0.01706303283572197,5.436847087493259,0.0061187744140625
Bonafide,26333.png,True,678.4,190.02978515625,17.801465510537103,0.012394452467560768,4.33252060616779,0.0032196044921875
Bonafide,26341.png,True,633.6,423.8560485839844,13.294109148497844,0.01702950894832611,4.043341099682818,0.06513214111328125
Bonafide,26345.png,True,684.8,1284.126953125,11.290162223779998,0.061763495206832886,4.4037278691902,0.02310943603515625
Bonafide,26348.png,True,624.0,349.7753601074219,10.826420531020329,0.020547159016132355,4.269647516283699,0.06740570068359375
Bonafide,26370.png,True,702.4,193.74684143066406,10.133716784398962,0.016024725511670113,3.915322583868163,8.392333984375e-05
Bonafide,26374.png,True,649.6,713.4057006835938,20.378710420754633,0.02463678829371929,4.4478636714055355,0.00537109375
Bonafide,26400.png,True,761.6,139.86463928222656,8.741571591389436,0.013366291299462318,4.7761632776822465,0.02701568603515625
Bonafide,26405.png,True,728.0,227.73834228515625,13.150616031979693,0.013674433343112469,4.694993076428424,8.0108642578125e-05
Bonafide,26433.png,True,718.4,401.2591247558594,21.6087667300604,0.014096011407673359,4.36691922265498,0.17584609985351562
Bonafide,26454.png,True,668.8,618.2882690429688,13.234979427100495,0.028798971325159073,5.69800475256112,0.007259368896484375
Bonafide,26456.png,True,710.4,634.2406616210938,10.936897273986787,0.01616792567074299,3.835413312508102,0.10146331787109375
Bonafide,26467.png,True,644.8,246.5872344970703,10.017964780898092,0.010712671093642712,4.294390689844398,0.30477142333984375
Bonafide,26537.png,True,614.4,290.571044921875,9.846848534920456,0.014496322721242905,3.9038205605267757,3.0517578125e-05
Bonafide,26549.png,True,665.6,198.9779052734375,18.665872232182192,0.012761012651026249,3.532243773982706,0.12253570556640625
Bonafide,26556.png,True,630.4,119.77842712402344,11.888577294300017,0.010276764631271362,4.0220876968416315,0.01087188720703125
Bonafide,26618.png,True,641.6,289.2951965332031,11.918012133106062,0.021830711513757706,4.721970884425948,0.001708984375
Bonafide,26626.png,True,569.6,471.362548828125,14.106414970298966,0.021164877340197563,4.938848089996488,0.01729583740234375
Bonafide,26632.png,True,646.4,1160.448974609375,10.128829974742338,0.03834855183959007,4.887414311870101,0.03365325927734375
Bonafide,26634.png,True,675.2,438.5450744628906,7.3948524795910915,0.051575835794210434,2.5961587415240577,0.006450653076171875
Bonafide,26635.png,True,651.2,154.8070526123047,12.286272309049998,0.025639070197939873,2.2935421798738633,6.4849853515625e-05
Bonafide,26660.png,True,689.6,335.44671630859375,9.224094095980526,0.016824286431074142,4.714229995432358,0.000102996826171875
Bonafide,26669.png,True,592.0,118.37306213378906,9.153586848494832,0.01421571709215641,4.706275766625732,1.1444091796875e-05
Bonafide,26685.png,True,611.2,144.18186950683594,21.48737229747613,0.012538401409983635,3.9283644629233905,0.011569976806640625
Bonafide,26688.png,True,713.6,274.7969970703125,11.976703360280357,0.018342768773436546,3.578898586587793,0.03293609619140625
Bonafide,26698.png,True,640.0,164.81167602539062,9.845095540263719,0.010050516575574875,4.770840312720661,0.02603912353515625
Bonafide,26725.png,True,624.0,238.031982421875,13.827738526542928,0.0149767454713583,5.25437604626303,0.17368698120117188
Bonafide,26734.png,True,724.8,359.6564025878906,14.430231473787519,0.020296329632401466,4.71200828542395,0.10378646850585938
Bonafide,26762.png,True,729.6,424.8401184082031,14.829424404605627,0.024456577375531197,4.725084293322739,0.00311279296875
Bonafide,26765.png,True,168.0,10.239092826843262,9.62655043443536,0.010799779556691647,5.089822311749008,0.06642913818359375
Bonafide,26771.png,True,686.4,369.9271545410156,12.616706627430547,0.02369769662618637,4.000255929112225,0.0657501220703125
Bonafide,26795.png,True,716.8,247.70159912109375,14.526001538538765,0.015250526368618011,3.679062413400094,0.003673553466796875
Bonafide,26844.png,True,641.6,674.8161010742188,16.449112650162892,0.03926367685198784,4.3408682007053345,1.52587890625e-05
Bonafide,26845.png,True,616.0,304.4066162109375,24.46865150094603,0.016886796802282333,4.242379718417768,0.11589431762695312
Bonafide,26859.png,True,734.4,293.5015869140625,9.208821419715118,0.018441472202539444,3.7065292712230233,0.000415802001953125
Bonafide,26860.png,True,588.8,338.25604248046875,13.363497917076746,0.023087922483682632,4.263817761831264,0.050861358642578125
Bonafide,26868.png,True,643.2,203.40785217285156,7.8109504116141535,0.018891863524913788,3.7017354879667876,8.392333984375e-05
Bonafide,26881.png,True,643.2,449.27484130859375,29.67439218264064,0.02602187544107437,4.996652059594416,0.004276275634765625
Bonafide,26887.png,True,672.0,2598.37451171875,12.868985002862255,0.057854898273944855,3.094612235214407,0.0178985595703125
Bonafide,26907.png,True,720.0,381.8526306152344,16.65039169931688,0.01849971152842045,5.393026542080198,0.00724029541015625
Bonafide,26920.png,True,728.0,458.5904541015625,12.320869795274847,0.01982651837170124,3.9052084848570283,1.9073486328125e-05
Bonafide,26922.png,True,675.2,468.3750305175781,10.309783706728384,0.02483358606696129,3.9003551559070893,0.09398269653320312
Bonafide,26928.png,True,691.2,392.3144226074219,17.437511516484136,0.01928500458598137,4.565038738752324,0.00464630126953125
Bonafide,26987.png,True,668.8,394.95404052734375,21.014292338833652,0.01870371587574482,4.65212139104305,0.0176849365234375
Bonafide,26990.png,True,700.8,403.0223693847656,15.00996649842099,0.02196996845304966,6.157932303547687,0.06847000122070312
Bonafide,27028.png,True,532.8,228.52615356445312,19.75236366754099,0.017483608797192574,5.972497634731651,0.020511627197265625
Bonafide,27038.png,True,619.2,237.5350799560547,19.53826903596437,0.014004348777234554,3.915676037770802,0.0241241455078125
Bonafide,27041.png,True,665.6,153.6071014404297,11.895982630803491,0.008137434720993042,4.527579785199546,0.13170623779296875
Bonafide,27048.png,True,654.4,359.0726013183594,21.61424818223144,0.020495524629950523,3.8072595821343156,0.00933837890625
Bonafide,27065.png,True,696.0,401.83441162109375,21.824809961948894,0.01660299487411976,5.997199647998862,0.10870361328125
Bonafide,27078.png,True,721.6,1135.30810546875,17.276698600279605,0.0617370679974556,4.29231858782858,0.046794891357421875
Bonafide,27100.png,True,664.0,191.60067749023438,12.624840254315831,0.008924368768930435,5.615121908537473,0.04083251953125
Bonafide,27130.png,True,518.4,156.07034301757812,13.305646509355267,0.010437950491905212,6.350568096751803,0.0057525634765625
Bonafide,27142.png,True,748.8,104.73192596435547,13.754087903252726,0.0053331018425524235,4.837856699614986,0.001415252685546875
Bonafide,27173.png,True,585.6,206.9954376220703,11.618411881881034,0.014161854051053524,5.307694069073788,0.03641510009765625
Bonafide,27203.png,True,670.4,459.26995849609375,13.331105738568189,0.01728583127260208,4.664244013508165,0.1504058837890625
Bonafide,27208.png,True,603.2,321.4980773925781,11.135243896488971,0.010419595055282116,3.7244217476737402,0.01696014404296875
Bonafide,27302.png,True,672.0,1282.6978759765625,12.746375180420236,0.02983073517680168,5.016165960481856,0.07053756713867188
Bonafide,27327.png,True,691.2,156.59445190429688,17.542891733501158,0.015985220670700073,4.880473720493459,8.7738037109375e-05
Bonafide,27330.png,True,651.2,243.58604431152344,13.057028012903457,0.01682746596634388,4.066722073819142,0.000316619873046875
Bonafide,27339.png,True,619.2,316.5658264160156,6.6875112209827545,0.04385603591799736,4.705013681185434,8.7738037109375e-05
Bonafide,27378.png,True,699.2,461.52069091796875,11.69433550954051,0.04321599751710892,3.8995569155857592,0.00873565673828125
Bonafide,27401.png,True,680.0,454.5328063964844,12.83855450332897,0.018515395000576973,4.390996213588125,0.3474006652832031
Bonafide,27402.png,True,635.2,132.2703857421875,11.8888887818709,0.017281319946050644,3.517745547899968,0.021026611328125
Bonafide,27404.png,True,632.0,382.7937927246094,14.377058290156153,0.013336672447621822,3.802843739212456,0.23070144653320312
Bonafide,27415.png,True,704.0,212.6639404296875,15.560007201963195,0.011321472935378551,3.2920327228401565,0.0
Bonafide,27426.png,True,648.0,245.94723510742188,14.55589171236414,0.022633181884884834,4.991467814444485,0.004215240478515625
Bonafide,27484.png,True,603.2,472.2471008300781,11.708981845127433,0.02647736668586731,3.696503101314667,0.073577880859375
Bonafide,27498.png,True,206.4,53.43072509765625,10.949818668274817,0.015484098345041275,4.91727933935751,0.0127105712890625
Bonafide,27511.png,True,696.0,1770.7833251953125,12.229683275323003,0.214187353849411,5.06982143557732,0.0
Bonafide,27558.png,True,662.4,562.7865600585938,8.202858748879905,0.032849282026290894,4.095986296560906,0.00348663330078125
Bonafide,27560.png,True,697.6,144.21035766601562,11.389417480380903,0.00549990264698863,5.029843765022331,0.11454010009765625
Bonafide,27571.png,True,625.6,332.2806396484375,14.079507065499987,0.01612185128033161,4.270035227905234,0.2923316955566406
Bonafide,27582.png,True,763.2,186.90487670898438,9.161378108144607,0.010832899250090122,4.5735352507737375,0.03243255615234375
Bonafide,27588.png,True,648.0,214.67735290527344,8.416280288609263,0.010839971713721752,5.158001082150233,0.031940460205078125
Bonafide,27596.png,True,649.6,250.5078125,9.77905055116175,0.02081090398132801,3.213511315324233,0.04740142822265625
Bonafide,27605.png,True,646.4,262.55517578125,19.69169853758527,0.016699373722076416,4.0279228900165505,0.01074981689453125
Bonafide,27606.png,True,635.2,838.526611328125,13.00978288938252,0.05770156905055046,3.7407478317412375,0.001544952392578125
Bonafide,27630.png,True,672.0,138.30343627929688,12.727835497836882,0.008708657696843147,5.338168453005748,6.4849853515625e-05
Bonafide,27631.png,True,577.6,416.95587158203125,9.784405250768689,0.03505583480000496,4.600548303453041,0.0362548828125
Bonafide,27637.png,True,665.6,458.90802001953125,11.531585078617912,0.020170118659734726,5.970192783715926,0.09646224975585938
Bonafide,27659.png,True,609.6,244.599365234375,39.763214245505075,0.01641887053847313,5.0303909512010865,0.039012908935546875
Bonafide,27664.png,True,649.6,305.39190673828125,18.841121695422142,0.01035105250775814,4.768843621624786,0.00061798095703125
Bonafide,27674.png,True,739.2,959.0391845703125,14.105530370330683,0.05381374806165695,4.6700715054559545,0.050502777099609375
Bonafide,27699.png,True,625.6,285.5250244140625,10.885001825301483,0.011552302166819572,3.611003887870665,0.3475189208984375
Bonafide,27708.png,True,612.8,110.80624389648438,20.577799536579057,0.010582011193037033,3.9791139946865184,0.33995819091796875
Bonafide,27709.png,True,670.4,355.3912048339844,17.442223295604624,0.01717769354581833,6.357594304858217,0.060298919677734375
Bonafide,27735.png,True,619.2,608.8248291015625,15.785272998510067,0.03433941677212715,4.865410224401852,0.024593353271484375
Bonafide,27764.png,True,633.6,219.0284881591797,12.632484127659731,0.008700506761670113,5.2421711781044396,0.3164939880371094
Bonafide,27783.png,True,654.4,170.12200927734375,17.239884869682502,0.015941286459565163,4.09696921353767,0.057254791259765625
Bonafide,27791.png,True,660.8,263.045654296875,15.08973864695269,0.013240891508758068,5.255757929435718,0.010467529296875
Bonafide,27793.png,True,689.6,174.23085021972656,13.837984409490108,0.02049255184829235,4.842495145901977,0.001689910888671875
Bonafide,27808.png,True,662.4,249.22906494140625,11.04455382865208,0.011351688764989376,5.125820686102321,0.1097259521484375
Bonafide,27854.png,True,697.6,345.9809875488281,12.56349997007179,0.014983953908085823,4.086716268018372,0.045055389404296875
Bonafide,27871.png,True,668.8,641.16455078125,11.39561407675024,0.015954945236444473,4.46284614587408,0.002834320068359375
Bonafide,27879.png,True,616.0,69.10779571533203,26.824153327992963,0.008863215334713459,4.526018238747871,0.03936004638671875
Bonafide,27896.png,True,654.4,224.94773864746094,12.939866964937304,0.0145712336525321,4.387476413718503,0.003475189208984375
Bonafide,27909.png,True,664.0,408.252685546875,7.211891451908663,0.031119558960199356,3.6634146866883377,0.006282806396484375
Bonafide,27921.png,True,667.2,473.06072998046875,13.439916445438145,0.03694095090031624,4.387660547791128,0.001323699951171875
Bonafide,27927.png,True,688.0,302.5538024902344,15.324511862007396,0.02021973580121994,5.1597301557260655,0.00457763671875
Bonafide,27951.png,True,716.8,190.34872436523438,12.80675653164261,0.013815576210618019,3.8627979893608675,1.1444091796875e-05
Bonafide,27962.png,True,705.6,288.2582702636719,8.450878102808767,0.015286997891962528,3.820016216207975,0.0002288818359375
Bonafide,27976.png,True,635.2,288.6981201171875,11.816179325814778,0.012957928702235222,3.8180430608154134,0.0125885009765625
Bonafide,28001.png,True,636.8,2157.414306640625,13.872800977102031,0.06466461718082428,5.083903031730531,0.07137298583984375
Bonafide,28014.png,True,721.6,729.0138549804688,14.347765346134086,0.05022289976477623,4.026268003091587,0.000186920166015625
Bonafide,28017.png,True,673.6,278.0966491699219,35.4694070182262,0.023726265877485275,4.543296604071815,2.288818359375e-05
Bonafide,28021.png,True,630.4,433.3343505859375,18.42809034921092,0.02820165827870369,4.731556869674256,0.012287139892578125
Bonafide,28024.png,True,656.0,188.29437255859375,19.550189183891295,0.013281714171171188,3.1644121834550196,0.000675201416015625
Bonafide,28046.png,True,174.4,14.80553150177002,11.174241812150907,0.009469148702919483,4.338093724645539,0.0002288818359375
Bonafide,28051.png,True,675.2,239.71200561523438,7.921212078624323,0.008957951329648495,3.3431043653577066,0.004711151123046875
Bonafide,28090.png,True,654.4,363.0989685058594,16.099345955918427,0.018135976046323776,5.707873321607804,0.0673370361328125
Screens,00962.png,True,1134.3703125,404.0970764160156,19.99341568688113,0.031172141432762146,5.774044179127299,0.00026702880859375
Screens,00998.png,True,1825.2984375,449.01068115234375,9.888496402194942,0.03017214685678482,5.49400767316832,0.000202178955078125
Screens,01012.png,True,2133.3374999999996,337.571533203125,14.151337434142475,0.023256244137883186,6.423482439342182,1.1444091796875e-05
Screens,08794.png,True,2462.7890625,242.24903869628906,13.019990406248793,0.02227090112864971,5.7709704796454115,0.00316619873046875
Screens,10673.png,True,1657.8078125,1988.256103515625,11.50080308914338,0.14230504631996155,5.339946305274908,0.009857177734375
Screens,10684.png,True,1394.6890625,513.15771484375,15.235478182186036,0.019841648638248444,5.475490055303785,0.001674652099609375
Screens,10696.png,True,1293.8296875,823.5352783203125,16.594504385691955,0.046678099781274796,4.611962002799369,0.014820098876953125
Screens,10712.png,True,1211.51875,871.680908203125,17.92997924498115,0.06052299588918686,5.451926630289836,0.015514373779296875
Screens,10728.png,True,2209.875,359.7826232910156,16.351261558394455,0.03450467437505722,5.617661940694604,0.0248870849609375
Screens,10741.png,True,1920.7875000000001,1847.5565185546875,16.363915916710436,0.09518465399742126,5.053480897281746,0.02278900146484375
Screens,10744.png,True,1366.2421875,1129.71728515625,18.87916776069379,0.05877882242202759,3.759984902274426,0.007999420166015625
Screens,10881.png,True,1509.640625,361.841064453125,16.619966195609322,0.0577385239303112,4.250131499304301,0.000125885009765625
Screens,10889.png,True,1470.0656250000002,77.53347778320312,14.537878375364775,0.010740695521235466,5.1315362562124855,2.6702880859375e-05
Screens,10954.png,True,1510.4250000000002,698.5027465820312,36.073918047512095,0.049768462777137756,5.174168164962652,0.0005645751953125
Screens,10960.png,True,1664.578125,343.60125732421875,16.08344328920478,0.032422035932540894,4.412054442752147,0.0
Screens,10970.png,True,1607.8046875,466.29095458984375,15.945754004444684,0.026139678433537483,4.415743357174254,0.046459197998046875
Screens,10972.png,True,1451.515625,781.7340087890625,16.704804085829814,0.05599074438214302,3.989472232972343,0.01355743408203125
Screens,10992.png,True,1430.1828125000002,1501.0556640625,20.900639000634875,0.06548545509576797,4.230539976816373,0.0772552490234375
Screens,11040.png,True,1893.884375,964.6464233398438,32.880248857757365,0.036678705364465714,4.49835746078538,0.06322860717773438
Screens,11053.png,True,2546.4624999999996,491.5558776855469,20.429410572917366,0.0393826924264431,5.806230486628748,0.061786651611328125
Screens,11099.png,True,3186.225,164.63934326171875,7.588871428401697,0.011398868635296822,6.024530512015284,6.866455078125e-05
Screens,11117.png,True,3543.225,68.68427276611328,9.31355642597863,0.003975494299083948,5.66511889766549,7.62939453125e-06
Screens,11130.png,False,,619.2205810546875,7.550511432493744,0.03960072249174118,5.402621762086386,0.00301361083984375
