cls,file,id,width,height,mode,bytes,info_keys,n_exif,orientation,mean,std,mean_r,mean_g,mean_b
Bonafide,00962.png,962,1024,1024,RGB,1470926,,0,1,66.19555,55.198875,95.95432,51.21447,51.417816
Bonafide,00998.png,998,1024,1024,RGB,1394009,,0,1,125.769264,65.79722,148.93892,127.21205,101.1569
Bonafide,01012.png,1012,1024,1024,RGB,1623407,,0,1,69.89236,57.38174,90.501854,75.74888,43.42627
Bonafide,08794.png,8794,1024,1024,RGB,1584438,,0,1,133.164,64.98635,155.54346,129.33687,114.611755
Bonafide,10673.png,10673,1024,1024,RGB,1913701,,0,1,130.2913,51.164745,140.63779,119.78522,130.45076
Bonafide,10684.png,10684,1024,1024,RGB,1560768,,0,1,81.27451,73.39044,94.05496,76.66659,73.10199
Bonafide,10696.png,10696,1024,1024,RGB,1562831,,0,1,89.57076,56.490295,113.04813,84.241234,71.42299
Bonafide,10712.png,10712,1024,1024,RGB,1614737,,0,1,64.658936,63.31094,95.54464,53.790825,44.64136
Bonafide,10728.png,10728,1024,1024,RGB,1580100,,0,1,101.21354,58.337044,116.40504,95.79015,91.445435
Bonafide,10741.png,10741,1024,1024,RGB,1559023,,0,1,72.63384,59.250538,80.31784,75.085754,62.49791
Bonafide,10744.png,10744,1024,1024,RGB,1909030,,0,1,92.38776,65.798836,119.22,80.78517,77.15811
Bonafide,10881.png,10881,1024,1024,RGB,1456679,,0,1,133.10573,49.1544,147.78569,129.6149,121.91674
Bonafide,10889.png,10889,1024,1024,RGB,1383737,,0,1,102.06153,73.07388,135.41943,91.60277,79.16242
Bonafide,10954.png,10954,1024,1024,RGB,1701889,,0,1,120.97213,57.269714,122.12956,113.351006,127.43585
Bonafide,10960.png,10960,1024,1024,RGB,1624650,,0,1,142.26485,61.909668,177.59648,148.88422,100.31366
Bonafide,10970.png,10970,1024,1024,RGB,1615809,,0,1,130.5539,70.131294,141.06912,125.84977,124.74278
Bonafide,10972.png,10972,1024,1024,RGB,1751881,,0,1,94.69894,55.04109,119.903404,91.772514,72.420746
Bonafide,10992.png,10992,1024,1024,RGB,1871352,,0,1,93.5622,61.138386,104.68158,92.11813,83.886826
Bonafide,11040.png,11040,1024,1024,RGB,1527162,,0,1,111.767555,89.13605,125.14527,108.73272,101.42457
Bonafide,11053.png,11053,1024,1024,RGB,1399951,,0,1,116.02837,58.38142,133.7674,112.942726,101.375046
Bonafide,11099.png,11099,1024,1024,RGB,1593602,,0,1,104.07999,75.164474,111.2828,84.32933,116.62785
Bonafide,11117.png,11117,1024,1024,RGB,1515570,,0,1,84.87815,77.872154,105.82656,85.552734,63.255257
Bonafide,11130.png,11130,1024,1024,RGB,1431227,,0,1,109.635185,73.81319,118.41881,108.19248,102.29435
Bonafide,11154.png,11154,1024,1024,RGB,1429454,,0,1,91.3285,56.18737,104.90966,87.20485,81.87093
Bonafide,11166.png,11166,1024,1024,RGB,1527834,,0,1,166.9858,40.721397,171.75005,158.40356,170.80382
Bonafide,11174.png,11174,1024,1024,RGB,1647806,,0,1,155.2403,75.0934,179.63898,151.86859,134.21346
Bonafide,11185.png,11185,1024,1024,RGB,1576161,,0,1,59.476883,64.06846,89.69648,50.38334,38.35079
Bonafide,11193.png,11193,1024,1024,RGB,1538444,,0,1,65.829704,53.066063,90.11527,59.75676,47.61716
Bonafide,11196.png,11196,1024,1024,RGB,1523648,,0,1,91.740265,84.446846,145.16444,79.765465,50.29069
Bonafide,11233.png,11233,1024,1024,RGB,1551986,,0,1,148.69768,57.741734,186.22385,140.05447,119.81476
Bonafide,11237.png,11237,1024,1024,RGB,1751430,,0,1,82.27705,56.31641,108.055176,78.7139,60.06212
Bonafide,11261.png,11261,1024,1024,RGB,1554730,,0,1,94.73916,61.97386,113.516914,92.28483,78.415726
Bonafide,11280.png,11280,1024,1024,RGB,1317545,,0,1,112.20965,74.86733,114.26872,113.02011,109.33996
Bonafide,11308.png,11308,1024,1024,RGB,1577230,,0,1,86.171906,49.730495,104.5295,83.564095,70.42235
Bonafide,11311.png,11311,1024,1024,RGB,1607620,,0,1,172.58899,52.767807,183.81161,169.03796,164.91743
Bonafide,11312.png,11312,1024,1024,RGB,1547132,,0,1,147.48169,69.68492,172.6396,140.15108,129.65431
Bonafide,11322.png,11322,1024,1024,RGB,1191695,,0,1,173.82683,68.00107,193.84811,172.55263,155.07999
Bonafide,11326.png,11326,1024,1024,RGB,1636079,,0,1,105.40821,72.53297,133.332,101.84207,81.050674
Bonafide,11358.png,11358,1024,1024,RGB,1943897,,0,1,101.227936,61.290363,124.736755,98.6896,80.257355
Bonafide,11359.png,11359,1024,1024,RGB,1606067,,0,1,52.963673,59.465736,69.32155,48.29852,41.270905
Bonafide,11373.png,11373,1024,1024,RGB,1779914,,0,1,129.49371,61.051712,136.33405,123.88554,128.26114
Bonafide,11413.png,11413,1024,1024,RGB,1320036,,0,1,69.23283,39.981544,74.00464,66.80838,66.88557
Bonafide,11443.png,11443,1024,1024,RGB,1475075,,0,1,91.01471,69.160645,85.244194,86.735214,101.06456
Bonafide,11463.png,11463,1024,1024,RGB,1735501,,0,1,160.03394,63.5433,204.14919,152.25655,123.696045
Bonafide,11483.png,11483,1024,1024,RGB,1454797,,0,1,108.74105,63.30537,125.403885,110.013115,90.80618
Bonafide,11506.png,11506,1024,1024,RGB,1744810,,0,1,158.96327,64.625626,179.54276,163.8998,133.4474
Bonafide,11507.png,11507,1024,1024,RGB,1171444,,0,1,162.65982,53.28247,170.30957,155.08925,162.58063
Bonafide,11513.png,11513,1024,1024,RGB,1635594,,0,1,82.51168,70.07858,103.81999,77.34723,66.36775
Bonafide,11519.png,11519,1024,1024,RGB,1772132,,0,1,100.92804,73.86896,112.998985,95.11037,94.674835
Bonafide,11541.png,11541,1024,1024,RGB,1335734,,0,1,99.20608,48.879314,110.350685,94.715256,92.55244
Bonafide,11567.png,11567,1024,1024,RGB,1700962,,0,1,148.50342,48.741497,167.16496,146.70152,131.64417
Bonafide,11634.png,11634,1024,1024,RGB,1474009,,0,1,182.84016,62.75048,199.03543,178.34692,171.13832
Bonafide,11644.png,11644,1024,1024,RGB,1623563,,0,1,101.64188,59.78953,107.756676,106.73284,90.43604
Bonafide,11728.png,11728,1024,1024,RGB,1588603,,0,1,117.59671,69.99916,140.73648,116.37599,95.67761
Bonafide,11781.png,11781,1024,1024,RGB,1543889,,0,1,88.23883,65.44281,110.53305,87.21463,66.96884
Bonafide,11786.png,11786,1024,1024,RGB,1602297,,0,1,106.03182,68.4404,153.07617,107.84062,57.178555
Bonafide,11807.png,11807,1024,1024,RGB,1553923,,0,1,143.9598,64.40044,170.18178,136.84354,124.85397
Bonafide,11810.png,11810,1024,1024,RGB,1531923,,0,1,97.76904,45.58315,109.25793,95.50342,88.5458
Bonafide,11838.png,11838,1024,1024,RGB,1616482,,0,1,122.23197,56.984905,136.79784,124.827774,105.07035
Bonafide,11886.png,11886,1024,1024,RGB,1524976,,0,1,76.58273,52.620525,108.577034,78.634705,42.536415
Bonafide,11953.png,11953,1024,1024,RGB,1165628,,0,1,53.295193,41.05087,74.959465,47.726917,37.199078
Bonafide,11957.png,11957,1024,1024,RGB,1376704,,0,1,110.19586,63.19798,124.00924,118.35776,88.22076
Bonafide,11981.png,11981,1024,1024,RGB,1354526,,0,1,137.49406,56.4447,173.28122,153.07806,86.12311
Bonafide,11999.png,11999,1024,1024,RGB,1349977,,0,1,76.35756,66.072876,79.87315,70.19031,79.00912
Bonafide,12009.png,12009,1024,1024,RGB,1665584,,0,1,130.71953,50.53726,164.18842,127.287476,100.68275
Bonafide,12022.png,12022,1024,1024,RGB,1515459,,0,1,98.20145,68.748245,140.32211,76.65466,77.62765
Bonafide,12024.png,12024,1024,1024,RGB,1701794,,0,1,133.09023,55.263466,161.93365,126.1065,111.23053
Bonafide,12030.png,12030,1024,1024,RGB,1576176,,0,1,113.9587,65.58222,130.63976,110.39922,100.83709
Bonafide,12062.png,12062,1024,1024,RGB,1590192,,0,1,89.117004,42.67225,95.22456,94.72837,77.398155
Bonafide,12103.png,12103,1024,1024,RGB,1527343,,0,1,85.34162,56.128063,106.74425,83.24137,66.03931
Bonafide,12122.png,12122,1024,1024,RGB,1809933,,0,1,101.42624,58.133095,120.687325,97.54326,86.04829
Bonafide,12145.png,12145,1024,1024,RGB,1413640,,0,1,115.094025,45.29832,131.43034,116.89713,96.95456
Bonafide,12163.png,12163,1024,1024,RGB,1637057,,0,1,178.45314,41.71397,195.92093,169.19582,170.24272
Bonafide,12174.png,12174,1024,1024,RGB,1616063,,0,1,91.34268,52.071575,116.040924,86.99342,70.99373
Bonafide,12188.png,12188,1024,1024,RGB,1678793,,0,1,67.701164,52.407696,91.34163,56.460175,55.30161
Bonafide,12189.png,12189,1024,1024,RGB,1415378,,0,1,144.47983,70.62242,159.53293,138.45747,135.4488
Bonafide,12207.png,12207,1024,1024,RGB,1747377,,0,1,120.05249,56.68228,132.35225,121.06084,106.74425
Bonafide,12214.png,12214,1024,1024,RGB,1536939,,0,1,167.68486,63.49725,182.78973,155.29271,164.97202
Bonafide,12249.png,12249,1024,1024,RGB,1722652,,0,1,66.78724,57.000744,81.95664,65.6237,52.781406
Bonafide,12269.png,12269,1024,1024,RGB,1681667,,0,1,115.45355,61.34593,145.602,109.217575,91.54131
Bonafide,12278.png,12278,1024,1024,RGB,1432467,,0,1,77.169426,55.47553,97.63681,72.83598,61.035416
Bonafide,12302.png,12302,1024,1024,RGB,1441793,,0,1,166.59785,56.25369,182.26099,164.52235,153.01031
Bonafide,12320.png,12320,1024,1024,RGB,1600792,,0,1,104.391884,78.394775,135.78378,81.33083,96.06117
Bonafide,12332.png,12332,1024,1024,RGB,1667307,,0,1,103.84783,47.8647,121.09486,101.48872,88.95983
Bonafide,12349.png,12349,1024,1024,RGB,1434492,,0,1,62.4787,58.276863,79.539665,58.150936,49.745438
Bonafide,12357.png,12357,1024,1024,RGB,1482122,,0,1,115.95831,65.40848,122.19279,113.178116,112.50395
Bonafide,12368.png,12368,1024,1024,RGB,1529701,,0,1,122.03129,68.630424,145.48323,118.85731,101.75336
Bonafide,12383.png,12383,1024,1024,RGB,1567888,,0,1,67.797585,68.67271,100.86649,55.394276,47.13195
Bonafide,12385.png,12385,1024,1024,RGB,1174989,,0,1,49.54422,50.690964,60.892582,47.32579,40.41436
Bonafide,12412.png,12412,1024,1024,RGB,1600187,,0,1,117.799965,72.426094,121.88216,111.96014,119.55767
Bonafide,12444.png,12444,1024,1024,RGB,1623963,,0,1,103.76532,56.248245,121.95778,99.70464,89.63376
Bonafide,12461.png,12461,1024,1024,RGB,1535453,,0,1,115.820465,60.373737,154.28021,106.99205,86.189095
Bonafide,12465.png,12465,1024,1024,RGB,1804493,,0,1,100.2228,56.330578,112.38157,102.92645,85.36039
Bonafide,12471.png,12471,1024,1024,RGB,1342836,,0,1,176.6772,64.17038,191.25859,173.14952,165.62364
Bonafide,12481.png,12481,1024,1024,RGB,1953860,,0,1,121.229065,48.77574,137.84157,112.57354,113.27206
Bonafide,12482.png,12482,1024,1024,RGB,1676060,,0,1,72.08552,60.46377,94.594826,71.08699,50.57477
Bonafide,12533.png,12533,1024,1024,RGB,1392236,,0,1,63.96278,46.24639,77.66631,61.744713,52.47727
Bonafide,12562.png,12562,1024,1024,RGB,1418909,,0,1,83.72422,80.45412,96.69699,75.80669,78.66889
Bonafide,12569.png,12569,1024,1024,RGB,1612529,,0,1,144.64565,68.36459,161.09622,137.44424,135.39648
Bonafide,12605.png,12605,1024,1024,RGB,1398240,,0,1,118.94102,72.69391,124.49569,115.467705,116.859665
Bonafide,12616.png,12616,1024,1024,RGB,1830398,,0,1,70.6173,70.707184,68.34613,72.16241,71.343445
Bonafide,12702.png,12702,1024,1024,RGB,1537936,,0,1,117.39474,70.64373,130.01764,106.382126,115.78455
Bonafide,12705.png,12705,1024,1024,RGB,1665863,,0,1,120.69244,65.226425,140.82321,102.85159,118.40247
Bonafide,12714.png,12714,1024,1024,RGB,1509508,,0,1,113.6275,73.92136,125.94626,109.82522,105.11105
Bonafide,12735.png,12735,1024,1024,RGB,1303373,,0,1,144.92763,70.96201,194.23846,132.73613,107.80863
Bonafide,12770.png,12770,1024,1024,RGB,1330237,,0,1,130.71228,58.62326,162.906,133.5551,95.67588
Bonafide,12818.png,12818,1024,1024,RGB,1804618,,0,1,75.035774,62.883602,89.03146,71.07117,65.00462
Bonafide,12871.png,12871,1024,1024,RGB,1511940,,0,1,70.75698,50.837585,82.772,63.438717,66.060165
Bonafide,12872.png,12872,1024,1024,RGB,1357242,,0,1,70.93037,53.36916,94.94869,69.447426,48.394966
Bonafide,12880.png,12880,1024,1024,RGB,1255817,,0,1,79.37441,63.93197,89.053154,80.493126,68.576866
Bonafide,12934.png,12934,1024,1024,RGB,1683735,,0,1,103.919395,44.57733,119.46674,101.15315,91.13807
Bonafide,12979.png,12979,1024,1024,RGB,1593079,,0,1,138.52621,44.019253,158.82123,133.48788,123.26936
Bonafide,12994.png,12994,1024,1024,RGB,1541246,,0,1,109.425514,63.364567,133.46025,111.57079,83.24561
Bonafide,12998.png,12998,1024,1024,RGB,1528492,,0,1,105.54541,57.96505,142.69005,94.196976,79.74949
Bonafide,13013.png,13013,1024,1024,RGB,1640633,,0,1,94.31228,65.41362,114.90752,88.453354,79.576126
Bonafide,13037.png,13037,1024,1024,RGB,1485093,,0,1,135.61273,74.35014,149.53366,135.58366,121.72082
Bonafide,13045.png,13045,1024,1024,RGB,1210131,,0,1,60.80786,51.00797,71.94175,63.753727,46.728153
Bonafide,13046.png,13046,1024,1024,RGB,1488643,,0,1,65.4166,58.39928,81.41285,58.872147,55.964775
Bonafide,13079.png,13079,1024,1024,RGB,1449192,,0,1,88.441246,58.39671,97.48729,82.74367,85.09278
Bonafide,13121.png,13121,1024,1024,RGB,1396687,,0,1,88.25773,63.101376,116.33286,85.27497,63.16528
Bonafide,13124.png,13124,1024,1024,RGB,1446918,,0,1,115.51648,60.241573,137.33409,108.88992,100.325356
Bonafide,13152.png,13152,1024,1024,RGB,1663758,,0,1,134.96507,56.752823,156.24011,128.33879,120.31645
Bonafide,13157.png,13157,1024,1024,RGB,1485361,,0,1,119.55322,55.621944,141.99417,111.64224,105.023544
Bonafide,13247.png,13247,1024,1024,RGB,1271678,,0,1,83.06209,65.374466,105.03188,77.01283,67.1415
Bonafide,13257.png,13257,1024,1024,RGB,1442565,,0,1,127.70239,90.925674,146.41397,122.24902,114.44416
Bonafide,13328.png,13328,1024,1024,RGB,1919138,,0,1,131.45479,74.96929,109.91375,129.97588,154.47447
Bonafide,13344.png,13344,1024,1024,RGB,1536785,,0,1,185.16505,64.517525,199.16818,176.80836,179.51854
Bonafide,13345.png,13345,1024,1024,RGB,1689388,,0,1,115.42721,64.673874,128.73203,108.25679,109.29271
Bonafide,13355.png,13355,1024,1024,RGB,1240958,,0,1,158.44757,56.5479,183.77882,158.40057,133.16324
Bonafide,13357.png,13357,1024,1024,RGB,1554954,,0,1,82.552284,53.066463,90.86697,79.78893,77.00092
Bonafide,13363.png,13363,1024,1024,RGB,1617885,,0,1,121.227356,74.20474,129.32953,105.07653,129.2762
Bonafide,13382.png,13382,1024,1024,RGB,1676755,,0,1,130.58235,50.977627,151.2976,128.92043,111.5291
Bonafide,13386.png,13386,1024,1024,RGB,1598883,,0,1,123.165985,50.50364,146.1754,119.818436,103.50407
Bonafide,13388.png,13388,1024,1024,RGB,1709818,,0,1,160.70964,63.200356,200.66814,148.88037,132.58038
Bonafide,13396.png,13396,1024,1024,RGB,1746345,,0,1,148.32295,80.869934,169.92816,146.29236,128.7486
Bonafide,13410.png,13410,1024,1024,RGB,1525114,,0,1,98.59612,56.8461,115.58523,93.73366,86.46939
Bonafide,13414.png,13414,1024,1024,RGB,1620348,,0,1,65.5209,48.930103,85.58282,63.167084,47.812763
Bonafide,13461.png,13461,1024,1024,RGB,1328856,,0,1,112.4911,48.48864,132.55211,108.40031,96.52094
Bonafide,13478.png,13478,1024,1024,RGB,1530561,,0,1,82.72603,57.027203,106.17731,74.52915,67.47161
Bonafide,13497.png,13497,1024,1024,RGB,1472510,,0,1,131.8862,74.850204,126.46001,138.82568,130.37294
Bonafide,13502.png,13502,1024,1024,RGB,1418987,,0,1,135.85286,73.76065,164.84662,126.19005,116.522026
Bonafide,13530.png,13530,1024,1024,RGB,1410152,,0,1,119.81201,45.52779,123.97423,118.77436,116.6875
Bonafide,13537.png,13537,1024,1024,RGB,1433520,,0,1,164.45848,49.706287,171.8578,163.36166,158.15598
Bonafide,13562.png,13562,1024,1024,RGB,1215624,,0,1,172.71002,74.12769,193.60939,165.2897,159.23111
Bonafide,13568.png,13568,1024,1024,RGB,1536709,,0,1,117.87015,58.42283,133.43513,112.87952,107.29582
Bonafide,13582.png,13582,1024,1024,RGB,1220729,,0,1,149.30064,79.82237,164.07019,145.50456,138.32738
Bonafide,13583.png,13583,1024,1024,RGB,1507962,,0,1,139.77843,53.868675,174.4634,136.8614,108.010475
Bonafide,13597.png,13597,1024,1024,RGB,1575875,,0,1,79.51623,75.08454,88.825,71.03266,78.691086
Bonafide,13610.png,13610,1024,1024,RGB,1714641,,0,1,103.96461,71.01303,126.40418,98.55323,86.9366
Bonafide,13620.png,13620,1024,1024,RGB,1427494,,0,1,88.17791,59.103855,95.073875,87.44292,82.01697
Bonafide,13638.png,13638,1024,1024,RGB,1363946,,0,1,96.25354,64.47468,99.89121,96.56306,92.306274
Bonafide,13640.png,13640,1024,1024,RGB,1214190,,0,1,78.5247,56.45773,91.326805,74.64827,69.59898
Bonafide,13695.png,13695,1024,1024,RGB,1682129,,0,1,68.89065,41.118202,79.61552,64.598656,62.457794
Bonafide,13715.png,13715,1024,1024,RGB,1633737,,0,1,115.162834,65.93327,130.60971,106.65529,108.22324
Bonafide,13719.png,13719,1024,1024,RGB,1823689,,0,1,84.90073,55.642376,98.284195,75.99136,80.426544
Bonafide,13753.png,13753,1024,1024,RGB,1711744,,0,1,101.98633,74.16519,147.62898,94.13144,64.19866
Bonafide,13777.png,13777,1024,1024,RGB,1484014,,0,1,90.72885,77.844246,145.62895,83.107346,43.4504
Bonafide,13836.png,13836,1024,1024,RGB,1751859,,0,1,105.342224,60.733513,122.6146,102.5705,90.84146
Bonafide,13871.png,13871,1024,1024,RGB,1650934,,0,1,139.19514,59.52397,154.89429,147.26526,115.425865
Bonafide,13890.png,13890,1024,1024,RGB,1633083,,0,1,83.58517,76.76851,105.58098,78.65468,66.519936
Bonafide,13925.png,13925,1024,1024,RGB,1620618,,0,1,83.97817,51.44561,96.48439,81.349365,74.10082
Bonafide,13993.png,13993,1024,1024,RGB,1649604,,0,1,116.79403,63.24397,139.85292,115.04965,95.47952
Bonafide,13999.png,13999,1024,1024,RGB,1406581,,0,1,106.18798,62.357384,127.52963,106.28923,84.74503
Bonafide,14019.png,14019,1024,1024,RGB,1416066,,0,1,93.3644,73.15548,118.654274,91.654015,69.78491
Bonafide,14036.png,14036,1024,1024,RGB,1379933,,0,1,136.58347,70.18443,147.2673,136.17316,126.30972
Bonafide,14055.png,14055,1024,1024,RGB,1558789,,0,1,122.03402,80.91516,136.15553,114.4317,115.51451
Bonafide,14062.png,14062,1024,1024,RGB,1445871,,0,1,56.10635,50.700153,89.284164,46.533745,32.501045
Bonafide,14066.png,14066,1024,1024,RGB,1483001,,0,1,97.09878,70.74902,102.70197,95.31053,93.28389
Bonafide,14067.png,14067,1024,1024,RGB,1812804,,0,1,135.2758,79.643005,161.80585,133.64087,110.38068
Bonafide,14083.png,14083,1024,1024,RGB,1374632,,0,1,137.8346,81.03159,166.33745,132.54198,114.62448
Bonafide,14088.png,14088,1024,1024,RGB,1536555,,0,1,62.99965,59.08583,85.207565,57.133884,46.65744
Bonafide,14164.png,14164,1024,1024,RGB,1602914,,0,1,176.58766,45.4798,187.40912,180.32002,162.03395
Bonafide,14201.png,14201,1024,1024,RGB,1482272,,0,1,110.94268,72.47441,130.03647,105.39848,97.393135
Bonafide,14215.png,14215,1024,1024,RGB,1560668,,0,1,150.29356,61.511066,174.077,143.01271,133.791
Bonafide,14220.png,14220,1024,1024,RGB,1572379,,0,1,76.83416,69.26536,110.131805,70.38201,49.988632
Bonafide,14224.png,14224,1024,1024,RGB,1475245,,0,1,102.8357,53.875362,123.81205,97.98039,86.7148
Bonafide,14261.png,14261,1024,1024,RGB,1245065,,0,1,79.88108,82.8379,85.35926,78.23996,76.04397
Bonafide,14285.png,14285,1024,1024,RGB,1476509,,0,1,51.779865,58.7039,68.32306,46.584656,40.43193
Bonafide,14392.png,14392,1024,1024,RGB,1593059,,0,1,115.93281,71.479675,115.07701,110.12421,122.59724
Bonafide,14394.png,14394,1024,1024,RGB,1695918,,0,1,93.85071,72.49517,118.77918,90.479515,72.293396
Bonafide,14397.png,14397,1024,1024,RGB,1446292,,0,1,135.3785,81.0364,152.66531,135.48325,117.986786
Bonafide,14407.png,14407,1024,1024,RGB,1517751,,0,1,102.5502,64.821815,125.71739,92.95701,88.976234
Bonafide,14413.png,14413,1024,1024,RGB,1537487,,0,1,155.87907,64.43701,188.35443,146.30505,132.97758
Bonafide,14416.png,14416,1024,1024,RGB,1495155,,0,1,102.09122,64.103455,113.51492,99.745804,93.01306
Bonafide,14419.png,14419,1024,1024,RGB,1520377,,0,1,130.39381,77.500694,152.31087,129.30095,109.56957
Bonafide,14439.png,14439,1024,1024,RGB,1323385,,0,1,145.12292,41.332935,167.97876,140.8904,126.4998
Bonafide,14511.png,14511,1024,1024,RGB,1554043,,0,1,137.218,74.13646,156.82414,133.29675,121.533134
Bonafide,14512.png,14512,1024,1024,RGB,1396638,,0,1,113.072266,53.75004,128.39005,109.20037,101.626465
Bonafide,14515.png,14515,1024,1024,RGB,1568427,,0,1,84.73994,42.070248,95.55848,80.11406,78.54728
Bonafide,14540.png,14540,1024,1024,RGB,1475301,,0,1,111.7785,61.175674,128.33617,109.15868,97.840706
Bonafide,14555.png,14555,1024,1024,RGB,1439323,,0,1,112.167114,55.544453,126.311035,111.762764,98.42752
Bonafide,14593.png,14593,1024,1024,RGB,1496589,,0,1,88.9302,62.685734,98.59722,90.6001,77.5932
Bonafide,14619.png,14619,1024,1024,RGB,1501627,,0,1,112.00944,58.50026,127.22322,107.35899,101.44609
Bonafide,14663.png,14663,1024,1024,RGB,1502337,,0,1,110.91965,59.967285,130.81519,108.80718,93.13649
Bonafide,14678.png,14678,1024,1024,RGB,1520728,,0,1,136.49986,67.39757,154.7232,136.16975,118.6067
Bonafide,14686.png,14686,1024,1024,RGB,1619949,,0,1,120.052734,62.812904,140.70369,117.861664,101.59277
Bonafide,14701.png,14701,1024,1024,RGB,1488033,,0,1,105.19061,52.04761,118.739044,107.09383,89.73915
Bonafide,14708.png,14708,1024,1024,RGB,1686778,,0,1,104.23865,52.139225,118.44631,99.95055,94.31919
Bonafide,14713.png,14713,1024,1024,RGB,1400940,,0,1,91.41876,61.615658,141.72176,89.60755,42.927155
Bonafide,14723.png,14723,1024,1024,RGB,1327801,,0,1,135.2672,58.230457,144.22026,133.83392,127.74744
Bonafide,14735.png,14735,1024,1024,RGB,1553347,,0,1,169.37762,55.63963,191.2728,166.30084,150.55948
Bonafide,14742.png,14742,1024,1024,RGB,1788264,,0,1,71.68564,46.327908,85.56993,70.3652,59.121742
Bonafide,14764.png,14764,1024,1024,RGB,1424736,,0,1,123.138954,52.507866,143.67496,122.61819,103.123764
Bonafide,14784.png,14784,1024,1024,RGB,1540975,,0,1,98.966774,65.39373,105.63834,98.86798,92.39404
Bonafide,14812.png,14812,1024,1024,RGB,1434144,,0,1,153.09558,58.520298,169.45987,150.01083,139.8161
Bonafide,14822.png,14822,1024,1024,RGB,1522812,,0,1,121.242805,95.49483,176.40968,138.23279,49.085873
Bonafide,14862.png,14862,1024,1024,RGB,1525832,,0,1,161.58412,72.80017,176.94658,155.11523,152.69038
Bonafide,14885.png,14885,1024,1024,RGB,1482915,,0,1,80.84699,58.861034,93.23569,77.50946,71.79585
Bonafide,14899.png,14899,1024,1024,RGB,1485708,,0,1,89.920876,82.26134,125.32138,85.90607,58.535046
Bonafide,14909.png,14909,1024,1024,RGB,1609343,,0,1,103.50527,65.584404,148.26428,100.63499,61.61649
Bonafide,14921.png,14921,1024,1024,RGB,1263582,,0,1,110.40482,73.21125,118.15822,121.82309,91.23311
Bonafide,14930.png,14930,1024,1024,RGB,1711228,,0,1,133.9553,58.944252,168.00082,129.40462,104.46066
Bonafide,14977.png,14977,1024,1024,RGB,1570008,,0,1,87.55248,55.709732,105.43399,89.22893,67.99439
Bonafide,15038.png,15038,1024,1024,RGB,989467,,0,1,174.62776,50.88436,189.60686,168.07603,166.20053
Bonafide,15084.png,15084,1024,1024,RGB,1572110,,0,1,178.55829,52.083122,200.01045,182.78221,152.88214
Bonafide,15121.png,15121,1024,1024,RGB,1609727,,0,1,114.71939,66.459724,127.460434,122.47652,94.22115
Bonafide,15132.png,15132,1024,1024,RGB,1408557,,0,1,169.40193,72.66783,213.54924,148.75406,145.90273
Bonafide,15139.png,15139,1024,1024,RGB,1463397,,0,1,120.421165,76.90411,159.8441,108.3372,93.08203
Bonafide,15140.png,15140,1024,1024,RGB,1715165,,0,1,123.840126,57.586002,154.43896,114.2969,102.78439
Bonafide,15156.png,15156,1024,1024,RGB,1495964,,0,1,88.93951,69.76127,115.00152,85.86432,65.95262
Bonafide,15170.png,15170,1024,1024,RGB,1628733,,0,1,110.403656,57.32749,125.750534,104.54692,100.91336
Bonafide,15174.png,15174,1024,1024,RGB,1615842,,0,1,111.305084,49.33159,125.895424,111.53375,96.48621
Bonafide,15219.png,15219,1024,1024,RGB,1513878,,0,1,107.47122,62.94092,128.92445,103.34687,90.14224
Bonafide,15237.png,15237,1024,1024,RGB,1673130,,0,1,127.77401,54.634518,146.19406,122.504814,114.62315
Bonafide,15238.png,15238,1024,1024,RGB,1574314,,0,1,105.62427,58.38827,116.39128,101.00833,99.473015
Bonafide,15240.png,15240,1024,1024,RGB,1520108,,0,1,93.97564,67.30299,112.94646,79.98746,88.993034
Bonafide,15243.png,15243,1024,1024,RGB,1397222,,0,1,157.29102,50.97695,171.72665,157.4191,142.72723
Bonafide,15255.png,15255,1024,1024,RGB,1479076,,0,1,121.47135,57.067772,142.37738,116.620346,105.41646
Bonafide,15286.png,15286,1024,1024,RGB,1566024,,0,1,103.16166,64.32419,114.22988,96.687416,98.56758
Bonafide,15305.png,15305,1024,1024,RGB,1547411,,0,1,97.97578,63.51602,114.66918,89.4414,89.81679
Bonafide,15326.png,15326,1024,1024,RGB,1829989,,0,1,80.34849,46.878613,92.63729,81.04025,67.36799
Bonafide,15336.png,15336,1024,1024,RGB,1631517,,0,1,103.268394,68.711876,122.06771,99.120735,88.61684
Bonafide,15370.png,15370,1024,1024,RGB,1444356,,0,1,95.34144,58.606552,100.430084,88.9347,96.65959
Bonafide,15376.png,15376,1024,1024,RGB,1971408,,0,1,108.79221,65.313736,123.74139,106.79704,95.83817
Bonafide,15386.png,15386,1024,1024,RGB,1818681,,0,1,128.27565,80.706505,159.54723,121.169556,104.11027
Bonafide,15390.png,15390,1024,1024,RGB,1502376,,0,1,123.23971,68.46806,143.59956,117.015656,109.10405
Bonafide,15407.png,15407,1024,1024,RGB,1673162,,0,1,141.18004,56.90106,148.39165,138.28973,136.8589
Bonafide,15421.png,15421,1024,1024,RGB,1420785,,0,1,166.14256,62.5568,175.08278,164.12808,159.2168
Bonafide,15459.png,15459,1024,1024,RGB,1445711,,0,1,79.51971,57.245148,94.10095,79.93199,64.526184
Bonafide,15469.png,15469,1024,1024,RGB,1571875,,0,1,81.5003,66.291435,94.1143,76.2167,74.169914
Bonafide,15470.png,15470,1024,1024,RGB,1774541,,0,1,159.38474,61.056248,178.11848,157.08972,142.94598
Bonafide,15554.png,15554,1024,1024,RGB,1276225,,0,1,145.54977,77.4016,179.35794,158.48643,98.80463
Bonafide,15581.png,15581,1024,1024,RGB,1690370,,0,1,114.891655,57.689377,135.8498,109.96927,98.855934
Bonafide,15609.png,15609,1024,1024,RGB,1510147,,0,1,139.03581,48.71054,145.02684,134.6287,137.45197
Bonafide,15636.png,15636,1024,1024,RGB,1448891,,0,1,137.0107,88.83693,152.50893,134.99187,123.53147
Bonafide,15637.png,15637,1024,1024,RGB,1453906,,0,1,123.39666,71.65689,156.2203,116.928604,97.04103
Bonafide,15683.png,15683,1024,1024,RGB,1422123,,0,1,162.0363,75.76782,200.94888,143.93729,141.22264
Bonafide,15699.png,15699,1024,1024,RGB,1693807,,0,1,86.46896,56.228336,119.04039,74.00486,66.36154
Bonafide,15718.png,15718,1024,1024,RGB,1600367,,0,1,99.001976,74.359535,125.899414,101.43397,69.67253
Bonafide,15722.png,15722,1024,1024,RGB,1585433,,0,1,104.538185,49.71272,123.78082,102.484695,87.349075
Bonafide,15773.png,15773,1024,1024,RGB,1607650,,0,1,148.48262,57.29365,178.54526,134.97148,131.93118
Bonafide,15783.png,15783,1024,1024,RGB,1849623,,0,1,192.97504,35.53634,206.79935,194.01877,178.10736
Bonafide,15787.png,15787,1024,1024,RGB,1600275,,0,1,113.26248,58.792545,146.96913,107.79594,85.022224
Bonafide,15804.png,15804,1024,1024,RGB,1348819,,0,1,119.5006,79.04961,141.57985,119.92077,97.00144
Bonafide,15841.png,15841,1024,1024,RGB,1676502,,0,1,117.27126,54.11022,130.959,113.51864,107.33609
Bonafide,15843.png,15843,1024,1024,RGB,1475920,,0,1,144.40282,59.444824,153.5756,142.69583,136.93694
Bonafide,15851.png,15851,1024,1024,RGB,1475972,,0,1,104.474846,51.178143,132.77942,101.14152,79.50365
Bonafide,15860.png,15860,1024,1024,RGB,1647804,,0,1,87.55899,63.99214,108.613754,85.69473,68.368416
Bonafide,15883.png,15883,1024,1024,RGB,1829632,,0,1,124.76321,60.081196,119.37476,123.055504,131.8592
Bonafide,15915.png,15915,1024,1024,RGB,1154340,,0,1,107.05823,88.702156,118.46363,103.37402,99.33702
Bonafide,15947.png,15947,1024,1024,RGB,1319333,,0,1,46.789272,51.908104,63.1019,44.69431,32.57157
Bonafide,15965.png,15965,1024,1024,RGB,1577645,,0,1,86.99876,64.63147,116.39476,83.81105,60.79045
Bonafide,15983.png,15983,1024,1024,RGB,1547550,,0,1,134.00172,75.30547,157.32353,130.70148,113.980194
Bonafide,16038.png,16038,1024,1024,RGB,1542492,,0,1,164.30928,55.90822,202.16232,170.08023,120.685295
Bonafide,16049.png,16049,1024,1024,RGB,1511182,,0,1,106.259285,56.15084,128.34267,102.15388,88.28119
Bonafide,16068.png,16068,1024,1024,RGB,1341120,,0,1,108.04307,49.26317,140.70047,100.494,82.93475
Bonafide,16079.png,16079,1024,1024,RGB,1596046,,0,1,108.33322,53.30708,148.51752,108.52151,67.960625
Bonafide,16102.png,16102,1024,1024,RGB,1560243,,0,1,99.27256,65.028694,137.32573,91.781296,68.71058
Bonafide,16116.png,16116,1024,1024,RGB,1782613,,0,1,81.55213,72.79986,121.63732,70.76136,52.257767
Bonafide,16132.png,16132,1024,1024,RGB,1550097,,0,1,138.87468,78.42491,155.9962,135.26665,125.36126
Bonafide,16170.png,16170,1024,1024,RGB,1483807,,0,1,71.62376,36.82099,79.981834,68.718765,66.17065
Bonafide,16193.png,16193,1024,1024,RGB,1604811,,0,1,70.57928,69.72504,84.05648,72.57589,55.10547
Bonafide,16205.png,16205,1024,1024,RGB,1560137,,0,1,99.82529,54.126453,104.651085,101.412224,93.4125
Bonafide,16220.png,16220,1024,1024,RGB,1376958,,0,1,95.442604,56.45358,107.566124,91.2599,87.501755
Bonafide,16223.png,16223,1024,1024,RGB,1553273,,0,1,84.06217,66.654594,114.239296,74.65656,63.290688
Bonafide,16229.png,16229,1024,1024,RGB,1759691,,0,1,93.39745,74.03518,113.81083,85.12293,81.25851
Bonafide,16241.png,16241,1024,1024,RGB,1533467,,0,1,141.85817,63.634,156.30518,144.9608,124.30844
Bonafide,16243.png,16243,1024,1024,RGB,1660825,,0,1,101.4024,61.183495,106.588936,100.57546,97.04266
Bonafide,16259.png,16259,1024,1024,RGB,1477696,,0,1,169.27007,45.983356,191.83298,165.61067,150.36668
Bonafide,16260.png,16260,1024,1024,RGB,1639373,,0,1,125.72805,69.96288,161.5267,126.0267,89.63074
Bonafide,16298.png,16298,1024,1024,RGB,1485132,,0,1,117.78311,69.81285,128.49054,114.57951,110.27921
Bonafide,16311.png,16311,1024,1024,RGB,1329525,,0,1,120.10662,83.75759,138.11296,121.244705,100.96215
Bonafide,16321.png,16321,1024,1024,RGB,1781569,,0,1,91.68906,55.89356,104.06986,88.67899,82.31828
Bonafide,16337.png,16337,1024,1024,RGB,1622155,,0,1,78.88152,64.38121,98.1522,75.16207,63.33024
Bonafide,16367.png,16367,1024,1024,RGB,1559005,,0,1,85.320724,57.64768,96.01325,81.36941,78.57941
Bonafide,16397.png,16397,1024,1024,RGB,1653622,,0,1,104.77419,78.23207,120.08937,97.126884,97.10635
Bonafide,16402.png,16402,1024,1024,RGB,1320186,,0,1,68.937454,58.046436,66.74469,64.97692,75.09073
Bonafide,16405.png,16405,1024,1024,RGB,1604858,,0,1,93.66096,60.46236,119.12659,88.720406,73.13585
Bonafide,16412.png,16412,1024,1024,RGB,1471733,,0,1,121.89578,50.731583,128.52563,121.0805,116.08139
Bonafide,16469.png,16469,1024,1024,RGB,1573792,,0,1,133.09778,62.624725,169.92667,129.00551,100.36097
Bonafide,16486.png,16486,1024,1024,RGB,1588621,,0,1,105.12597,47.834873,121.35175,100.370674,93.6554
Bonafide,16529.png,16529,1024,1024,RGB,1497317,,0,1,101.14318,74.68798,130.17325,94.20983,79.04646
Bonafide,16535.png,16535,1024,1024,RGB,1294270,,0,1,175.49873,76.08541,196.22038,171.05562,159.2199
Bonafide,16557.png,16557,1024,1024,RGB,1513774,,0,1,103.35725,68.90931,125.03806,95.79382,89.23984
Bonafide,16581.png,16581,1024,1024,RGB,1648046,,0,1,121.59146,62.92197,143.89334,121.720085,99.16092
Bonafide,16582.png,16582,1024,1024,RGB,1660338,,0,1,98.67861,70.90772,135.37372,88.62664,72.03558
Bonafide,16583.png,16583,1024,1024,RGB,1591982,,0,1,93.139496,62.88323,122.60613,79.3967,77.4156
Bonafide,16599.png,16599,1024,1024,RGB,1512896,,0,1,74.23413,56.09442,86.184006,67.82174,68.69666
Bonafide,16600.png,16600,1024,1024,RGB,1307779,,0,1,144.84987,68.59581,146.35017,138.03331,150.16632
Bonafide,16603.png,16603,1024,1024,RGB,1625261,,0,1,136.00105,55.228092,134.88016,138.20004,134.92294
Bonafide,16639.png,16639,1024,1024,RGB,1649908,,0,1,99.90894,74.631325,113.5203,98.09211,88.114586
Bonafide,16650.png,16650,1024,1024,RGB,1522097,,0,1,73.747154,69.92968,98.451035,66.72154,56.06883
Bonafide,16670.png,16670,1024,1024,RGB,1563478,,0,1,90.60082,66.01208,129.41891,81.856804,60.526627
Bonafide,16704.png,16704,1024,1024,RGB,1786888,,0,1,134.09361,59.54998,157.14873,130.97424,114.157776
Bonafide,16710.png,16710,1024,1024,RGB,1850139,,0,1,139.2161,78.874466,81.867096,143.54027,192.24098
Bonafide,16721.png,16721,1024,1024,RGB,1393919,,0,1,173.24284,78.2344,177.48561,173.54315,168.6999
Bonafide,16780.png,16780,1024,1024,RGB,1389913,,0,1,114.333916,74.195984,152.82382,104.440094,85.73781
Bonafide,16813.png,16813,1024,1024,RGB,1501645,,0,1,164.11055,74.873055,181.9891,168.80157,141.54114
Bonafide,16843.png,16843,1024,1024,RGB,1511051,,0,1,113.307976,67.142975,146.52191,114.04917,79.352936
Bonafide,16850.png,16850,1024,1024,RGB,1610263,,0,1,89.47811,61.536304,119.83386,87.30399,61.296402
Bonafide,16852.png,16852,1024,1024,RGB,1123835,,0,1,167.56725,72.31909,181.78337,160.40283,160.51561
Bonafide,16861.png,16861,1024,1024,RGB,935151,,0,1,206.48146,57.704556,222.22542,203.17288,194.0462
Bonafide,16865.png,16865,1024,1024,RGB,1457622,,0,1,93.19959,57.705402,119.005135,87.12959,73.46394
Bonafide,16873.png,16873,1024,1024,RGB,1374111,,0,1,157.33653,72.95926,173.18414,157.79524,141.03055
Bonafide,16879.png,16879,1024,1024,RGB,1538471,,0,1,87.43667,86.35976,116.18619,82.25723,63.86666
Bonafide,16909.png,16909,1024,1024,RGB,1504268,,0,1,102.637695,51.870842,123.62042,98.34256,85.950005
Bonafide,16911.png,16911,1024,1024,RGB,1325233,,0,1,113.26116,63.270073,137.20728,108.2794,94.29656
Bonafide,16924.png,16924,1024,1024,RGB,1546315,,0,1,110.14512,77.303505,148.77396,105.01602,76.64529
Bonafide,16942.png,16942,1024,1024,RGB,1586953,,0,1,130.84657,55.67918,119.82472,142.65788,130.05714
Bonafide,16979.png,16979,1024,1024,RGB,1625839,,0,1,94.29124,53.608303,115.20571,91.46081,76.207306
Bonafide,16986.png,16986,1024,1024,RGB,1728503,,0,1,117.03861,72.91007,135.33072,109.96991,105.81531
Bonafide,17004.png,17004,1024,1024,RGB,1660068,,0,1,188.93187,37.42677,199.70363,181.97914,185.11246
Bonafide,17017.png,17017,1024,1024,RGB,1397976,,0,1,157.58572,70.41484,170.7325,153.18703,148.8377
Bonafide,17053.png,17053,1024,1024,RGB,1560526,,0,1,138.00746,44.97369,150.36584,138.17928,125.477135
Bonafide,17055.png,17055,1024,1024,RGB,1627570,,0,1,84.83055,55.2316,98.58438,83.54087,72.36648
Bonafide,17058.png,17058,1024,1024,RGB,1810732,,0,1,166.68071,58.178783,182.02777,162.76952,155.245
Bonafide,17088.png,17088,1024,1024,RGB,1547305,,0,1,98.01068,67.13043,130.5626,94.51323,68.95628
Bonafide,17093.png,17093,1024,1024,RGB,1477740,,0,1,126.91223,72.72201,139.81966,129.04114,111.87606
Bonafide,17105.png,17105,1024,1024,RGB,1637417,,0,1,132.9416,72.013626,143.32318,126.48394,129.0176
Bonafide,17162.png,17162,1024,1024,RGB,1302909,,0,1,96.55383,64.14667,143.48647,96.49821,49.6768
Bonafide,17164.png,17164,1024,1024,RGB,1415667,,0,1,104.597595,72.42171,110.20689,102.331924,101.25394
Bonafide,17191.png,17191,1024,1024,RGB,1646063,,0,1,89.80512,72.20741,92.79286,94.81676,81.805725
Bonafide,17205.png,17205,1024,1024,RGB,1395809,,0,1,116.63755,67.71356,136.05748,114.7101,99.14489
Bonafide,17227.png,17227,1024,1024,RGB,1208901,,0,1,136.19844,59.999836,175.39326,137.26154,95.94069
Bonafide,17239.png,17239,1024,1024,RGB,1573620,,0,1,119.28372,68.70482,136.2418,115.78314,105.826164
Bonafide,17246.png,17246,1024,1024,RGB,1574186,,0,1,108.1615,71.85147,147.02274,104.16671,73.29518
Bonafide,17275.png,17275,1024,1024,RGB,1407246,,0,1,158.91837,48.150845,176.06146,154.20518,146.48843
Bonafide,17280.png,17280,1024,1024,RGB,1541458,,0,1,113.41947,58.149643,136.53491,108.362686,95.36081
Bonafide,17336.png,17336,1024,1024,RGB,1601678,,0,1,104.754616,59.0488,105.70845,101.92307,106.63242
Bonafide,17343.png,17343,1024,1024,RGB,1521899,,0,1,112.353035,81.95692,176.00133,100.36877,60.68905
Bonafide,17356.png,17356,1024,1024,RGB,1548268,,0,1,163.04031,56.62475,185.75975,159.90895,143.45207
Bonafide,17394.png,17394,1024,1024,RGB,1513658,,0,1,128.57213,52.018368,153.45421,127.24778,105.01442
Bonafide,17406.png,17406,1024,1024,RGB,1926639,,0,1,114.96633,57.424355,133.24347,109.23577,102.419685
Bonafide,17419.png,17419,1024,1024,RGB,1429149,,0,1,135.85493,73.75584,135.9606,134.84375,136.76068
Bonafide,17420.png,17420,1024,1024,RGB,1648597,,0,1,52.39336,52.05921,65.24646,51.51937,40.414196
Bonafide,17429.png,17429,1024,1024,RGB,1432838,,0,1,118.29403,67.49615,131.43929,113.13943,110.30324
Bonafide,17436.png,17436,1024,1024,RGB,1901853,,0,1,97.572914,61.0347,116.32009,96.40488,79.99374
Bonafide,17441.png,17441,1024,1024,RGB,1673285,,0,1,93.95008,45.991196,108.284775,87.196434,86.36907
Bonafide,17456.png,17456,1024,1024,RGB,1771539,,0,1,137.26768,44.947437,147.63527,131.89703,132.27098
Bonafide,17492.png,17492,1024,1024,RGB,1575143,,0,1,122.21801,57.783653,132.46297,114.98674,119.20438
Bonafide,17496.png,17496,1024,1024,RGB,1174938,,0,1,144.37978,51.61324,151.03033,157.22766,124.88117
Bonafide,17558.png,17558,1024,1024,RGB,1510415,,0,1,159.96211,71.676636,179.9862,156.77391,143.12625
Bonafide,17621.png,17621,1024,1024,RGB,1450527,,0,1,104.075096,54.746822,123.68432,102.47659,86.06447
Bonafide,17627.png,17627,1024,1024,RGB,1672730,,0,1,135.41331,65.682236,153.36507,131.7557,121.11909
Bonafide,17644.png,17644,1024,1024,RGB,1677274,,0,1,157.6609,57.861385,173.78354,142.61377,156.58557
Bonafide,17655.png,17655,1024,1024,RGB,1742006,,0,1,100.53413,71.18928,120.86971,88.11082,92.62177
Bonafide,17714.png,17714,1024,1024,RGB,1561602,,0,1,112.15383,56.95523,140.73798,108.62637,87.09711
Bonafide,17723.png,17723,1024,1024,RGB,1479982,,0,1,104.67422,70.28235,114.661644,94.96385,104.39712
Bonafide,17757.png,17757,1024,1024,RGB,1510895,,0,1,129.22337,78.29736,147.7365,130.5149,109.418655
Bonafide,17761.png,17761,1024,1024,RGB,1330034,,0,1,169.35983,57.48969,178.0664,174.043,155.97021
Bonafide,17794.png,17794,1024,1024,RGB,1763782,,0,1,132.94537,73.15306,144.9552,127.62974,126.251236
Bonafide,17795.png,17795,1024,1024,RGB,1068168,,0,1,194.67192,62.25539,208.22209,190.10916,185.68431
Bonafide,17798.png,17798,1024,1024,RGB,1587114,,0,1,123.481445,62.51791,161.14767,117.21455,92.082245
Bonafide,17801.png,17801,1024,1024,RGB,1336468,,0,1,85.70609,71.60018,99.83724,87.87933,69.40172
Bonafide,17879.png,17879,1024,1024,RGB,1597475,,0,1,125.027794,65.064476,142.73926,124.36148,107.9825
Bonafide,17889.png,17889,1024,1024,RGB,1417573,,0,1,115.4116,47.329956,127.93988,112.607544,105.68736
Bonafide,17894.png,17894,1024,1024,RGB,1580453,,0,1,141.36653,53.462185,164.73363,142.05833,117.30768
Bonafide,17896.png,17896,1024,1024,RGB,1493495,,0,1,87.42933,76.30921,108.48101,80.82088,72.98612
Bonafide,17898.png,17898,1024,1024,RGB,1561018,,0,1,107.84552,67.29526,119.781586,104.04024,99.714775
Bonafide,17905.png,17905,1024,1024,RGB,1372138,,0,1,128.93349,77.985985,149.21588,127.04918,110.535484
Bonafide,17909.png,17909,1024,1024,RGB,1687155,,0,1,123.34512,58.45016,139.6014,118.01341,112.42044
Bonafide,17936.png,17936,1024,1024,RGB,1377978,,0,1,131.88527,87.19,143.50476,125.001434,127.149506
Bonafide,17966.png,17966,1024,1024,RGB,1682600,,0,1,102.52368,53.624744,113.865265,98.03841,95.66742
Bonafide,17986.png,17986,1024,1024,RGB,1424507,,0,1,97.30405,63.32736,97.41229,101.05716,93.44277
Bonafide,18016.png,18016,1024,1024,RGB,1521482,,0,1,89.69962,52.114708,113.09989,88.92894,67.07006
Bonafide,18033.png,18033,1024,1024,RGB,1805600,,0,1,110.01205,78.68831,124.33914,116.42413,89.27294
Bonafide,18046.png,18046,1024,1024,RGB,1506617,,0,1,116.133995,70.701225,133.46492,113.617775,101.31939
Bonafide,18101.png,18101,1024,1024,RGB,1556579,,0,1,102.74375,76.29306,123.184105,99.651596,85.39566
Bonafide,18115.png,18115,1024,1024,RGB,1764527,,0,1,134.81247,52.551605,184.1201,127.69145,92.62579
Bonafide,18159.png,18159,1024,1024,RGB,1630169,,0,1,129.70776,44.935596,149.23743,126.53533,113.35034
Bonafide,18173.png,18173,1024,1024,RGB,1644328,,0,1,115.993065,70.57619,121.40621,117.96781,108.605156
Bonafide,18181.png,18181,1024,1024,RGB,1543077,,0,1,139.31131,74.587105,145.05215,137.29755,135.58417
Bonafide,18190.png,18190,1024,1024,RGB,1566913,,0,1,131.10509,70.32113,135.8417,131.2028,126.27099
Bonafide,18214.png,18214,1024,1024,RGB,1675966,,0,1,107.16566,57.195385,141.48293,105.62296,74.39105
Bonafide,18226.png,18226,1024,1024,RGB,1496263,,0,1,120.591156,74.08727,126.97535,112.44309,122.355225
Bonafide,18231.png,18231,1024,1024,RGB,1334549,,0,1,106.69515,71.07606,116.221825,105.95316,97.910446
Bonafide,18258.png,18258,1024,1024,RGB,1544692,,0,1,129.0819,63.428707,139.96106,119.5764,127.70831
Bonafide,18267.png,18267,1024,1024,RGB,1561745,,0,1,94.71665,44.581768,121.11364,93.80745,69.228874
Bonafide,18268.png,18268,1024,1024,RGB,1692344,,0,1,115.85028,64.01946,133.62439,113.247955,100.67846
Bonafide,18270.png,18270,1024,1024,RGB,1727820,,0,1,134.07436,64.71176,148.60065,139.41795,114.20456
Bonafide,18289.png,18289,1024,1024,RGB,1516522,,0,1,106.84605,72.7964,136.2081,105.82877,78.501495
Bonafide,18298.png,18298,1024,1024,RGB,1718415,,0,1,146.35982,57.896465,156.02809,143.34857,139.7029
Bonafide,18325.png,18325,1024,1024,RGB,1498941,,0,1,135.41264,52.38201,155.80614,126.48915,123.9426
Bonafide,18345.png,18345,1024,1024,RGB,1535524,,0,1,109.32043,69.123505,150.74333,126.955376,50.262512
Bonafide,18346.png,18346,1024,1024,RGB,1444571,,0,1,113.60015,72.819725,125.12039,109.19644,106.48365
Bonafide,18350.png,18350,1024,1024,RGB,1453668,,0,1,93.442604,67.76412,109.70307,86.91648,83.70836
Bonafide,18357.png,18357,1024,1024,RGB,1421435,,0,1,142.05798,57.56603,157.9807,137.80435,130.38896
Bonafide,18382.png,18382,1024,1024,RGB,1612016,,0,1,78.51821,72.217995,94.02944,74.397705,67.127594
Bonafide,18390.png,18390,1024,1024,RGB,1557689,,0,1,106.0313,62.29547,124.80238,103.25308,90.03835
Bonafide,18402.png,18402,1024,1024,RGB,1685231,,0,1,110.53241,68.96743,154.90572,103.28339,73.40808
Bonafide,18406.png,18406,1024,1024,RGB,1457358,,0,1,101.963806,65.19118,104.07258,107.98145,93.83716
Bonafide,18427.png,18427,1024,1024,RGB,1553393,,0,1,99.09326,55.270546,133.63438,94.99639,68.64876
Bonafide,18459.png,18459,1024,1024,RGB,1657374,,0,1,81.464165,50.65776,101.635735,75.39807,67.35871
Bonafide,18473.png,18473,1024,1024,RGB,1375154,,0,1,75.28318,69.18032,63.669327,71.298676,90.88161
Bonafide,18477.png,18477,1024,1024,RGB,1466346,,0,1,133.62813,70.04372,157.45718,125.456505,117.97087
Bonafide,18480.png,18480,1024,1024,RGB,1460308,,0,1,48.82869,49.459557,71.74697,42.805058,31.93401
Bonafide,18481.png,18481,1024,1024,RGB,1670664,,0,1,103.22808,54.021572,116.607765,98.69527,94.381256
Bonafide,18490.png,18490,1024,1024,RGB,1703926,,0,1,140.93947,63.204845,158.83528,133.28377,130.69926
Bonafide,18502.png,18502,1024,1024,RGB,1745262,,0,1,131.201,70.82092,147.82098,123.67028,122.11169
Bonafide,18517.png,18517,1024,1024,RGB,1563863,,0,1,83.48082,69.22746,103.51557,75.07015,71.85669
Bonafide,18545.png,18545,1024,1024,RGB,1474896,,0,1,58.694714,66.8488,90.38115,48.653786,37.049202
Bonafide,18556.png,18556,1024,1024,RGB,1644838,,0,1,146.74544,58.27051,178.94016,146.61525,114.68094
Bonafide,18560.png,18560,1024,1024,RGB,1739958,,0,1,123.39106,67.068344,143.16084,130.83844,96.17394
Bonafide,18565.png,18565,1024,1024,RGB,1691364,,0,1,118.70166,66.862175,141.23273,111.839676,103.03267
Bonafide,18568.png,18568,1024,1024,RGB,1341598,,0,1,97.85724,63.9942,112.99771,93.24812,87.325874
Bonafide,18585.png,18585,1024,1024,RGB,1433590,,0,1,112.1562,69.41151,132.7566,108.76093,94.95123
Bonafide,18590.png,18590,1024,1024,RGB,1646786,,0,1,122.94418,58.902992,132.93867,120.351364,115.54252
Bonafide,18704.png,18704,1024,1024,RGB,1568197,,0,1,67.4684,68.77409,101.910904,63.970287,36.524017
Bonafide,18711.png,18711,1024,1024,RGB,1821627,,0,1,133.76512,62.917084,147.30244,128.34293,125.64998
Bonafide,18725.png,18725,1024,1024,RGB,1458008,,0,1,111.182556,56.012516,119.74879,112.517654,101.281166
Bonafide,18743.png,18743,1024,1024,RGB,1599606,,0,1,121.52738,55.641235,131.4915,117.59634,115.494125
Bonafide,18758.png,18758,1024,1024,RGB,1705340,,0,1,139.37477,72.97636,155.8956,133.82004,128.40878
Bonafide,18762.png,18762,1024,1024,RGB,1589838,,0,1,94.874695,60.329674,124.19994,94.08178,66.3424
Bonafide,18768.png,18768,1024,1024,RGB,1724820,,0,1,127.91284,83.36676,152.6461,125.82403,105.26844
Bonafide,18779.png,18779,1024,1024,RGB,1486435,,0,1,88.89456,56.193226,105.939125,87.26387,73.480705
Bonafide,18828.png,18828,1024,1024,RGB,1720155,,0,1,116.463905,56.609863,138.14207,110.47571,100.77421
Bonafide,18853.png,18853,1024,1024,RGB,1713724,,0,1,102.03124,64.43686,131.61984,99.574165,74.89957
Bonafide,18876.png,18876,1024,1024,RGB,1626360,,0,1,99.20519,53.861584,119.18817,93.75152,84.67598
Bonafide,18968.png,18968,1024,1024,RGB,1751478,,0,1,126.470665,69.05892,126.53336,124.4063,128.47244
Bonafide,18973.png,18973,1024,1024,RGB,1592436,,0,1,98.04319,72.52611,116.12209,93.698166,84.309204
Bonafide,19019.png,19019,1024,1024,RGB,1398178,,0,1,75.40411,55.736095,96.23789,77.58223,52.3921
Bonafide,19026.png,19026,1024,1024,RGB,1432804,,0,1,70.74007,68.97527,84.47434,66.1302,61.615692
Bonafide,19027.png,19027,1024,1024,RGB,1757793,,0,1,157.87904,55.942753,200.0581,145.61684,127.962494
Bonafide,19053.png,19053,1024,1024,RGB,1324520,,0,1,137.4671,60.842827,164.42863,122.35318,125.61965
Bonafide,19060.png,19060,1024,1024,RGB,1682147,,0,1,129.90224,70.3948,153.50243,125.20333,111.000755
Bonafide,19078.png,19078,1024,1024,RGB,1661841,,0,1,92.59775,66.2264,125.613464,86.43226,65.74753
Bonafide,19126.png,19126,1024,1024,RGB,1652249,,0,1,123.87796,63.12508,156.45723,107.591934,107.58493
Bonafide,19143.png,19143,1024,1024,RGB,1597994,,0,1,116.11423,59.745213,139.71214,111.0555,97.57505
Bonafide,19158.png,19158,1024,1024,RGB,1655109,,0,1,135.19954,62.899433,148.30397,146.0399,111.25488
Bonafide,19164.png,19164,1024,1024,RGB,1619784,,0,1,98.54243,71.29845,131.55754,93.42497,70.64491
Bonafide,19195.png,19195,1024,1024,RGB,1647549,,0,1,109.23727,67.15598,126.1677,105.11333,96.43078
Bonafide,19197.png,19197,1024,1024,RGB,1169982,,0,1,155.0447,60.033398,163.56044,152.84753,148.72614
Bonafide,19250.png,19250,1024,1024,RGB,1574552,,0,1,109.876465,84.170784,137.8962,111.52045,80.21278
Bonafide,19273.png,19273,1024,1024,RGB,1425330,,0,1,121.77148,58.091373,137.31834,113.703445,114.29265
Bonafide,19289.png,19289,1024,1024,RGB,1625300,,0,1,130.40767,63.273243,152.32617,128.07382,110.823044
Bonafide,19292.png,19292,1024,1024,RGB,1413951,,0,1,77.97228,70.028305,101.540245,78.185265,54.191288
Bonafide,19302.png,19302,1024,1024,RGB,1839294,,0,1,109.91739,56.21854,140.82414,102.918846,86.009125
Bonafide,19304.png,19304,1024,1024,RGB,1347898,,0,1,56.11037,56.705463,71.76291,55.24312,41.325073
Bonafide,19354.png,19354,1024,1024,RGB,1553952,,0,1,124.060326,69.28814,140.90831,117.26816,114.00459
Bonafide,19363.png,19363,1024,1024,RGB,1738406,,0,1,92.74548,62.331528,124.33089,88.07695,65.82865
Bonafide,19378.png,19378,1024,1024,RGB,1418155,,0,1,123.779594,56.46923,140.07574,119.02177,112.24139
Bonafide,19385.png,19385,1024,1024,RGB,1485919,,0,1,116.90363,56.471752,154.65158,113.69906,82.360565
Bonafide,19399.png,19399,1024,1024,RGB,1678873,,0,1,83.11056,59.453568,105.765305,79.522354,64.044
Bonafide,19412.png,19412,1024,1024,RGB,1750496,,0,1,141.54489,61.972454,162.63486,137.06476,124.93506
Bonafide,19432.png,19432,1024,1024,RGB,1663434,,0,1,107.47489,61.597675,128.4839,106.74382,87.196945
Bonafide,19438.png,19438,1024,1024,RGB,1693868,,0,1,92.32299,60.09851,108.08808,101.38905,67.49175
Bonafide,19460.png,19460,1024,1024,RGB,1713137,,0,1,136.42345,69.79464,150.53119,133.32346,125.415726
Bonafide,19481.png,19481,1024,1024,RGB,1580436,,0,1,94.34855,50.986526,112.843834,95.01947,75.18225
Bonafide,19484.png,19484,1024,1024,RGB,1329836,,0,1,124.75678,80.974655,134.98962,123.68316,115.59772
Bonafide,19497.png,19497,1024,1024,RGB,1700339,,0,1,91.11438,75.114914,129.94179,84.60421,58.797066
Bonafide,19500.png,19500,1024,1024,RGB,1657458,,0,1,74.30767,77.076996,98.18671,73.81233,50.92396
Bonafide,19506.png,19506,1024,1024,RGB,1533807,,0,1,157.28264,70.19326,149.82692,156.22359,165.79738
Bonafide,19533.png,19533,1024,1024,RGB,1641495,,0,1,131.78674,60.16866,147.77722,126.77013,120.81286
Bonafide,19582.png,19582,1024,1024,RGB,1626419,,0,1,139.878,65.65287,168.458,128.40579,122.77009
Bonafide,19595.png,19595,1024,1024,RGB,1489110,,0,1,109.82104,71.41696,117.4763,106.01288,105.97394
Bonafide,19598.png,19598,1024,1024,RGB,1321499,,0,1,157.81935,48.755978,175.99672,150.54352,146.91772
Bonafide,19602.png,19602,1024,1024,RGB,1549852,,0,1,125.090385,58.14675,136.47012,120.26902,118.53185
Bonafide,19605.png,19605,1024,1024,RGB,1746173,,0,1,136.27623,48.00089,161.15561,133.09349,114.57945
Bonafide,19626.png,19626,1024,1024,RGB,1558136,,0,1,141.07579,60.394222,135.41696,137.33728,150.473
Bonafide,19662.png,19662,1024,1024,RGB,1800102,,0,1,95.247856,67.62759,118.32094,89.35511,78.0675
Bonafide,19674.png,19674,1024,1024,RGB,1524734,,0,1,84.78004,59.93401,104.122154,81.39782,68.82023
Bonafide,19709.png,19709,1024,1024,RGB,1514765,,0,1,114.83329,49.12235,148.18459,116.38232,79.932945
Bonafide,19725.png,19725,1024,1024,RGB,1407965,,0,1,153.70499,72.75012,172.662,148.084,140.36896
Bonafide,19754.png,19754,1024,1024,RGB,1491303,,0,1,121.06995,53.255985,142.96547,114.169876,106.07452
Bonafide,19773.png,19773,1024,1024,RGB,1559307,,0,1,133.64406,59.611877,165.36143,123.72055,111.85014
Bonafide,19824.png,19824,1024,1024,RGB,1510890,,0,1,125.79136,60.890152,151.4242,127.198746,98.7511
Bonafide,19829.png,19829,1024,1024,RGB,1474604,,0,1,90.77923,74.874504,99.5463,88.04672,84.744644
Bonafide,19837.png,19837,1024,1024,RGB,1741014,,0,1,107.5221,45.183163,134.52798,102.26549,85.772934
Bonafide,19843.png,19843,1024,1024,RGB,1378882,,0,1,121.17802,64.98979,132.96045,115.005714,115.5678
Bonafide,19871.png,19871,1024,1024,RGB,1517051,,0,1,126.00202,92.20988,126.61859,129.00838,122.37917
Bonafide,19881.png,19881,1024,1024,RGB,1654432,,0,1,138.5467,68.74381,163.13078,132.89789,119.61133
Bonafide,19893.png,19893,1024,1024,RGB,1622632,,0,1,134.57802,64.045425,143.77202,131.00676,128.95528
Bonafide,19909.png,19909,1024,1024,RGB,1357797,,0,1,80.84783,48.501503,90.16989,80.21467,72.15873
Bonafide,19915.png,19915,1024,1024,RGB,1547249,,0,1,100.174065,49.494576,122.16535,88.911446,89.445175
Bonafide,19939.png,19939,1024,1024,RGB,1487171,,0,1,86.51388,63.640255,112.85205,83.18242,63.507122
Bonafide,19978.png,19978,1024,1024,RGB,1370751,,0,1,175.60738,68.51316,188.67735,165.44952,172.69502
Bonafide,19994.png,19994,1024,1024,RGB,1380254,,0,1,150.69743,71.32958,163.051,146.81195,142.22925
Bonafide,20005.png,20005,1024,1024,RGB,1484224,,0,1,96.02671,73.28594,163.00455,72.79328,52.282433
Bonafide,20009.png,20009,1024,1024,RGB,1425676,,0,1,77.886765,56.485737,86.93457,73.551315,73.174446
Bonafide,20010.png,20010,1024,1024,RGB,1472587,,0,1,76.45482,69.47474,116.57475,61.99759,50.79216
Bonafide,20022.png,20022,1024,1024,RGB,1397160,,0,1,114.4653,75.15674,101.2146,114.602,127.57922
Bonafide,20043.png,20043,1024,1024,RGB,1465226,,0,1,117.922264,73.32708,126.056854,113.3713,114.33851
Bonafide,20052.png,20052,1024,1024,RGB,1598361,,0,1,86.628174,64.37458,104.0952,82.25441,73.53494
Bonafide,20091.png,20091,1024,1024,RGB,1454998,,0,1,129.00304,69.43849,147.07542,117.34446,122.58943
Bonafide,20135.png,20135,1024,1024,RGB,1429740,,0,1,79.046776,59.775394,101.62696,75.072914,60.440434
Bonafide,20138.png,20138,1024,1024,RGB,963609,,0,1,58.487293,32.34022,67.1833,52.071285,56.20723
Bonafide,20157.png,20157,1024,1024,RGB,1289817,,0,1,139.47617,58.301888,155.35197,134.59601,128.48047
Bonafide,20163.png,20163,1024,1024,RGB,905709,,0,1,109.245094,84.12027,125.31641,104.546265,97.8726
Bonafide,20181.png,20181,1024,1024,RGB,1485480,,0,1,130.2694,74.17126,151.33173,122.32239,117.15394
Bonafide,20193.png,20193,1024,1024,RGB,1764748,,0,1,103.24719,62.031403,137.18646,95.89085,76.66432
Bonafide,20208.png,20208,1024,1024,RGB,1383171,,0,1,118.391685,60.70959,136.02682,109.689926,109.45836
Bonafide,20220.png,20220,1024,1024,RGB,1590790,,0,1,82.84661,60.758167,102.933876,76.846,68.75999
Bonafide,20229.png,20229,1024,1024,RGB,1530882,,0,1,138.93459,57.522022,148.77518,136.45872,131.56992
Bonafide,20252.png,20252,1024,1024,RGB,1510384,,0,1,113.86563,90.03683,129.12602,111.13513,101.33561
Bonafide,20264.png,20264,1024,1024,RGB,1373692,,0,1,96.336815,77.43229,112.75774,92.3849,83.867805
Bonafide,20276.png,20276,1024,1024,RGB,1374465,,0,1,133.66478,56.060783,154.04495,128.73608,118.21304
Bonafide,20287.png,20287,1024,1024,RGB,1513256,,0,1,123.513794,61.371693,175.22769,94.30002,101.013725
Bonafide,20292.png,20292,1024,1024,RGB,1365647,,0,1,141.88802,47.451756,137.09076,142.29134,146.28204
Bonafide,20320.png,20320,1024,1024,RGB,1644793,,0,1,170.37347,64.016235,171.67342,168.7781,170.66908
Bonafide,20325.png,20325,1024,1024,RGB,1632900,,0,1,94.10674,72.25561,107.92246,91.10913,83.28865
Bonafide,20367.png,20367,1024,1024,RGB,1518343,,0,1,114.0792,69.607086,135.96162,118.748634,87.52752
Bonafide,20387.png,20387,1024,1024,RGB,1524643,,0,1,99.72885,49.524357,135.06694,87.79347,76.32607
Bonafide,20435.png,20435,1024,1024,RGB,1608181,,0,1,93.636536,55.94557,110.31984,87.82907,82.7607
Bonafide,20471.png,20471,1024,1024,RGB,1807357,,0,1,74.216255,50.901474,101.64116,66.606125,54.401447
Bonafide,20482.png,20482,1024,1024,RGB,1764974,,0,1,78.188576,72.14423,88.548,101.50955,44.50824
Bonafide,20508.png,20508,1024,1024,RGB,1582296,,0,1,84.59482,70.4002,93.05075,80.7253,80.00854
Bonafide,20518.png,20518,1024,1024,RGB,1614923,,0,1,126.47812,67.6116,147.4913,125.31562,106.62739
Bonafide,20522.png,20522,1024,1024,RGB,1668611,,0,1,93.463524,64.34308,112.74703,88.53301,79.110504
Bonafide,20546.png,20546,1024,1024,RGB,1844912,,0,1,101.0436,54.896164,136.92589,100.92888,65.27608
Bonafide,20550.png,20550,1024,1024,RGB,1545865,,0,1,117.79029,74.12818,135.47156,110.60473,107.29454
Bonafide,20558.png,20558,1024,1024,RGB,1562655,,0,1,100.33776,58.68715,115.35685,96.34798,89.30849
Bonafide,20596.png,20596,1024,1024,RGB,1833370,,0,1,98.070564,68.16229,109.36376,97.62918,87.21867
Bonafide,20613.png,20613,1024,1024,RGB,1413904,,0,1,80.316124,57.508575,118.75773,65.46132,56.729286
Bonafide,20632.png,20632,1024,1024,RGB,1677090,,0,1,87.07825,69.369965,109.27113,78.88074,73.08285
Bonafide,20645.png,20645,1024,1024,RGB,1137378,,0,1,107.30398,47.196186,132.49132,113.21661,76.204124
Bonafide,20652.png,20652,1024,1024,RGB,1505128,,0,1,68.387314,53.727005,94.1525,64.11482,46.89454
Bonafide,20667.png,20667,1024,1024,RGB,1541366,,0,1,67.73731,62.336113,87.4719,65.07112,50.668884
Bonafide,20672.png,20672,1024,1024,RGB,1527224,,0,1,92.77713,43.04706,114.28101,90.782745,73.26747
Bonafide,20683.png,20683,1024,1024,RGB,1563819,,0,1,174.95454,68.56139,195.22324,170.9253,158.71478
Bonafide,20710.png,20710,1024,1024,RGB,1304289,,0,1,74.664406,70.47111,99.50276,70.298744,54.191814
Bonafide,20749.png,20749,1024,1024,RGB,1336257,,0,1,168.2887,80.62024,178.34465,164.66626,161.85515
Bonafide,20818.png,20818,1024,1024,RGB,1785154,,0,1,101.63241,66.03578,132.67363,94.766685,77.45691
Bonafide,20849.png,20849,1024,1024,RGB,1769937,,0,1,91.30732,60.86253,124.39075,88.51186,61.019287
Bonafide,20860.png,20860,1024,1024,RGB,1844955,,0,1,101.83933,65.73256,110.654526,100.79935,94.064255
Bonafide,20864.png,20864,1024,1024,RGB,1590800,,0,1,116.53208,63.31035,144.62752,106.74582,98.22275
Bonafide,20877.png,20877,1024,1024,RGB,1570904,,0,1,126.853966,76.471886,140.7707,127.12618,112.664955
Bonafide,20878.png,20878,1024,1024,RGB,1294070,,0,1,132.9934,57.25495,147.82632,126.15093,125.00282
Bonafide,20891.png,20891,1024,1024,RGB,1713733,,0,1,155.3213,67.969505,169.45296,155.66862,140.84247
Bonafide,20899.png,20899,1024,1024,RGB,1647807,,0,1,106.60611,62.828163,116.047386,101.66856,102.10251
Bonafide,20901.png,20901,1024,1024,RGB,1717196,,0,1,97.575905,73.69813,109.012314,91.582504,92.13293
Bonafide,20906.png,20906,1024,1024,RGB,1665758,,0,1,107.82376,51.277287,130.92654,109.04347,83.501335
Bonafide,20910.png,20910,1024,1024,RGB,1119248,,0,1,176.01314,72.90667,190.5916,171.72037,165.72748
Bonafide,20914.png,20914,1024,1024,RGB,1334826,,0,1,155.60803,58.87382,179.82286,154.26613,132.73509
Bonafide,20915.png,20915,1024,1024,RGB,1602791,,0,1,101.64477,46.06617,120.14607,103.00058,81.78761
Bonafide,20943.png,20943,1024,1024,RGB,1627903,,0,1,101.17405,56.15019,123.73098,91.34703,88.4441
Bonafide,20979.png,20979,1024,1024,RGB,1415272,,0,1,132.97075,55.228497,151.49275,129.09665,118.32299
Bonafide,20986.png,20986,1024,1024,RGB,1644839,,0,1,129.54591,78.717674,137.36838,129.09415,122.17497
Bonafide,20987.png,20987,1024,1024,RGB,1579077,,0,1,89.85544,53.194378,107.58537,82.52896,79.45202
Bonafide,20988.png,20988,1024,1024,RGB,1533747,,0,1,66.52893,56.928856,74.76262,74.41318,50.411133
Bonafide,20999.png,20999,1024,1024,RGB,1469441,,0,1,137.51584,61.74421,150.87775,134.84665,126.823265
Bonafide,21029.png,21029,1024,1024,RGB,1396683,,0,1,104.640205,54.944935,124.48418,101.46184,87.9745
Bonafide,21031.png,21031,1024,1024,RGB,1503733,,0,1,90.48712,69.323105,86.19734,74.875046,110.38895
Bonafide,21102.png,21102,1024,1024,RGB,1515058,,0,1,107.778465,68.712456,132.82533,103.723366,86.78674
Bonafide,21127.png,21127,1024,1024,RGB,1649841,,0,1,124.74323,65.71336,147.07008,147.325,79.83464
Bonafide,21128.png,21128,1024,1024,RGB,1594345,,0,1,113.949554,62.744858,130.91354,117.25002,93.68498
Bonafide,21131.png,21131,1024,1024,RGB,1619357,,0,1,95.63797,62.730186,131.50093,87.83746,67.57555
Bonafide,21132.png,21132,1024,1024,RGB,1739965,,0,1,133.61813,62.18186,149.45169,141.10106,110.30187
Bonafide,21152.png,21152,1024,1024,RGB,1632984,,0,1,60.897938,55.059395,75.89687,62.45419,44.342697
Bonafide,21168.png,21168,1024,1024,RGB,1567325,,0,1,101.30178,76.03074,142.25722,92.72259,68.92565
Bonafide,21180.png,21180,1024,1024,RGB,1556849,,0,1,110.44613,73.298996,138.3996,110.18212,82.7567
Bonafide,21186.png,21186,1024,1024,RGB,1510750,,0,1,95.78254,70.401695,117.60092,97.37191,72.37486
Bonafide,21242.png,21242,1024,1024,RGB,1728676,,0,1,55.649235,46.98266,70.18217,49.55263,47.21283
Bonafide,21251.png,21251,1024,1024,RGB,1694789,,0,1,104.60242,47.833088,112.44162,99.7571,101.6085
Bonafide,21271.png,21271,1024,1024,RGB,1349576,,0,1,142.13306,54.192944,170.786,137.92035,117.69281
Bonafide,21288.png,21288,1024,1024,RGB,1429010,,0,1,122.414085,58.65715,127.49598,111.51533,128.23105
Bonafide,21294.png,21294,1024,1024,RGB,1428428,,0,1,99.51238,66.91295,115.86868,99.69152,82.97696
Bonafide,21314.png,21314,1024,1024,RGB,1620533,,0,1,88.920876,70.74987,112.09085,90.32089,64.350746
Bonafide,21319.png,21319,1024,1024,RGB,1561479,,0,1,149.7505,56.023476,192.44827,139.10233,117.70105
Bonafide,21322.png,21322,1024,1024,RGB,1737599,,0,1,113.15185,57.87592,120.07883,107.219795,112.15663
Bonafide,21326.png,21326,1024,1024,RGB,1455389,,0,1,83.776115,45.43459,106.49588,79.92616,64.90626
Bonafide,21327.png,21327,1024,1024,RGB,1789005,,0,1,126.67307,54.547653,138.89696,126.94895,114.17343
Bonafide,21339.png,21339,1024,1024,RGB,1366713,,0,1,134.81595,46.19258,155.73477,130.38142,118.33175
Bonafide,21370.png,21370,1024,1024,RGB,1563227,,0,1,103.37317,67.42611,118.84864,101.66436,89.6066
Bonafide,21396.png,21396,1024,1024,RGB,1530671,,0,1,102.37524,72.085014,123.547035,96.66029,86.91852
Bonafide,21463.png,21463,1024,1024,RGB,1371062,,0,1,144.32724,64.74447,161.16823,140.27031,131.54279
Bonafide,21475.png,21475,1024,1024,RGB,1446449,,0,1,120.90973,77.43111,120.93729,119.48977,122.30214
Bonafide,21476.png,21476,1024,1024,RGB,1547441,,0,1,98.66828,68.791115,108.19661,96.79852,91.00968
Bonafide,21485.png,21485,1024,1024,RGB,1555438,,0,1,117.44909,49.640102,133.92238,121.901695,96.5232
Bonafide,21500.png,21500,1024,1024,RGB,1572982,,0,1,133.84615,68.80637,145.26004,127.67205,128.60649
Bonafide,21507.png,21507,1024,1024,RGB,1857310,,0,1,118.69055,70.35594,128.35738,123.99676,103.71759
Bonafide,21508.png,21508,1024,1024,RGB,1272052,,0,1,117.12253,56.489002,138.0145,116.67539,96.67776
Bonafide,21526.png,21526,1024,1024,RGB,1447992,,0,1,182.75533,62.47581,193.5167,179.3821,175.36688
Bonafide,21536.png,21536,1024,1024,RGB,1558447,,0,1,75.258224,59.35429,90.71108,68.693726,66.3698
Bonafide,21545.png,21545,1024,1024,RGB,1723252,,0,1,93.14844,57.74867,110.98897,92.237366,76.21907
Bonafide,21550.png,21550,1024,1024,RGB,1151962,,0,1,69.45791,60.144653,96.11328,64.70542,47.555084
Bonafide,21580.png,21580,1024,1024,RGB,1556313,,0,1,144.7252,59.33742,191.17241,133.34286,109.66046
Bonafide,21592.png,21592,1024,1024,RGB,1546895,,0,1,150.13649,63.87088,156.59073,132.56491,161.25374
Bonafide,21598.png,21598,1024,1024,RGB,1674320,,0,1,73.964935,63.589832,102.62626,75.93153,43.33686
Bonafide,21610.png,21610,1024,1024,RGB,1439502,,0,1,77.91942,66.331276,102.43766,76.34185,54.978767
Bonafide,21637.png,21637,1024,1024,RGB,1690450,,0,1,126.21673,61.909077,163.50247,117.807945,97.3398
Bonafide,21640.png,21640,1024,1024,RGB,946775,,0,1,48.029575,83.207146,72.09032,47.041847,24.956532
Bonafide,21645.png,21645,1024,1024,RGB,1575847,,0,1,115.90835,78.49284,122.699066,111.81096,113.21509
Bonafide,21651.png,21651,1024,1024,RGB,1431050,,0,1,150.59535,70.33189,162.90189,137.52863,151.35556
Bonafide,21662.png,21662,1024,1024,RGB,1641936,,0,1,118.25498,65.08976,141.08896,112.83403,100.84224
Bonafide,21677.png,21677,1024,1024,RGB,1612652,,0,1,96.836395,64.48101,128.18582,89.94294,72.38037
Bonafide,21678.png,21678,1024,1024,RGB,1286244,,0,1,143.42902,77.96106,155.90135,140.44684,133.93887
Bonafide,21729.png,21729,1024,1024,RGB,1453861,,0,1,41.77648,49.937443,62.64885,38.794384,23.886276
Bonafide,21739.png,21739,1024,1024,RGB,1586140,,0,1,113.54728,77.37352,128.70999,110.681625,101.250275
Bonafide,21743.png,21743,1024,1024,RGB,1543291,,0,1,112.44326,61.416912,132.09746,106.20776,99.02452
Bonafide,21779.png,21779,1024,1024,RGB,1296591,,0,1,105.205536,67.7296,113.16767,99.566284,102.88255
Bonafide,21785.png,21785,1024,1024,RGB,1714562,,0,1,124.097565,74.89315,146.61348,123.893005,101.78607
Bonafide,21790.png,21790,1024,1024,RGB,1680207,,0,1,106.083,61.53075,112.35286,100.79155,105.10461
Bonafide,21811.png,21811,1024,1024,RGB,1545756,,0,1,89.76415,63.61228,104.572174,84.07463,80.64559
Bonafide,21812.png,21812,1024,1024,RGB,1429223,,0,1,89.561005,67.59497,103.855415,87.41544,77.4122
Bonafide,21819.png,21819,1024,1024,RGB,1634059,,0,1,68.288864,65.25643,80.44856,58.764362,65.65369
Bonafide,21832.png,21832,1024,1024,RGB,1667864,,0,1,125.76281,69.123375,131.60457,120.37633,125.30759
Bonafide,21870.png,21870,1024,1024,RGB,1479014,,0,1,131.15932,66.00512,145.04819,122.27886,126.15086
Bonafide,21885.png,21885,1024,1024,RGB,1757060,,0,1,109.36909,57.811836,142.8885,104.03748,81.18125
Bonafide,21918.png,21918,1024,1024,RGB,1713763,,0,1,104.18201,58.915157,112.276505,100.20931,100.06018
Bonafide,21919.png,21919,1024,1024,RGB,1112234,,0,1,160.29059,63.83487,174.15253,161.05113,145.668
Bonafide,21941.png,21941,1024,1024,RGB,1535061,,0,1,108.0698,64.04246,129.08662,102.28323,92.8396
Bonafide,21955.png,21955,1024,1024,RGB,1407885,,0,1,90.01788,69.909836,104.82923,88.1371,77.08721
Bonafide,21964.png,21964,1024,1024,RGB,1648128,,0,1,103.78039,76.87552,110.93739,105.2522,95.15152
Bonafide,21975.png,21975,1024,1024,RGB,1486975,,0,1,114.01923,61.68511,138.66312,106.10043,97.294075
Bonafide,21989.png,21989,1024,1024,RGB,1595258,,0,1,104.33355,64.97902,131.51102,100.488075,81.00156
Bonafide,21993.png,21993,1024,1024,RGB,1512695,,0,1,117.45867,58.20527,132.77988,111.79499,107.80094
Bonafide,22004.png,22004,1024,1024,RGB,1271917,,0,1,88.50964,69.700264,104.60401,86.6585,74.266464
Bonafide,22025.png,22025,1024,1024,RGB,1503476,,0,1,64.51213,61.82726,84.63415,59.598873,49.30344
Bonafide,22035.png,22035,1024,1024,RGB,1472644,,0,1,138.67427,72.20097,166.18306,137.91707,111.92275
Bonafide,22049.png,22049,1024,1024,RGB,1781637,,0,1,125.55132,60.388233,115.01445,121.75784,139.88153
Bonafide,22076.png,22076,1024,1024,RGB,1752605,,0,1,115.755775,66.21703,140.43187,120.48735,86.34807
Bonafide,22077.png,22077,1024,1024,RGB,1535236,,0,1,115.50257,64.58824,125.9615,113.72398,106.82216
Bonafide,22078.png,22078,1024,1024,RGB,1597287,,0,1,137.55946,50.591595,158.9656,140.0521,113.66069
Bonafide,22098.png,22098,1024,1024,RGB,1712834,,0,1,103.49009,50.85887,135.77922,98.96619,75.72483
Bonafide,22115.png,22115,1024,1024,RGB,1821983,,0,1,116.931854,63.805546,132.61586,118.75661,99.42323
Bonafide,22120.png,22120,1024,1024,RGB,1448372,,0,1,80.23576,56.635956,105.59784,79.80049,55.30878
Bonafide,22125.png,22125,1024,1024,RGB,1605160,,0,1,96.85855,64.04834,137.06256,87.0594,66.45371
Bonafide,22134.png,22134,1024,1024,RGB,1476450,,0,1,108.59678,52.482513,135.25813,103.56331,86.96887
Bonafide,22135.png,22135,1024,1024,RGB,1649434,,0,1,114.69577,57.61918,134.57378,113.79591,95.71747
Bonafide,22152.png,22152,1024,1024,RGB,1598281,,0,1,91.39629,62.256317,118.437294,84.07414,71.67735
Bonafide,22191.png,22191,1024,1024,RGB,1554942,,0,1,138.5073,65.850105,175.38597,127.637474,112.498184
Bonafide,22203.png,22203,1024,1024,RGB,1545147,,0,1,156.24554,62.51319,208.45448,152.94179,107.34029
Bonafide,22231.png,22231,1024,1024,RGB,1629827,,0,1,83.60179,67.949974,116.20824,79.13298,55.464172
Bonafide,22238.png,22238,1024,1024,RGB,1700553,,0,1,97.80593,76.364975,127.58244,90.43846,75.39691
Bonafide,22266.png,22266,1024,1024,RGB,1563883,,0,1,116.80563,52.138184,141.96957,112.55787,95.8895
Bonafide,22289.png,22289,1024,1024,RGB,1723639,,0,1,84.377365,54.010635,130.97037,70.63281,51.52892
Bonafide,22307.png,22307,1024,1024,RGB,1321035,,0,1,116.99674,59.779217,145.5805,116.36298,89.04687
Bonafide,22322.png,22322,1024,1024,RGB,1441895,,0,1,129.93591,70.419914,147.55264,123.33461,118.92041
Bonafide,22336.png,22336,1024,1024,RGB,1480049,,0,1,90.293846,67.29904,103.87349,84.75289,82.25499
Bonafide,22340.png,22340,1024,1024,RGB,1280583,,0,1,91.805115,59.013893,107.54824,84.545494,83.32154
Bonafide,22385.png,22385,1024,1024,RGB,2013939,,0,1,109.2004,67.588326,124.62092,108.90793,94.072136
Bonafide,22386.png,22386,1024,1024,RGB,1280442,,0,1,43.756664,57.56764,64.241295,39.77953,27.249195
Bonafide,22395.png,22395,1024,1024,RGB,1552682,,0,1,126.5773,73.07573,147.93047,123.13331,108.668175
Bonafide,22437.png,22437,1024,1024,RGB,1331060,,0,1,110.1275,51.72801,130.1497,114.95065,85.28205
Bonafide,22448.png,22448,1024,1024,RGB,1747234,,0,1,109.5312,84.46324,132.82416,104.75315,91.01626
Bonafide,22453.png,22453,1024,1024,RGB,1783937,,0,1,106.44104,69.66267,127.746544,102.46287,89.11375
Bonafide,22466.png,22466,1024,1024,RGB,1557081,,0,1,191.59283,39.876564,216.8393,185.02501,172.9143
Bonafide,22485.png,22485,1024,1024,RGB,1356781,,0,1,99.173035,47.396458,108.49184,93.857864,95.16942
Bonafide,22510.png,22510,1024,1024,RGB,1333592,,0,1,100.44695,64.98156,116.85602,98.87723,85.60772
Bonafide,22520.png,22520,1024,1024,RGB,1505835,,0,1,68.0303,37.60684,103.804146,57.897438,42.389355
Bonafide,22523.png,22523,1024,1024,RGB,1614029,,0,1,139.90807,65.51356,173.87146,121.21677,124.63589
Bonafide,22542.png,22542,1024,1024,RGB,1875749,,0,1,103.75735,69.52022,136.33762,97.46619,77.46798
Bonafide,22544.png,22544,1024,1024,RGB,1359814,,0,1,170.02037,78.026535,188.64075,164.99326,156.42725
Bonafide,22569.png,22569,1024,1024,RGB,1788169,,0,1,76.25504,63.483944,87.48964,73.39215,67.88339
Bonafide,22573.png,22573,1024,1024,RGB,1494859,,0,1,98.3449,69.66025,116.737724,89.112526,89.18444
Bonafide,22581.png,22581,1024,1024,RGB,1269415,,0,1,105.876945,57.108303,126.43962,101.30181,89.88936
Bonafide,22583.png,22583,1024,1024,RGB,1721383,,0,1,106.82705,83.38651,102.34181,106.99034,111.14888
Bonafide,22597.png,22597,1024,1024,RGB,1519408,,0,1,132.46538,71.88342,170.59949,132.277,94.51966
Bonafide,22600.png,22600,1024,1024,RGB,1357530,,0,1,131.00938,72.1378,138.66707,127.053154,127.30801
Bonafide,22621.png,22621,1024,1024,RGB,1487757,,0,1,70.927734,59.744354,91.616806,70.031136,51.13524
Bonafide,22622.png,22622,1024,1024,RGB,1847999,,0,1,66.33596,58.73859,88.64209,56.15888,54.20684
Bonafide,22628.png,22628,1024,1024,RGB,1488693,,0,1,120.71921,74.49009,154.4265,105.42695,102.30413
Bonafide,22645.png,22645,1024,1024,RGB,1581144,,0,1,93.631874,55.322754,103.521805,97.51353,79.86025
Bonafide,22665.png,22665,1024,1024,RGB,1494813,,0,1,184.01021,57.482872,185.07654,184.02765,182.92671
Bonafide,22693.png,22693,1024,1024,RGB,1520984,,0,1,91.056175,56.123665,106.16426,87.20356,79.800705
Bonafide,22702.png,22702,1024,1024,RGB,1607012,,0,1,103.95159,58.551052,126.57489,96.472336,88.80757
Bonafide,22766.png,22766,1024,1024,RGB,1523092,,0,1,62.481464,54.753593,83.187386,57.52117,46.73586
Bonafide,22773.png,22773,1024,1024,RGB,1464682,,0,1,122.36972,73.267296,147.38034,118.84828,100.8805
Bonafide,22776.png,22776,1024,1024,RGB,1351319,,0,1,154.7004,54.31224,173.72205,149.88927,140.48985
Bonafide,22800.png,22800,1024,1024,RGB,1712164,,0,1,129.99562,57.585285,147.40031,131.77051,110.81594
Bonafide,22835.png,22835,1024,1024,RGB,1493706,,0,1,56.04559,59.60772,76.23718,50.68621,41.213425
Bonafide,22836.png,22836,1024,1024,RGB,1828150,,0,1,121.9942,53.1226,145.19019,119.230515,101.562035
Bonafide,22862.png,22862,1024,1024,RGB,1344482,,0,1,169.2831,60.234783,202.70065,172.03528,133.11354
Bonafide,22865.png,22865,1024,1024,RGB,1571397,,0,1,134.06555,61.78948,141.09346,132.31085,128.79218
Bonafide,22882.png,22882,1024,1024,RGB,1752925,,0,1,110.240685,77.554016,125.51659,104.99446,100.210915
Bonafide,22883.png,22883,1024,1024,RGB,1634472,,0,1,118.55316,73.74297,131.16606,112.61883,111.87445
Bonafide,22908.png,22908,1024,1024,RGB,1630547,,0,1,86.7214,63.365646,107.72054,84.75157,67.69208
Bonafide,22927.png,22927,1024,1024,RGB,1481248,,0,1,98.04711,66.600464,124.76383,94.69977,74.67782
Bonafide,22952.png,22952,1024,1024,RGB,1396300,,0,1,137.92879,47.788647,158.48387,137.45056,117.852036
Bonafide,22968.png,22968,1024,1024,RGB,1435139,,0,1,92.079475,78.36525,106.019394,87.91833,82.30061
Bonafide,23023.png,23023,1024,1024,RGB,1485236,,0,1,133.49039,64.37914,152.54584,128.44893,119.476364
Bonafide,23024.png,23024,1024,1024,RGB,1624850,,0,1,66.06399,55.742092,90.99179,59.011364,48.18872
Bonafide,23048.png,23048,1024,1024,RGB,1501108,,0,1,124.532234,52.719093,138.45041,123.35036,111.79594
Bonafide,23050.png,23050,1024,1024,RGB,1343594,,0,1,120.98943,57.82335,129.79134,120.472336,112.70451
Bonafide,23063.png,23063,1024,1024,RGB,1621584,,0,1,60.349903,59.945305,79.15164,55.32481,46.573284
Bonafide,23146.png,23146,1024,1024,RGB,1357834,,0,1,104.71756,78.48541,133.7355,87.30952,93.10763
Bonafide,23154.png,23154,1024,1024,RGB,1631434,,0,1,122.414085,63.60799,131.33641,118.47655,117.42914
Bonafide,23182.png,23182,1024,1024,RGB,1776237,,0,1,108.98362,69.33678,149.78333,98.704834,78.46248
Bonafide,23210.png,23210,1024,1024,RGB,1752660,,0,1,127.63303,68.25983,171.11568,112.792854,98.99032
Bonafide,23231.png,23231,1024,1024,RGB,1583531,,0,1,87.93827,55.2231,96.326645,69.23242,98.25579
Bonafide,23238.png,23238,1024,1024,RGB,1560535,,0,1,139.94472,62.398293,165.44586,153.96298,100.42528
Bonafide,23253.png,23253,1024,1024,RGB,1275942,,0,1,119.49767,68.923676,135.14815,107.83158,115.513275
Bonafide,23296.png,23296,1024,1024,RGB,1699031,,0,1,93.45294,70.76295,103.06173,90.12091,87.17622
Bonafide,23300.png,23300,1024,1024,RGB,1593876,,0,1,122.993324,78.93419,145.35735,120.36393,103.2589
Bonafide,23303.png,23303,1024,1024,RGB,1736233,,0,1,87.634186,56.030952,112.27943,84.76883,65.85436
Bonafide,23311.png,23311,1024,1024,RGB,1403346,,0,1,163.52727,66.546135,178.46492,167.83353,144.28334
Bonafide,23322.png,23322,1024,1024,RGB,1524826,,0,1,119.75696,84.04293,156.93588,112.98101,89.35402
Bonafide,23349.png,23349,1024,1024,RGB,1944007,,0,1,147.7573,56.778294,161.62161,143.70079,137.9496
Bonafide,23365.png,23365,1024,1024,RGB,1546947,,0,1,130.72249,61.325375,136.42487,125.80354,129.9392
Bonafide,23368.png,23368,1024,1024,RGB,1537049,,0,1,95.275604,47.045208,111.07173,95.54105,79.21402
Bonafide,23376.png,23376,1024,1024,RGB,1548284,,0,1,107.472046,66.26819,167.9009,81.657135,72.8582
Bonafide,23380.png,23380,1024,1024,RGB,1575544,,0,1,140.36009,55.872963,176.30013,133.3855,111.394905
Bonafide,23402.png,23402,1024,1024,RGB,1571072,,0,1,137.8637,66.93459,170.09085,130.76167,112.73842
Bonafide,23407.png,23407,1024,1024,RGB,1350161,,0,1,77.208755,67.50407,84.93169,75.34414,71.35042
Bonafide,23447.png,23447,1024,1024,RGB,1574520,,0,1,120.81608,61.98437,138.09882,118.05925,106.29003
Bonafide,23461.png,23461,1024,1024,RGB,1426509,,0,1,168.0308,79.13579,195.98651,158.33754,149.76839
Bonafide,23480.png,23480,1024,1024,RGB,1400732,,0,1,103.83527,76.67224,119.18255,101.055885,91.267365
Bonafide,23487.png,23487,1024,1024,RGB,1557490,,0,1,139.2342,68.22245,158.90129,138.12852,120.672745
Bonafide,23488.png,23488,1024,1024,RGB,1588318,,0,1,175.09045,70.42557,179.36867,175.50548,170.3971
Bonafide,23552.png,23552,1024,1024,RGB,1430078,,0,1,99.69122,40.94247,114.82576,97.30061,86.94742
Bonafide,23570.png,23570,1024,1024,RGB,1515673,,0,1,121.40795,76.98119,127.87369,128.00902,108.34124
Bonafide,23581.png,23581,1024,1024,RGB,1502953,,0,1,115.65142,75.14024,140.35657,116.280045,90.31769
Bonafide,23585.png,23585,1024,1024,RGB,1696467,,0,1,119.6316,63.404728,131.23796,116.73752,110.91927
Bonafide,23605.png,23605,1024,1024,RGB,1614464,,0,1,65.8771,56.51774,80.211716,61.886192,55.533348
Bonafide,23606.png,23606,1024,1024,RGB,1487761,,0,1,91.219635,84.67506,116.41163,85.312874,71.93444
Bonafide,23612.png,23612,1024,1024,RGB,1629366,,0,1,166.24785,55.353138,190.20348,160.08092,148.45903
Bonafide,23614.png,23614,1024,1024,RGB,1649547,,0,1,99.38398,63.087963,141.15216,90.93048,66.06933
Bonafide,23636.png,23636,1024,1024,RGB,1194365,,0,1,58.517365,51.06183,69.18766,54.56561,51.798817
Bonafide,23655.png,23655,1024,1024,RGB,1495185,,0,1,107.9605,64.0854,117.22477,115.9184,90.73838
Bonafide,23687.png,23687,1024,1024,RGB,1739244,,0,1,86.42349,67.379005,98.370575,83.44496,77.45508
Bonafide,23691.png,23691,1024,1024,RGB,1643351,,0,1,95.19495,55.571045,109.238205,96.15339,80.19343
Bonafide,23718.png,23718,1024,1024,RGB,1753991,,0,1,104.263794,65.55423,119.607185,95.47158,97.71257
Bonafide,23719.png,23719,1024,1024,RGB,1647926,,0,1,94.65805,59.401917,110.73132,91.583725,81.65927
Bonafide,23744.png,23744,1024,1024,RGB,1731304,,0,1,76.490135,63.899956,99.98401,67.87178,61.614513
Bonafide,23748.png,23748,1024,1024,RGB,1754152,,0,1,107.62295,53.165894,128.90189,102.25334,91.71348
Bonafide,23756.png,23756,1024,1024,RGB,1412409,,0,1,137.67604,49.726894,144.66685,126.861496,141.49988
Bonafide,23773.png,23773,1024,1024,RGB,1596040,,0,1,118.2099,59.82119,139.1546,112.7368,102.738205
Bonafide,23791.png,23791,1024,1024,RGB,1773339,,0,1,89.28022,53.303947,93.762634,99.08086,74.99718
Bonafide,23819.png,23819,1024,1024,RGB,1602484,,0,1,130.95535,63.361404,146.59987,128.63261,117.63363
Bonafide,23823.png,23823,1024,1024,RGB,1128177,,0,1,150.70137,62.49086,169.1123,147.81075,135.18102
Bonafide,23835.png,23835,1024,1024,RGB,1454618,,0,1,90.18237,58.002064,111.62073,86.088554,72.83773
Bonafide,23896.png,23896,1024,1024,RGB,1559908,,0,1,92.85852,79.61206,110.08027,91.41461,77.08067
Bonafide,23904.png,23904,1024,1024,RGB,1324096,,0,1,158.8422,74.8349,160.84615,155.09973,160.5805
Bonafide,23905.png,23905,1024,1024,RGB,1409279,,0,1,116.05706,65.57339,135.18825,116.88212,96.10074
Bonafide,23917.png,23917,1024,1024,RGB,1555322,,0,1,157.0093,70.008965,173.37651,151.15071,146.50064
Bonafide,23919.png,23919,1024,1024,RGB,1549427,,0,1,138.99055,50.601204,151.28445,137.37997,128.30736
Bonafide,23955.png,23955,1024,1024,RGB,1574908,,0,1,87.66038,70.86656,112.74785,87.88244,62.350803
Bonafide,23993.png,23993,1024,1024,RGB,1513759,,0,1,81.33614,57.814636,86.82243,78.877785,78.30824
Bonafide,24014.png,24014,1024,1024,RGB,1520602,,0,1,116.49643,69.85548,128.4905,114.603516,106.39534
Bonafide,24018.png,24018,1024,1024,RGB,1474109,,0,1,87.345184,65.00954,120.30258,91.17182,50.561157
Bonafide,24038.png,24038,1024,1024,RGB,1447679,,0,1,120.41739,63.594635,129.10732,116.28572,115.85926
Bonafide,24044.png,24044,1024,1024,RGB,1326525,,0,1,50.27397,49.62643,60.97274,47.88555,41.963608
Bonafide,24054.png,24054,1024,1024,RGB,1125753,,0,1,160.63478,87.25611,176.76888,156.84169,148.2937
Bonafide,24059.png,24059,1024,1024,RGB,1335604,,0,1,42.169773,55.560658,55.259403,38.756508,32.493305
Bonafide,24067.png,24067,1024,1024,RGB,1178564,,0,1,184.5262,46.01816,203.98642,180.62688,168.96516
Bonafide,24098.png,24098,1024,1024,RGB,1642950,,0,1,113.10264,64.30521,132.24481,109.716545,97.346405
Bonafide,24104.png,24104,1024,1024,RGB,1330039,,0,1,64.33722,60.537685,81.635284,59.168896,52.20745
Bonafide,24107.png,24107,1024,1024,RGB,1704102,,0,1,128.22687,81.85289,191.6833,112.73607,80.261086
Bonafide,24138.png,24138,1024,1024,RGB,1719169,,0,1,130.61328,67.48541,165.1893,114.81358,111.83695
Bonafide,24156.png,24156,1024,1024,RGB,1905333,,0,1,92.92817,65.15236,117.902466,86.63655,74.24555
Bonafide,24176.png,24176,1024,1024,RGB,1568000,,0,1,126.61685,70.01584,187.90494,98.922386,93.02309
Bonafide,24182.png,24182,1024,1024,RGB,1445811,,0,1,76.528206,63.70251,93.88273,71.244385,64.45746
Bonafide,24219.png,24219,1024,1024,RGB,1504660,,0,1,97.32099,56.93074,100.92485,93.04886,97.98913
Bonafide,24221.png,24221,1024,1024,RGB,1642712,,0,1,124.575874,68.115234,152.19377,116.971176,104.56265
Bonafide,24224.png,24224,1024,1024,RGB,1488515,,0,1,151.51848,58.651875,181.15845,143.45164,129.94536
Bonafide,24265.png,24265,1024,1024,RGB,1304611,,0,1,116.77244,62.070774,148.75456,116.845406,84.7174
Bonafide,24270.png,24270,1024,1024,RGB,1400242,,0,1,109.81189,70.65546,135.96117,100.131546,93.34293
Bonafide,24285.png,24285,1024,1024,RGB,1689264,,0,1,95.17155,55.507706,118.56144,99.24976,67.703476
Bonafide,24301.png,24301,1024,1024,RGB,1576941,,0,1,134.74686,65.35567,148.31793,137.24753,118.67505
Bonafide,24316.png,24316,1024,1024,RGB,1572566,,0,1,87.98296,53.34538,108.32385,82.54491,73.080154
Bonafide,24323.png,24323,1024,1024,RGB,1720770,,0,1,122.52697,68.0642,139.44173,122.105545,106.03358
Bonafide,24328.png,24328,1024,1024,RGB,1279225,,0,1,146.94147,76.16105,152.92525,142.92317,144.97557
Bonafide,24338.png,24338,1024,1024,RGB,1448939,,0,1,60.46657,58.142326,70.79622,57.643593,52.959946
Bonafide,24371.png,24371,1024,1024,RGB,1324242,,0,1,172.6532,54.00753,193.52304,168.6488,155.7879
Bonafide,24387.png,24387,1024,1024,RGB,1478957,,0,1,87.77924,57.22823,120.294754,77.21851,65.82451
Bonafide,24400.png,24400,1024,1024,RGB,1539981,,0,1,105.90692,53.883846,125.43667,102.39969,89.884476
Bonafide,24436.png,24436,1024,1024,RGB,1677107,,0,1,107.313385,49.84952,133.32083,105.72351,82.89572
Bonafide,24454.png,24454,1024,1024,RGB,1419270,,0,1,132.63077,67.40104,136.85658,130.74434,130.29155
Bonafide,24462.png,24462,1024,1024,RGB,1637461,,0,1,80.312386,65.8379,109.45315,70.30938,61.17463
Bonafide,24467.png,24467,1024,1024,RGB,1793462,,0,1,114.42447,60.812267,159.37578,103.0709,80.82674
Bonafide,24478.png,24478,1024,1024,RGB,1755989,,0,1,146.42601,62.658184,159.22481,142.71428,137.33891
Bonafide,24492.png,24492,1024,1024,RGB,1639400,,0,1,128.50067,76.804344,146.81097,126.05144,112.63946
Bonafide,24539.png,24539,1024,1024,RGB,1564681,,0,1,70.92124,63.32661,101.27692,65.76716,45.719658
Bonafide,24546.png,24546,1024,1024,RGB,1563242,,0,1,133.06932,73.337166,162.23778,126.54115,110.429016
Bonafide,24569.png,24569,1024,1024,RGB,1777207,,0,1,121.51269,62.330753,145.4902,113.022514,106.02541
Bonafide,24576.png,24576,1024,1024,RGB,1466393,,0,1,56.18123,55.85283,78.97783,43.469936,46.095863
Bonafide,24593.png,24593,1024,1024,RGB,1701497,,0,1,90.18286,53.016388,99.27537,87.35452,83.91881
Bonafide,24614.png,24614,1024,1024,RGB,1618769,,0,1,87.24094,69.84394,109.83616,79.3904,72.49626
Bonafide,24647.png,24647,1024,1024,RGB,1415487,,0,1,91.12973,57.99552,113.87743,85.78061,73.731186
Bonafide,24654.png,24654,1024,1024,RGB,1455980,,0,1,103.67984,65.01458,121.243904,97.40154,92.39396
Bonafide,24658.png,24658,1024,1024,RGB,1539946,,0,1,154.22415,64.63094,159.44699,150.70807,152.51747
Bonafide,24659.png,24659,1024,1024,RGB,1666602,,0,1,107.66045,57.63985,127.59733,103.71461,91.66938
Bonafide,24664.png,24664,1024,1024,RGB,1460207,,0,1,97.30019,68.75927,112.57094,101.95091,77.37888
Bonafide,24668.png,24668,1024,1024,RGB,1725257,,0,1,175.45654,60.05787,202.23381,174.37497,149.76102
Bonafide,24671.png,24671,1024,1024,RGB,1579065,,0,1,148.47554,59.917866,158.1635,142.67268,144.59033
Bonafide,24684.png,24684,1024,1024,RGB,1302891,,0,1,91.86447,55.725883,109.77166,85.77527,80.046555
Bonafide,24711.png,24711,1024,1024,RGB,1529750,,0,1,126.11887,46.130024,155.05748,124.73295,98.56614
Bonafide,24737.png,24737,1024,1024,RGB,1668586,,0,1,111.25244,66.411995,131.65646,104.10316,97.9978
Bonafide,24745.png,24745,1024,1024,RGB,1574913,,0,1,119.65384,60.215473,146.70898,122.723366,89.52903
Bonafide,24781.png,24781,1024,1024,RGB,1353923,,0,1,181.07306,57.27726,197.23682,175.43857,170.54408
Bonafide,24802.png,24802,1024,1024,RGB,1274641,,0,1,90.51832,64.80435,101.95607,88.504135,81.094734
Bonafide,24821.png,24821,1024,1024,RGB,1433862,,0,1,131.59543,55.63873,148.1441,130.1164,116.5256
Bonafide,24823.png,24823,1024,1024,RGB,1573065,,0,1,119.21084,76.92803,120.64853,115.917564,121.0664
Bonafide,24838.png,24838,1024,1024,RGB,1438751,,0,1,90.66342,38.313698,103.57902,88.19376,80.2175
Bonafide,24869.png,24869,1024,1024,RGB,1465999,,0,1,112.97454,61.78266,130.96579,125.86994,82.08785
Bonafide,24874.png,24874,1024,1024,RGB,1431500,,0,1,60.26862,68.60501,82.511116,58.071037,40.223732
Bonafide,24881.png,24881,1024,1024,RGB,1860064,,0,1,106.85551,55.920734,119.29369,112.46789,88.80496
Bonafide,24889.png,24889,1024,1024,RGB,1496100,,0,1,129.70334,61.938496,141.97716,127.504906,119.62792
Bonafide,24891.png,24891,1024,1024,RGB,1071607,,0,1,101.12687,88.17096,112.29102,97.32841,93.76143
Bonafide,24902.png,24902,1024,1024,RGB,1511987,,0,1,120.68408,54.043324,123.173256,113.24363,125.635284
Bonafide,24932.png,24932,1024,1024,RGB,1676326,,0,1,134.5331,51.359043,149.4074,130.96564,123.22639
Bonafide,24940.png,24940,1024,1024,RGB,1755268,,0,1,92.90823,61.463806,121.45137,89.91494,67.35849
Bonafide,24963.png,24963,1024,1024,RGB,1519420,,0,1,89.78055,69.9483,86.862404,86.51932,95.95998
Bonafide,24966.png,24966,1024,1024,RGB,1624636,,0,1,149.82997,65.3629,168.15164,144.97836,136.3599
Bonafide,25000.png,25000,1024,1024,RGB,1394953,,0,1,175.91754,71.15522,196.80568,167.57518,163.37164
Bonafide,25040.png,25040,1024,1024,RGB,1294504,,0,1,111.30102,61.674187,134.7193,111.76364,87.42
Bonafide,25048.png,25048,1024,1024,RGB,1359004,,0,1,121.17228,81.632095,139.18343,117.78244,106.55072
Bonafide,25049.png,25049,1024,1024,RGB,1575621,,0,1,101.20579,52.937576,125.09385,95.59132,82.9323
Bonafide,25062.png,25062,1024,1024,RGB,1693536,,0,1,99.6666,66.72904,108.02075,99.15439,91.82483
Bonafide,25064.png,25064,1024,1024,RGB,1691984,,0,1,98.844666,47.06508,129.16139,103.52246,63.850067
Bonafide,25084.png,25084,1024,1024,RGB,1825819,,0,1,135.16792,66.537285,146.74483,134.07852,124.6805
Bonafide,25119.png,25119,1024,1024,RGB,1817883,,0,1,103.74,57.20769,143.42067,89.17172,78.62745
Bonafide,25124.png,25124,1024,1024,RGB,1565165,,0,1,84.091606,64.63268,102.523605,75.25165,74.49957
Bonafide,25127.png,25127,1024,1024,RGB,1322830,,0,1,181.40614,67.02666,199.28296,175.40262,169.53279
Bonafide,25128.png,25128,1024,1024,RGB,1564437,,0,1,100.173615,62.904915,118.97689,92.70134,88.84274
Bonafide,25133.png,25133,1024,1024,RGB,1755672,,0,1,82.406525,43.890213,86.07037,86.830894,74.31834
Bonafide,25148.png,25148,1024,1024,RGB,1726345,,0,1,162.69781,67.43522,185.53471,163.0774,139.4812
Bonafide,25162.png,25162,1024,1024,RGB,1442645,,0,1,89.995125,61.24012,112.150925,86.29639,71.53795
Bonafide,25164.png,25164,1024,1024,RGB,1827526,,0,1,94.880035,73.73221,124.75158,88.103966,71.78454
Bonafide,25170.png,25170,1024,1024,RGB,1573652,,0,1,109.315865,69.38306,127.936646,104.05719,95.95398
Bonafide,25184.png,25184,1024,1024,RGB,1331620,,0,1,160.79903,61.932007,161.37798,162.25386,158.76524
Bonafide,25225.png,25225,1024,1024,RGB,1401379,,0,1,114.04577,62.781376,119.2364,112.1199,110.78116
Bonafide,25258.png,25258,1024,1024,RGB,1692652,,0,1,115.674995,58.45783,138.35025,120.231575,88.44311
Bonafide,25296.png,25296,1024,1024,RGB,1216695,,0,1,91.6052,42.83198,99.188354,90.42428,85.20303
Bonafide,25301.png,25301,1024,1024,RGB,1610050,,0,1,108.285,67.392525,107.65631,108.6635,108.535194
Bonafide,25312.png,25312,1024,1024,RGB,1406677,,0,1,108.69592,76.60444,126.042595,104.03993,96.00518
Bonafide,25320.png,25320,1024,1024,RGB,1380704,,0,1,161.09856,87.92925,173.69394,160.78252,148.81912
Bonafide,25331.png,25331,1024,1024,RGB,1539740,,0,1,118.27454,59.645363,139.26491,104.22454,111.334175
Bonafide,25343.png,25343,1024,1024,RGB,1709473,,0,1,153.3752,54.116806,170.1889,147.97421,141.9624
Bonafide,25372.png,25372,1024,1024,RGB,1739797,,0,1,101.92208,74.497986,138.21242,99.12131,68.43276
Bonafide,25377.png,25377,1024,1024,RGB,1637780,,0,1,111.5318,62.928825,147.05295,114.45391,73.08854
Bonafide,25396.png,25396,1024,1024,RGB,1629679,,0,1,122.191345,62.493412,143.73444,115.26988,107.56975
Bonafide,25409.png,25409,1024,1024,RGB,1497406,,0,1,117.94214,73.34392,145.94571,111.042755,96.837944
Bonafide,25436.png,25436,1024,1024,RGB,1398510,,0,1,150.39534,43.69514,167.88098,148.43321,134.8716
Bonafide,25438.png,25438,1024,1024,RGB,1685609,,0,1,60.279293,58.27784,82.47691,54.516815,43.844154
Bonafide,25449.png,25449,1024,1024,RGB,1748046,,0,1,117.94456,54.381153,144.86887,111.09123,97.873436
Bonafide,25462.png,25462,1024,1024,RGB,1608380,,0,1,119.719185,54.577667,133.53767,118.79729,106.822586
Bonafide,25467.png,25467,1024,1024,RGB,1577753,,0,1,159.11395,62.31587,182.12567,145.33508,149.88126
Bonafide,25493.png,25493,1024,1024,RGB,1610191,,0,1,163.21199,67.804085,190.83852,150.09842,148.69904
Bonafide,25512.png,25512,1024,1024,RGB,1333440,,0,1,142.96509,82.27501,151.37454,140.30086,137.22008
Bonafide,25527.png,25527,1024,1024,RGB,1436584,,0,1,157.9347,74.74941,175.47578,149.90451,148.42384
Bonafide,25566.png,25566,1024,1024,RGB,1768547,,0,1,115.753716,72.90898,152.65474,107.44375,87.16294
Bonafide,25574.png,25574,1024,1024,RGB,1639954,,0,1,120.598946,75.39552,153.19785,109.09898,99.50014
Bonafide,25583.png,25583,1024,1024,RGB,1506198,,0,1,127.34016,74.70193,113.87468,124.79607,143.34976
Bonafide,25606.png,25606,1024,1024,RGB,1450467,,0,1,84.225006,52.458878,104.92699,84.12957,63.61847
Bonafide,25607.png,25607,1024,1024,RGB,1964682,,0,1,136.85683,52.91163,158.26685,130.0666,122.237
Bonafide,25628.png,25628,1024,1024,RGB,1393045,,0,1,121.99288,62.26721,129.1822,118.14632,118.650116
Bonafide,25631.png,25631,1024,1024,RGB,1473479,,0,1,143.69716,63.275608,148.63342,137.46342,144.9948
Bonafide,25640.png,25640,1024,1024,RGB,1409759,,0,1,122.19351,78.86658,141.99388,117.20382,107.38269
Bonafide,25642.png,25642,1024,1024,RGB,1432935,,0,1,94.35552,53.76429,109.95562,94.06203,79.048935
Bonafide,25648.png,25648,1024,1024,RGB,1154909,,0,1,114.512535,66.751595,122.931145,107.49282,113.113655
Bonafide,25684.png,25684,1024,1024,RGB,1708744,,0,1,93.42243,65.107475,117.9093,87.378075,74.98007
Bonafide,25699.png,25699,1024,1024,RGB,1682805,,0,1,114.89087,68.46094,130.77536,111.57202,102.32528
Bonafide,25710.png,25710,1024,1024,RGB,1397447,,0,1,132.6582,84.86343,147.10062,129.81276,121.061295
Bonafide,25717.png,25717,1024,1024,RGB,1755511,,0,1,116.335014,68.78967,137.18204,110.572716,101.25043
Bonafide,25746.png,25746,1024,1024,RGB,1768737,,0,1,131.41411,68.53936,154.75041,123.886444,115.60528
Bonafide,25750.png,25750,1024,1024,RGB,1625846,,0,1,82.68861,51.05536,96.26855,82.36692,69.430336
Bonafide,25784.png,25784,1024,1024,RGB,1380776,,0,1,81.55603,65.1626,114.120926,73.75681,56.790375
Bonafide,25786.png,25786,1024,1024,RGB,1466581,,0,1,106.85617,61.729343,127.57971,109.73774,83.25122
Bonafide,25800.png,25800,1024,1024,RGB,1590917,,0,1,151.18993,42.507687,171.29256,144.35658,137.92082
Bonafide,25829.png,25829,1024,1024,RGB,1452222,,0,1,87.22335,60.1553,110.708466,75.985756,74.975914
Bonafide,25837.png,25837,1024,1024,RGB,1835584,,0,1,122.61831,60.83944,134.37218,119.62312,113.859566
Bonafide,25863.png,25863,1024,1024,RGB,1473664,,0,1,64.11829,48.019188,63.525826,62.965023,65.86399
Bonafide,25866.png,25866,1024,1024,RGB,1282653,,0,1,136.39839,39.459774,155.5999,134.79443,118.800896
Bonafide,25892.png,25892,1024,1024,RGB,1727345,,0,1,95.303795,63.566097,113.468445,88.71024,83.732796
Bonafide,25956.png,25956,1024,1024,RGB,1532887,,0,1,120.682556,69.0043,150.55923,112.8743,98.61428
Bonafide,25963.png,25963,1024,1024,RGB,1607368,,0,1,60.97438,42.14348,73.971924,57.287685,51.663483
Bonafide,25981.png,25981,1024,1024,RGB,1666389,,0,1,118.70908,58.962147,141.00095,119.30027,95.82622
Bonafide,25991.png,25991,1024,1024,RGB,1574995,,0,1,169.80228,72.97815,189.84558,161.34949,158.2116
Bonafide,26013.png,26013,1024,1024,RGB,1649175,,0,1,106.68261,76.730316,147.96599,98.308136,73.77362
Bonafide,26036.png,26036,1024,1024,RGB,1676833,,0,1,122.94439,62.48479,147.10439,123.88569,97.84292
Bonafide,26041.png,26041,1024,1024,RGB,1521632,,0,1,140.21335,54.867252,148.66931,139.68842,132.2824
Bonafide,26055.png,26055,1024,1024,RGB,1755669,,0,1,97.67154,70.62893,113.49287,93.685585,85.83623
Bonafide,26062.png,26062,1024,1024,RGB,1529214,,0,1,137.40712,79.10607,149.24861,131.46967,131.50325
Bonafide,26077.png,26077,1024,1024,RGB,1859143,,0,1,118.50243,81.161674,125.193016,114.16225,116.1522
Bonafide,26117.png,26117,1024,1024,RGB,1722830,,0,1,102.09594,52.956158,111.157486,100.79797,94.33222
Bonafide,26139.png,26139,1024,1024,RGB,1779772,,0,1,68.83609,71.211174,95.90386,65.687546,44.916843
Bonafide,26142.png,26142,1024,1024,RGB,1785678,,0,1,190.45992,48.118416,217.0589,173.19662,181.12404
Bonafide,26151.png,26151,1024,1024,RGB,1364029,,0,1,115.435844,68.968895,130.10495,109.528564,106.67392
Bonafide,26154.png,26154,1024,1024,RGB,1874180,,0,1,132.75383,59.52148,166.22916,126.36154,105.670685
Bonafide,26180.png,26180,1024,1024,RGB,1598469,,0,1,157.67577,55.382347,157.41423,145.74522,169.86795
Bonafide,26186.png,26186,1024,1024,RGB,1622994,,0,1,89.54548,50.132324,105.27165,86.949394,76.4155
Bonafide,26224.png,26224,1024,1024,RGB,1342282,,0,1,132.05162,76.10842,140.18053,142.53304,113.44152
Bonafide,26235.png,26235,1024,1024,RGB,1428938,,0,1,100.281624,65.36189,130.92577,90.06278,79.85639
Bonafide,26259.png,26259,1024,1024,RGB,2141562,,0,1,133.54463,54.994045,155.27225,133.42468,111.93714
Bonafide,26313.png,26313,1024,1024,RGB,1500828,,0,1,74.922874,69.831924,99.55276,67.90605,57.30976
Bonafide,26314.png,26314,1024,1024,RGB,1238204,,0,1,68.51772,69.069275,92.54567,61.565548,51.441967
Bonafide,26316.png,26316,1024,1024,RGB,1566501,,0,1,138.95016,63.779522,162.4427,137.08038,117.32748
Bonafide,26317.png,26317,1024,1024,RGB,1432311,,0,1,113.69727,72.72103,120.821976,102.071846,118.19801
Bonafide,26321.png,26321,1024,1024,RGB,1595417,,0,1,64.18169,64.87509,91.05101,59.760155,41.73397
Bonafide,26333.png,26333,1024,1024,RGB,1434356,,0,1,99.562744,54.395515,108.0791,100.79326,89.8158
Bonafide,26341.png,26341,1024,1024,RGB,1625462,,0,1,128.59944,73.06807,164.51213,129.35275,91.93319
Bonafide,26345.png,26345,1024,1024,RGB,1727952,,0,1,159.80988,60.85944,188.04128,150.79747,140.59096
Bonafide,26348.png,26348,1024,1024,RGB,1554635,,0,1,121.26421,61.23867,128.99823,120.07792,114.71662
Bonafide,26370.png,26370,1024,1024,RGB,1441329,,0,1,57.77326,54.550915,73.712036,54.203793,45.40399
Bonafide,26374.png,26374,1024,1024,RGB,1360352,,0,1,96.56101,78.55872,140.38864,99.817375,49.477165
Bonafide,26400.png,26400,1024,1024,RGB,1622660,,0,1,114.81992,65.28286,157.83946,112.52634,74.09393
Bonafide,26405.png,26405,1024,1024,RGB,1591508,,0,1,53.528645,55.846188,78.0732,46.88797,35.624863
Bonafide,26433.png,26433,1024,1024,RGB,1450037,,0,1,132.09352,84.68426,158.5858,125.93356,111.761185
Bonafide,26454.png,26454,1024,1024,RGB,1722036,,0,1,104.085815,62.3924,122.17911,98.21644,91.861916
Bonafide,26456.png,26456,1024,1024,RGB,1811826,,0,1,137.4537,79.84635,155.54576,135.01685,121.79849
Bonafide,26467.png,26467,1024,1024,RGB,1159020,,0,1,167.93253,70.100624,178.24054,165.3555,160.20164
Bonafide,26537.png,26537,1024,1024,RGB,1502775,,0,1,93.918724,69.754555,110.7399,89.95365,81.06251
Bonafide,26549.png,26549,1024,1024,RGB,1389802,,0,1,107.1233,74.681526,128.42615,98.6748,94.26883
Bonafide,26556.png,26556,1024,1024,RGB,1431988,,0,1,121.99067,64.432915,138.77173,118.87396,108.32642
Bonafide,26618.png,26618,1024,1024,RGB,1541769,,0,1,147.40227,68.392365,189.93726,141.99992,110.26996
Bonafide,26626.png,26626,1024,1024,RGB,1755254,,0,1,100.83472,65.347755,107.293655,99.72103,95.48937
Bonafide,26632.png,26632,1024,1024,RGB,1945773,,0,1,114.540016,68.50086,145.32175,110.231125,88.06717
Bonafide,26634.png,26634,1024,1024,RGB,1822782,,0,1,74.672806,38.657368,74.99102,73.836624,75.190704
Bonafide,26635.png,26635,1024,1024,RGB,1594803,,0,1,75.82177,43.234737,103.388374,74.7575,49.319523
Bonafide,26660.png,26660,1024,1024,RGB,1337122,,0,1,97.49589,59.56174,134.50381,89.38211,68.60194
Bonafide,26669.png,26669,1024,1024,RGB,1260444,,0,1,117.634834,57.133347,124.24003,112.72251,115.94202
Bonafide,26685.png,26685,1024,1024,RGB,1529809,,0,1,88.98504,62.48724,112.87979,87.32697,66.74847
Bonafide,26688.png,26688,1024,1024,RGB,1438483,,0,1,100.25208,62.56451,120.11099,103.512184,77.13297
Bonafide,26698.png,26698,1024,1024,RGB,1458774,,0,1,119.387024,67.63214,125.153946,116.98119,116.02601
Bonafide,26725.png,26725,1024,1024,RGB,1171122,,0,1,139.5819,70.20401,149.69994,135.9537,133.09195
Bonafide,26734.png,26734,1024,1024,RGB,1498321,,0,1,135.1049,74.02302,167.32816,133.51042,104.4761
Bonafide,26762.png,26762,1024,1024,RGB,1623836,,0,1,79.35803,59.701195,104.36166,71.890915,61.821465
Bonafide,26765.png,26765,1024,1024,RGB,1249453,,0,1,177.63933,69.8284,188.38022,176.24844,168.28925
Bonafide,26771.png,26771,1024,1024,RGB,1593629,,0,1,173.70036,55.97277,205.32547,167.289,148.48672
Bonafide,26795.png,26795,1024,1024,RGB,1550017,,0,1,118.60328,66.614845,145.6074,114.71071,95.49187
Bonafide,26844.png,26844,1024,1024,RGB,1888842,,0,1,94.0863,63.888103,130.4392,93.9878,57.831856
Bonafide,26845.png,26845,1024,1024,RGB,1348357,,0,1,162.30891,64.84268,168.2741,155.0269,163.62561
Bonafide,26859.png,26859,1024,1024,RGB,1663685,,0,1,106.12548,59.44901,133.56908,101.01863,83.7888
Bonafide,26860.png,26860,1024,1024,RGB,1716151,,0,1,115.47479,67.58514,137.95137,108.79303,99.68008
Bonafide,26868.png,26868,1024,1024,RGB,1549450,,0,1,141.03998,56.580814,191.61212,132.90169,98.60612
Bonafide,26881.png,26881,1024,1024,RGB,1661393,,0,1,113.39383,77.96052,133.90482,107.48685,98.7898
Bonafide,26887.png,26887,1024,1024,RGB,2179228,,0,1,87.30206,72.36306,115.083374,79.29134,67.53148
Bonafide,26907.png,26907,1024,1024,RGB,1373459,,0,1,97.940186,74.03814,104.40622,95.74214,93.67226
Bonafide,26920.png,26920,1024,1024,RGB,1519979,,0,1,131.88501,63.411934,149.98676,129.25116,116.41711
Bonafide,26922.png,26922,1024,1024,RGB,1621939,,0,1,145.97202,66.43458,162.39627,143.67618,131.84354
Bonafide,26928.png,26928,1024,1024,RGB,1265483,,0,1,137.39076,59.665447,160.0602,130.37714,121.735
Bonafide,26987.png,26987,1024,1024,RGB,1585070,,0,1,102.10085,69.36486,113.64763,100.57005,92.084755
Bonafide,26990.png,26990,1024,1024,RGB,1703395,,0,1,114.98376,61.53568,125.74283,113.104965,106.10347
Bonafide,27028.png,27028,1024,1024,RGB,1340690,,0,1,86.97683,66.581726,78.42184,77.10102,105.40767
Bonafide,27038.png,27038,1024,1024,RGB,1411493,,0,1,183.95467,53.044594,180.35202,189.20413,182.30779
Bonafide,27041.png,27041,1024,1024,RGB,1346772,,0,1,148.72145,70.69382,154.94997,145.353,145.86151
Bonafide,27048.png,27048,1024,1024,RGB,1418719,,0,1,132.53639,72.70966,152.35529,123.195625,122.0582
Bonafide,27065.png,27065,1024,1024,RGB,1396578,,0,1,125.79165,80.16804,157.4312,118.10241,101.84125
Bonafide,27078.png,27078,1024,1024,RGB,1747674,,0,1,114.221924,60.483036,118.769104,111.14729,112.74948
Bonafide,27100.png,27100,1024,1024,RGB,1420954,,0,1,94.96917,83.8124,119.52521,89.60776,75.77455
Bonafide,27130.png,27130,1024,1024,RGB,1531801,,0,1,97.43466,63.488358,114.52385,94.914314,82.86574
Bonafide,27142.png,27142,1024,1024,RGB,1264937,,0,1,89.33832,85.95821,123.1655,78.5341,66.31539
Bonafide,27173.png,27173,1024,1024,RGB,1691672,,0,1,146.9063,52.051613,159.04158,144.48492,137.19258
Bonafide,27203.png,27203,1024,1024,RGB,1552996,,0,1,111.45303,89.39276,146.10234,105.2154,83.04128
Bonafide,27208.png,27208,1024,1024,RGB,1438014,,0,1,80.492805,64.71187,92.795715,78.50281,70.17986
Bonafide,27302.png,27302,1024,1024,RGB,1688340,,0,1,127.93845,68.857864,144.82634,120.755775,118.23364
Bonafide,27327.png,27327,1024,1024,RGB,1548632,,0,1,119.77108,49.328186,139.15454,117.2384,102.92023
Bonafide,27330.png,27330,1024,1024,RGB,1568866,,0,1,78.7062,57.272835,104.668495,68.91233,62.53755
Bonafide,27339.png,27339,1024,1024,RGB,1732993,,0,1,97.37658,37.5372,117.8429,98.58141,75.70548
Bonafide,27378.png,27378,1024,1024,RGB,1465849,,0,1,120.96133,48.062756,131.80228,128.6282,102.45372
Bonafide,27401.png,27401,1024,1024,RGB,1282168,,0,1,156.9686,81.16734,165.37567,153.26678,152.26329
Bonafide,27402.png,27402,1024,1024,RGB,1699651,,0,1,88.79797,56.096603,103.49345,88.647026,74.253365
Bonafide,27404.png,27404,1024,1024,RGB,1373347,,0,1,118.76995,87.62687,136.0691,115.158226,105.08251
Bonafide,27415.png,27415,1024,1024,RGB,1435074,,0,1,131.43092,69.127495,154.22473,123.7933,116.27478
Bonafide,27426.png,27426,1024,1024,RGB,1357591,,0,1,97.11205,52.894787,112.4224,94.78351,84.130165
Bonafide,27484.png,27484,1024,1024,RGB,1516342,,0,1,123.38146,59.76828,136.87059,117.34508,115.928505
Bonafide,27498.png,27498,1024,1024,RGB,1667460,,0,1,127.300575,74.41475,125.1103,128.01651,128.77492
Bonafide,27511.png,27511,1024,1024,RGB,1839906,,0,1,108.01535,50.145615,143.74146,101.113846,79.190735
Bonafide,27558.png,27558,1024,1024,RGB,1757950,,0,1,118.705414,57.688725,152.25934,114.96367,88.8932
Bonafide,27560.png,27560,1024,1024,RGB,1611888,,0,1,147.40874,72.5346,163.64156,144.10657,134.47798
Bonafide,27571.png,27571,1024,1024,RGB,1337979,,0,1,164.42882,71.29087,177.38976,162.1206,153.77611
Bonafide,27582.png,27582,1024,1024,RGB,1453734,,0,1,133.47969,68.95453,153.45732,145.79045,101.19141
Bonafide,27588.png,27588,1024,1024,RGB,1362786,,0,1,94.29654,64.03178,109.942795,94.22241,78.72434
Bonafide,27596.png,27596,1024,1024,RGB,1612441,,0,1,135.60703,56.412342,152.97598,133.08842,120.75671
Bonafide,27605.png,27605,1024,1024,RGB,1406618,,0,1,127.16021,72.95265,142.57454,117.900345,121.005775
Bonafide,27606.png,27606,1024,1024,RGB,1613805,,0,1,87.12582,54.17506,118.19974,84.50129,58.6763
Bonafide,27630.png,27630,1024,1024,RGB,1400653,,0,1,91.17315,60.05683,115.80872,85.290184,72.42052
Bonafide,27631.png,27631,1024,1024,RGB,1544367,,0,1,102.6307,60.51923,116.9151,95.80736,95.16975
Bonafide,27637.png,27637,1024,1024,RGB,1544510,,0,1,108.77073,70.2808,131.10927,103.58836,91.61465
Bonafide,27659.png,27659,1024,1024,RGB,1569342,,0,1,126.6966,77.19356,117.61359,125.62391,136.8524
Bonafide,27664.png,27664,1024,1024,RGB,1618361,,0,1,74.5922,70.93822,113.04696,61.35513,49.374516
Bonafide,27674.png,27674,1024,1024,RGB,1514593,,0,1,136.89394,69.80734,148.0539,131.60466,131.02322
Bonafide,27699.png,27699,1024,1024,RGB,1350981,,0,1,186.89223,60.886658,200.21478,181.91196,178.54997
Bonafide,27708.png,27708,1024,1024,RGB,1238045,,0,1,165.72414,69.34256,195.9105,150.33772,150.92416
Bonafide,27709.png,27709,1024,1024,RGB,1385142,,0,1,135.66913,62.717636,155.63318,139.9735,111.40066
Bonafide,27735.png,27735,1024,1024,RGB,1872514,,0,1,112.32508,61.340485,139.40123,98.62462,98.94947
Bonafide,27764.png,27764,1024,1024,RGB,1191740,,0,1,152.83812,85.71432,169.80728,150.82243,137.88495
Bonafide,27783.png,27783,1024,1024,RGB,1189104,,0,1,136.93547,63.386185,166.55315,137.5498,106.70352
Bonafide,27791.png,27791,1024,1024,RGB,1488230,,0,1,74.76088,70.7244,99.16436,69.78607,55.332153
Bonafide,27793.png,27793,1024,1024,RGB,1555862,,0,1,85.77212,53.29813,121.22982,72.0474,64.039116
Bonafide,27808.png,27808,1024,1024,RGB,1703510,,0,1,91.60117,74.59422,119.342186,87.3754,68.08593
Bonafide,27854.png,27854,1024,1024,RGB,1628078,,0,1,145.78589,67.96377,177.53937,139.98744,119.83069
Bonafide,27871.png,27871,1024,1024,RGB,1568318,,0,1,102.75309,81.116104,121.60701,98.18597,88.46628
Bonafide,27879.png,27879,1024,1024,RGB,1463430,,0,1,105.66095,71.139145,150.68349,76.67099,89.62823
Bonafide,27896.png,27896,1024,1024,RGB,1321307,,0,1,136.81218,67.84739,150.77672,135.36314,124.29696
Bonafide,27909.png,27909,1024,1024,RGB,1690244,,0,1,84.68154,43.772377,90.651634,82.22732,81.16559
Bonafide,27921.png,27921,1024,1024,RGB,1745147,,0,1,85.591,54.990623,98.053635,82.41259,76.30681
Bonafide,27927.png,27927,1024,1024,RGB,1559200,,0,1,86.92213,53.089382,110.92397,80.21895,69.6235
Bonafide,27951.png,27951,1024,1024,RGB,1530282,,0,1,90.15275,49.239754,110.42059,86.29778,73.739845
Bonafide,27962.png,27962,1024,1024,RGB,1571614,,0,1,131.36674,57.384758,141.69803,128.51382,123.88837
Bonafide,27976.png,27976,1024,1024,RGB,1595075,,0,1,100.11637,65.30034,115.391174,94.85391,90.10409
Bonafide,28001.png,28001,1024,1024,RGB,1827335,,0,1,82.909676,74.85257,86.878,75.44537,86.405685
Bonafide,28014.png,28014,1024,1024,RGB,1578032,,0,1,96.814354,51.021675,111.44575,93.156006,85.84119
Bonafide,28017.png,28017,1024,1024,RGB,1646992,,0,1,118.54144,64.6732,148.25978,105.92643,101.438126
Bonafide,28021.png,28021,1024,1024,RGB,1227716,,0,1,80.57011,67.67688,94.166046,76.7745,70.769775
Bonafide,28024.png,28024,1024,1024,RGB,1508288,,0,1,79.06985,70.80207,99.28646,71.18324,66.73976
Bonafide,28046.png,28046,1024,1024,RGB,1537070,,0,1,86.805824,77.34561,128.15318,87.41896,44.84537
Bonafide,28051.png,28051,1024,1024,RGB,1571287,,0,1,90.93342,67.35362,116.842834,89.05951,66.89789
Bonafide,28090.png,28090,1024,1024,RGB,1649513,,0,1,118.738914,80.61381,148.00345,112.942406,95.27097
Screens,00962.png,962,1723,1741,RGB,4224905,XML:com.adobe.xmp|dpi|exif|icc_profile|xmp,13,1,82.44099,55.39857,107.828545,71.76305,67.73137
Screens,00998.png,998,2637,2564,RGB,12218860,XML:com.adobe.xmp|dpi|exif|icc_profile|xmp,13,1,111.814156,59.30508,131.94762,111.42309,92.072
Screens,01012.png,1012,3612,3570,RGB,19562557,XML:com.adobe.xmp|dpi|exif|icc_profile|xmp,13,1,83.49791,58.239525,95.65442,87.8742,66.96558
Screens,08794.png,8794,3827,3835,RGB,22791501,XML:com.adobe.xmp|dpi|exif|icc_profile|xmp,13,1,112.042366,66.56405,130.21637,110.617966,95.29327
Screens,10673.png,10673,2891,2803,RGB,15646455,XML:com.adobe.xmp|dpi|exif|icc_profile|xmp,13,1,124.72068,55.693977,140.4231,121.41205,112.32735
Screens,10684.png,10684,2029,2071,RGB,5551599,XML:com.adobe.xmp|dpi|exif|icc_profile|xmp,13,1,90.252266,65.00143,98.81385,86.15875,85.78429
Screens,10696.png,10696,1822,2107,RGB,5481955,XML:com.adobe.xmp|dpi|exif|icc_profile|xmp,13,1,99.209816,65.34906,119.582306,95.97134,82.075775
Screens,10712.png,10712,1856,1924,RGB,4509869,XML:com.adobe.xmp|dpi|exif|icc_profile|xmp,13,1,77.78711,62.280598,98.0248,71.16931,64.16721
Screens,10728.png,10728,3274,3320,RGB,14755216,XML:com.adobe.xmp|dpi|exif|icc_profile|xmp,13,1,98.13161,62.768005,113.18273,96.47013,84.7424
Screens,10741.png,10741,2784,3013,RGB,10553542,XML:com.adobe.xmp|dpi|exif|icc_profile|xmp,13,1,99.664246,64.13934,115.83721,99.768295,83.387115
Screens,10744.png,10744,2129,2159,RGB,5814710,XML:com.adobe.xmp|dpi|exif|srgb|xmp,9,1,101.55808,72.67788,143.60422,86.21918,74.85083
Screens,10881.png,10881,2446,2389,RGB,6114814,XML:com.adobe.xmp|dpi|exif|srgb|xmp,9,1,110.048874,48.630554,133.83084,107.46134,88.85424
Screens,10889.png,10889,1980,2358,RGB,5671633,XML:com.adobe.xmp|dpi|exif|srgb|xmp,9,1,101.88766,67.05223,121.86405,97.35334,86.44551
Screens,10954.png,10954,2423,2466,RGB,7109071,XML:com.adobe.xmp|dpi|exif|srgb|xmp,9,1,106.37803,71.0714,78.20437,100.42109,140.5085
Screens,10960.png,10960,2650,2670,RGB,8663651,XML:com.adobe.xmp|dpi|exif|srgb|xmp,9,1,115.39778,55.10343,121.16412,123.01013,102.018974
Screens,10970.png,10970,2697,2915,RGB,8076635,XML:com.adobe.xmp|dpi|exif|srgb|xmp,9,1,140.31725,67.501884,138.83269,138.87958,143.23993
Screens,10972.png,10972,2552,2885,RGB,7934454,XML:com.adobe.xmp|dpi|exif|srgb|xmp,9,1,95.77458,64.87009,103.7033,95.93983,87.68057
Screens,10992.png,10992,1980,2353,RGB,5790402,XML:com.adobe.xmp|dpi|exif|srgb|xmp,9,1,115.91324,73.19745,132.02303,111.51348,104.20327
Screens,11040.png,11040,2877,3173,RGB,10141924,XML:com.adobe.xmp|dpi|exif|srgb|xmp,9,1,93.082306,86.63516,101.97157,89.46315,87.8124
Screens,11053.png,11053,3785,4034,RGB,21816258,XML:com.adobe.xmp|dpi|exif|icc_profile|xmp,13,1,119.78046,72.32565,131.43167,113.69368,114.216
Screens,11099.png,11099,5712,4284,RGB,38131839,XML:com.adobe.xmp|dpi|exif|icc_profile|xmp,13,6,88.81102,66.619545,93.57319,84.231384,88.62804
Screens,11117.png,11117,5712,4284,RGB,35478538,XML:com.adobe.xmp|dpi|exif|icc_profile|xmp,13,6,82.29131,69.13129,92.018776,81.2795,73.57501
Screens,11130.png,11130,5712,4284,RGB,35383785,XML:com.adobe.xmp|dpi|exif|icc_profile|xmp,13,6,84.15637,57.06099,89.113655,83.90745,79.44851
