file,cls,label,phone,fold,region_px,native,no_fine_detail,no_colour,density_matched,no_noise,drop_no_fine_detail,drop_no_colour,drop_density_matched,drop_no_noise
00962.png,Bonafide,0,iPhone,2,838,0.19607755541801453,0.258182168006897,0.24780350923538208,0.19607755541801453,0.22412164509296417,-0.062104612588882446,-0.051725953817367554,0.0,-0.028044089674949646
00998.png,Bonafide,0,iPhone,0,913,0.22228127717971802,0.22310219705104828,0.2982809245586395,0.21395768225193024,0.22978775203227997,-0.0008209198713302612,-0.07599964737892151,0.00832359492778778,-0.007506474852561951
08794.png,Bonafide,0,iPhone,3,848,0.10583538562059402,0.1695556342601776,0.21487756073474884,0.10583538562059402,0.152568981051445,-0.06372024863958359,-0.10904217511415482,0.0,-0.04673359543085098
10673.png,Bonafide,0,iPhone,0,780,0.13980960845947266,0.17743578553199768,0.2627740800380707,0.13980960845947266,0.13498619198799133,-0.037626177072525024,-0.12296447157859802,0.0,0.004823416471481323
10684.png,Bonafide,0,iPhone,1,908,0.23979881405830383,0.3200029134750366,0.29629066586494446,0.23080293834209442,0.30499696731567383,-0.08020409941673279,-0.056491851806640625,0.008995875716209412,-0.06519815325737
10696.png,Bonafide,0,iPhone,2,967,0.33157214522361755,0.36840692162513733,0.3704734742641449,0.2902018129825592,0.31381791830062866,-0.036834776401519775,-0.038901329040527344,0.04137033224105835,0.01775422692298889
10712.png,Bonafide,0,iPhone,3,908,0.19365385174751282,0.3130079507827759,0.3047020137310028,0.17994612455368042,0.3060900568962097,-0.11935409903526306,-0.11104816198348999,0.013707727193832397,-0.1124362051486969
10728.png,Bonafide,0,iPhone,1,902,0.15562866628170013,0.17153900861740112,0.20437315106391907,0.12044133245944977,0.18059027194976807,-0.01591034233570099,-0.04874448478221893,0.035187333822250366,-0.024961605668067932
10881.png,Bonafide,0,Samsung,0,696,0.15837690234184265,0.17748217284679413,0.2510615587234497,0.15837690234184265,0.13742154836654663,-0.019105270504951477,-0.09268465638160706,0.0,0.02095535397529602
10889.png,Bonafide,0,Samsung,3,825,0.1021541953086853,0.16273187100887299,0.15293733775615692,0.1021541953086853,0.14983384311199188,-0.06057767570018768,-0.05078314244747162,0.0,-0.04767964780330658
10954.png,Bonafide,0,Samsung,3,823,0.2042933851480484,0.27944692969322205,0.34085533022880554,0.2042933851480484,0.2784092128276825,-0.07515354454517365,-0.13656194508075714,0.0,-0.0741158276796341
10960.png,Bonafide,0,Samsung,0,846,0.10824243724346161,0.15929576754570007,0.1590954065322876,0.10824243724346161,0.15334607660770416,-0.051053330302238464,-0.05085296928882599,0.0,-0.045103639364242554
10970.png,Bonafide,0,Samsung,2,834,0.26819995045661926,0.2254517376422882,0.3255547285079956,0.26819995045661926,0.19039782881736755,0.042748212814331055,-0.05735477805137634,0.0,0.07780212163925171
10972.png,Bonafide,0,Samsung,1,790,0.5337692499160767,0.3878728747367859,0.5329511761665344,0.5337692499160767,0.3613938093185425,0.14589637517929077,0.0008180737495422363,0.0,0.17237544059753418
10992.png,Bonafide,0,Samsung,2,786,0.3579104244709015,0.38707590103149414,0.46413981914520264,0.3579104244709015,0.36238130927085876,-0.02916547656059265,-0.10622939467430115,0.0,-0.004470884799957275
11040.png,Bonafide,0,Samsung,1,892,0.2411426156759262,0.3240867555141449,0.1971188187599182,0.2345447540283203,0.3190477192401886,-0.08294413983821869,0.044023796916007996,0.006597861647605896,-0.07790510356426239
11099.png,Bonafide,0,iPhone,2,784,0.27121955156326294,0.30543091893196106,0.2456461638212204,0.27121955156326294,0.31875619292259216,-0.03421136736869812,0.02557338774204254,0.0,-0.047536641359329224
11117.png,Bonafide,0,iPhone,1,834,0.39161181449890137,0.2966924011707306,0.42306140065193176,0.39161181449890137,0.31740981340408325,0.09491941332817078,-0.031449586153030396,0.0,0.07420200109481812
11130.png,Bonafide,0,iPhone,0,861,0.23416370153427124,0.3055467903614044,0.3065122961997986,0.23416370153427124,0.3195701837539673,-0.07138308882713318,-0.07234859466552734,0.0,-0.08540648221969604
11154.png,Bonafide,0,none,0,798,0.1656874418258667,0.22261588275432587,0.26203376054763794,0.1656874418258667,0.21965603530406952,-0.05692844092845917,-0.09634631872177124,0.0,-0.05396859347820282
11166.png,Bonafide,0,none,2,823,0.08814837038516998,0.11334947496652603,0.13249826431274414,0.08814837038516998,0.08682605624198914,-0.02520110458135605,-0.04434989392757416,0.0,0.0013223141431808472
11193.png,Bonafide,0,none,2,925,0.24873512983322144,0.36555016040802,0.33825692534446716,0.20943757891654968,0.3093158006668091,-0.11681503057479858,-0.08952179551124573,0.03929755091667175,-0.060580670833587646
11196.png,Bonafide,0,none,0,933,0.1826556921005249,0.2326362431049347,0.1518123298883438,0.147028848528862,0.2131720632314682,-0.04998055100440979,0.03084336221218109,0.0356268435716629,-0.0305163711309433
11233.png,Bonafide,0,none,0,954,0.3330362141132355,0.32728660106658936,0.35221126675605774,0.28439414501190186,0.33075883984565735,0.005749613046646118,-0.019175052642822266,0.04864206910133362,0.002277374267578125
11237.png,Bonafide,0,none,0,859,0.22698743641376495,0.20716127753257751,0.28649502992630005,0.22698743641376495,0.2145395278930664,0.01982615888118744,-0.059507593512535095,0.0,0.012447908520698547
11308.png,Bonafide,0,none,0,819,0.2839471101760864,0.23430225253105164,0.44421112537384033,0.2839471101760864,0.175873264670372,0.04964485764503479,-0.1602640151977539,0.0,0.10807384550571442
11311.png,Bonafide,0,none,3,869,0.22915223240852356,0.31133919954299927,0.29437097907066345,0.21427588164806366,0.3505738079547882,-0.08218696713447571,-0.06521874666213989,0.0148763507604599,-0.12142157554626465
11312.png,Bonafide,0,none,1,965,0.26433536410331726,0.34430110454559326,0.41695135831832886,0.2312970757484436,0.3788072466850281,-0.079965740442276,-0.1526159942150116,0.03303828835487366,-0.11447188258171082
11322.png,Bonafide,0,none,3,809,0.18437223136425018,0.24615870416164398,0.21976183354854584,0.18437223136425018,0.21382543444633484,-0.0617864727973938,-0.035389602184295654,0.0,-0.029453203082084656
11326.png,Bonafide,0,none,0,1015,0.10170840471982956,0.1615777611732483,0.14159543812274933,0.06353673338890076,0.13795319199562073,-0.05986935645341873,-0.03988703340291977,0.0381716713309288,-0.03624478727579117
11358.png,Bonafide,0,none,0,861,0.13011223077774048,0.1952640861272812,0.2062651664018631,0.13011223077774048,0.21650801599025726,-0.06515185534954071,-0.07615293562412262,0.0,-0.08639578521251678
11359.png,Bonafide,0,none,1,861,0.15631356835365295,0.20852839946746826,0.22745193541049957,0.15631356835365295,0.21502484381198883,-0.05221483111381531,-0.07113836705684662,0.0,-0.058711275458335876
11373.png,Bonafide,0,none,3,834,0.2523888349533081,0.2389073669910431,0.34086254239082336,0.2523888349533081,0.22212129831314087,0.013481467962265015,-0.08847370743751526,0.0,0.030267536640167236
11413.png,Bonafide,0,none,1,877,0.30845704674720764,0.29024869203567505,0.3992097079753876,0.28851890563964844,0.3004476726055145,0.018208354711532593,-0.09075266122817993,0.019938141107559204,0.008009374141693115
11443.png,Bonafide,0,none,2,817,0.2789716422557831,0.3843825161457062,0.37641438841819763,0.2789716422557831,0.3359196186065674,-0.1054108738899231,-0.09744274616241455,0.0,-0.0569479763507843
11463.png,Bonafide,0,none,0,902,0.2269284725189209,0.15702946484088898,0.2427523136138916,0.20402172207832336,0.14041805267333984,0.06989900767803192,-0.015823841094970703,0.022906750440597534,0.08651041984558105
11483.png,Bonafide,0,none,0,819,0.12302103638648987,0.17772334814071655,0.11901092529296875,0.12302103638648987,0.1651916205883026,-0.054702311754226685,0.004010111093521118,0.0,-0.042170584201812744
11507.png,Bonafide,0,none,0,854,0.36382266879081726,0.4044440686702728,0.2657051980495453,0.36382266879081726,0.3888114094734192,-0.040621399879455566,0.09811747074127197,0.0,-0.02498874068260193
11513.png,Bonafide,0,none,2,888,0.21617509424686432,0.3495575785636902,0.28135550022125244,0.22390927374362946,0.3078863024711609,-0.13338248431682587,-0.06518040597438812,-0.007734179496765137,-0.09171120822429657
11519.png,Bonafide,0,none,2,740,0.19916550815105438,0.3332284986972809,0.19245611131191254,0.19916550815105438,0.3183479309082031,-0.1340629905462265,0.006709396839141846,0.0,-0.11918242275714874
11541.png,Bonafide,0,none,3,842,0.10752858966588974,0.19134850800037384,0.17516624927520752,0.10752858966588974,0.16411487758159637,-0.0838199183344841,-0.06763765960931778,0.0,-0.056586287915706635
11567.png,Bonafide,0,none,2,915,0.12367049604654312,0.1789105236530304,0.19574503600597382,0.12152421474456787,0.19887568056583405,-0.055240027606487274,-0.0720745399594307,0.0021462813019752502,-0.07520518451929092
11634.png,Bonafide,0,none,1,900,0.18162554502487183,0.23230253159999847,0.21313069760799408,0.15652742981910706,0.23760414123535156,-0.05067698657512665,-0.03150515258312225,0.02509811520576477,-0.055978596210479736
11644.png,Bonafide,0,none,3,794,0.4502711296081543,0.49401623010635376,0.46158483624458313,0.4502711296081543,0.4720170795917511,-0.04374510049819946,-0.011313706636428833,0.0,-0.021745949983596802
11728.png,Bonafide,0,none,1,888,0.2904703617095947,0.33695676922798157,0.4142657220363617,0.27218949794769287,0.3528284728527069,-0.04648640751838684,-0.12379536032676697,0.018280863761901855,-0.06235811114311218
11786.png,Bonafide,0,none,3,752,0.5103451013565063,0.45614004135131836,0.4919869601726532,0.5103451013565063,0.41530734300613403,0.05420506000518799,0.01835814118385315,0.0,0.09503775835037231
11807.png,Bonafide,0,none,0,871,0.3237563967704773,0.17065507173538208,0.41766637563705444,0.31426021456718445,0.15406018495559692,0.15310132503509521,-0.09390997886657715,0.009496182203292847,0.16969621181488037
11810.png,Bonafide,0,none,1,913,0.37431570887565613,0.3433264195919037,0.467776358127594,0.312130331993103,0.34891000390052795,0.03098928928375244,-0.09346064925193787,0.0621853768825531,0.025405704975128174
11838.png,Bonafide,0,none,2,933,0.18872982263565063,0.21585094928741455,0.32736778259277344,0.17392976582050323,0.1841021329164505,-0.027121126651763916,-0.1386379599571228,0.0148000568151474,0.004627689719200134
11886.png,Bonafide,0,none,0,817,0.1758068948984146,0.20500867068767548,0.23453807830810547,0.1758068948984146,0.18653200566768646,-0.029201775789260864,-0.05873118340969086,0.0,-0.01072511076927185
11953.png,Bonafide,0,none,0,823,0.2477111518383026,0.30828773975372314,0.23827232420444489,0.2477111518383026,0.312894344329834,-0.06057658791542053,0.009438827633857727,0.0,-0.06518319249153137
11981.png,Bonafide,0,none,0,869,0.15914957225322723,0.2685399353504181,0.20092681050300598,0.1487557739019394,0.27861130237579346,-0.10939036309719086,-0.04177723824977875,0.010393798351287842,-0.11946173012256622
11999.png,Bonafide,0,none,3,832,0.7091794610023499,0.585418164730072,0.699321985244751,0.7091794610023499,0.5112144351005554,0.12376129627227783,0.009857475757598877,0.0,0.19796502590179443
12009.png,Bonafide,0,none,2,832,0.09150262922048569,0.19704315066337585,0.17916950583457947,0.09150262922048569,0.18902334570884705,-0.10554052144289017,-0.08766687661409378,0.0,-0.09752071648836136
12022.png,Bonafide,0,none,0,967,0.2649781405925751,0.2971312999725342,0.3632139563560486,0.23708894848823547,0.28048262000083923,-0.032153159379959106,-0.09823581576347351,0.0278891921043396,-0.01550447940826416
12024.png,Bonafide,0,none,1,884,0.07750038057565689,0.13509446382522583,0.10431286692619324,0.06272909045219421,0.1408567875623703,-0.05759408324956894,-0.026812486350536346,0.014771290123462677,-0.06335640698671341
12030.png,Bonafide,0,none,2,827,0.17347902059555054,0.20643307268619537,0.23670066893100739,0.17347902059555054,0.21300773322582245,-0.032954052090644836,-0.06322164833545685,0.0,-0.03952871263027191
12103.png,Bonafide,0,none,0,915,0.3869435787200928,0.3493283987045288,0.4536541700363159,0.35448354482650757,0.35065957903862,0.037615180015563965,-0.06671059131622314,0.032460033893585205,0.03628399968147278
12122.png,Bonafide,0,none,1,898,0.12384234368801117,0.1966319978237152,0.21754731237888336,0.11968982219696045,0.22116582095623016,-0.07278965413570404,-0.09370496869087219,0.00415252149105072,-0.097323477268219
12163.png,Bonafide,0,none,2,888,0.2694565951824188,0.25015226006507874,0.3616606593132019,0.23148857057094574,0.19383978843688965,0.019304335117340088,-0.09220406413078308,0.037968024611473083,0.07561680674552917
12174.png,Bonafide,0,none,1,902,0.20447854697704315,0.1837625801563263,0.32591256499290466,0.17561286687850952,0.190378338098526,0.020715966820716858,-0.12143401801586151,0.02886568009853363,0.014100208878517151
12188.png,Bonafide,0,none,2,861,0.2888241708278656,0.3187350630760193,0.3522789180278778,0.2888241708278656,0.28670573234558105,-0.029910892248153687,-0.06345474720001221,0.0,0.002118438482284546
12189.png,Bonafide,0,none,2,877,0.12807010114192963,0.285044401884079,0.18606629967689514,0.12232187390327454,0.2770977020263672,-0.15697430074214935,-0.057996198534965515,0.00574822723865509,-0.14902760088443756
12207.png,Bonafide,0,none,0,829,0.16556322574615479,0.18859709799289703,0.27953916788101196,0.16556322574615479,0.188934788107872,-0.02303387224674225,-0.11397594213485718,0.0,-0.023371562361717224
12214.png,Bonafide,0,none,1,861,0.36824682354927063,0.3768395483493805,0.35889923572540283,0.36824682354927063,0.37472498416900635,-0.008592724800109863,0.009347587823867798,0.0,-0.006478160619735718
12249.png,Bonafide,0,none,0,919,0.15954941511154175,0.1936580240726471,0.19396242499351501,0.11680226773023605,0.1907169222831726,-0.03410860896110535,-0.03441300988197327,0.042747147381305695,-0.03116750717163086
12320.png,Bonafide,0,none,2,773,0.4805644750595093,0.41950470209121704,0.5486016869544983,0.4805644750595093,0.37833356857299805,0.061059772968292236,-0.06803721189498901,0.0,0.10223090648651123
12332.png,Bonafide,0,none,3,852,0.1899815946817398,0.26796820759773254,0.2902047634124756,0.1899815946817398,0.2568391263484955,-0.07798661291599274,-0.10022316873073578,0.0,-0.06685753166675568
12357.png,Bonafide,0,none,3,836,0.0912143737077713,0.16804176568984985,0.09710292518138885,0.0912143737077713,0.12804198265075684,-0.07682739198207855,-0.005888551473617554,0.0,-0.036827608942985535
12368.png,Bonafide,0,none,0,884,0.23167715966701508,0.14589376747608185,0.2472591996192932,0.21694079041481018,0.12554757297039032,0.08578339219093323,-0.015582039952278137,0.014736369252204895,0.10612958669662476
12383.png,Bonafide,0,none,2,958,0.365856796503067,0.45500537753105164,0.4197898209095001,0.3260226845741272,0.4675126075744629,-0.08914858102798462,-0.053933024406433105,0.03983411192893982,-0.10165581107139587
12385.png,Bonafide,0,none,1,906,0.21293765306472778,0.24559776484966278,0.3036484718322754,0.1906954050064087,0.23426583409309387,-0.032660111784935,-0.09071081876754761,0.022242248058319092,-0.02132818102836609
12412.png,Bonafide,0,none,3,836,0.04187257960438728,0.136155903339386,0.08163601160049438,0.04187257960438728,0.1313658356666565,-0.0942833237349987,-0.0397634319961071,0.0,-0.08949325606226921
12444.png,Bonafide,0,none,1,944,0.2324424833059311,0.2702265977859497,0.34367042779922485,0.17468830943107605,0.2582840025424957,-0.037784114480018616,-0.11122794449329376,0.05775417387485504,-0.025841519236564636
12461.png,Bonafide,0,none,3,896,0.15360158681869507,0.15323396027088165,0.2477479726076126,0.12996646761894226,0.13050685822963715,0.00036762654781341553,-0.09414638578891754,0.023635119199752808,0.023094728589057922
12465.png,Bonafide,0,none,1,792,0.5337189435958862,0.3601399064064026,0.5887446999549866,0.5337189435958862,0.3584659993648529,0.17357903718948364,-0.05502575635910034,0.0,0.17525294423103333
12471.png,Bonafide,0,none,2,877,0.17016158998012543,0.2823304235935211,0.23383601009845734,0.15963339805603027,0.26216137409210205,-0.11216883361339569,-0.06367442011833191,0.010528191924095154,-0.09199978411197662
12481.png,Bonafide,0,none,3,717,0.04312654212117195,0.1699952483177185,0.10878255218267441,0.04312654212117195,0.13752897083759308,-0.12686870619654655,-0.06565601006150246,0.0,-0.09440242871642113
12482.png,Bonafide,0,none,2,877,0.3521798253059387,0.4984672963619232,0.3332580327987671,0.34068620204925537,0.4352172613143921,-0.1462874710559845,0.01892179250717163,0.01149362325668335,-0.08303743600845337
12533.png,Bonafide,0,none,0,815,0.30756258964538574,0.3114580512046814,0.4939981997013092,0.30756258964538574,0.2988312840461731,-0.0038954615592956543,-0.18643561005592346,0.0,0.008731305599212646
12562.png,Bonafide,0,none,1,846,0.16046078503131866,0.21483440697193146,0.25726568698883057,0.16046078503131866,0.20767658948898315,-0.05437362194061279,-0.0968049019575119,0.0,-0.04721580445766449
12605.png,Bonafide,0,none,1,975,0.1519048511981964,0.24669313430786133,0.21040722727775574,0.10958843678236008,0.23945896327495575,-0.09478828310966492,-0.058502376079559326,0.042316414415836334,-0.08755411207675934
12702.png,Bonafide,0,none,1,854,0.5538120865821838,0.41447362303733826,0.6167086958885193,0.5538120865821838,0.4260653257369995,0.13933846354484558,-0.06289660930633545,0.0,0.12774676084518433
12705.png,Bonafide,0,none,2,869,0.6425528526306152,0.5474382042884827,0.5867999792098999,0.6385204792022705,0.5552158355712891,0.09511464834213257,0.05575287342071533,0.0040323734283447266,0.08733701705932617
12714.png,Bonafide,0,none,0,859,0.18778544664382935,0.1430017054080963,0.299554705619812,0.18778544664382935,0.10024471580982208,0.04478374123573303,-0.11176925897598267,0.0,0.08754073083400726
12735.png,Bonafide,0,none,0,863,0.21113145351409912,0.30977463722229004,0.15413816273212433,0.21113145351409912,0.3268880248069763,-0.09864318370819092,0.05699329078197479,0.0,-0.1157565712928772
12770.png,Bonafide,0,none,2,817,0.25838804244995117,0.3563416600227356,0.2887239158153534,0.25838804244995117,0.3296327590942383,-0.09795361757278442,-0.03033587336540222,0.0,-0.07124471664428711
12818.png,Bonafide,0,none,3,894,0.3777306079864502,0.36079156398773193,0.4237825274467468,0.344746470451355,0.3445819616317749,0.01693904399871826,-0.04605191946029663,0.032984137535095215,0.03314864635467529
12871.png,Bonafide,0,none,3,796,0.33333757519721985,0.26965653896331787,0.3346918523311615,0.33333757519721985,0.24451987445354462,0.06368103623390198,-0.0013542771339416504,0.0,0.08881770074367523
12872.png,Bonafide,0,none,1,931,0.19190563261508942,0.2997165322303772,0.2605879604816437,0.21146410703659058,0.27639925479888916,-0.10781089961528778,-0.06868232786655426,-0.01955847442150116,-0.08449362218379974
12880.png,Bonafide,0,none,2,832,0.3398698568344116,0.3775283694267273,0.381296306848526,0.3398698568344116,0.2765468955039978,-0.037658512592315674,-0.04142645001411438,0.0,0.06332296133041382
12979.png,Bonafide,0,none,3,854,0.13461989164352417,0.25145527720451355,0.2663221061229706,0.13461989164352417,0.2163987159729004,-0.11683538556098938,-0.1317022144794464,0.0,-0.08177882432937622
12994.png,Bonafide,0,none,0,821,0.13645882904529572,0.1500367820262909,0.1830921769142151,0.13645882904529572,0.14341840147972107,-0.013577952980995178,-0.04663334786891937,0.0,-0.006959572434425354
12998.png,Bonafide,0,none,1,842,0.25127071142196655,0.3053476810455322,0.41191810369491577,0.25127071142196655,0.31982365250587463,-0.054076969623565674,-0.16064739227294922,0.0,-0.06855294108390808
13013.png,Bonafide,0,none,3,832,0.26826053857803345,0.2251756191253662,0.3648509383201599,0.26826053857803345,0.19641689956188202,0.043084919452667236,-0.09659039974212646,0.0,0.07184363901615143
13037.png,Bonafide,0,none,2,933,0.27760276198387146,0.35816869139671326,0.39109566807746887,0.23611034452915192,0.34948861598968506,-0.0805659294128418,-0.11349290609359741,0.04149241745471954,-0.0718858540058136
13045.png,Bonafide,0,none,2,877,0.4066852331161499,0.45540475845336914,0.3521648049354553,0.4066493809223175,0.41730499267578125,-0.04871952533721924,0.05452042818069458,3.585219383239746e-05,-0.010619759559631348
13079.png,Bonafide,0,none,0,763,0.23000751435756683,0.19214880466461182,0.18635347485542297,0.23000751435756683,0.1750914305448532,0.03785870969295502,0.04365403950214386,0.0,0.05491608381271362
13152.png,Bonafide,0,none,1,971,0.2615090310573578,0.3249247372150421,0.2872280180454254,0.24017834663391113,0.31786543130874634,-0.06341570615768433,-0.025718986988067627,0.021330684423446655,-0.05635640025138855
13157.png,Bonafide,0,none,1,859,0.1828729659318924,0.31280043721199036,0.28841909766197205,0.1828729659318924,0.3263777196407318,-0.12992747128009796,-0.10554613173007965,0.0,-0.14350475370883942
13247.png,Bonafide,0,none,1,948,0.22266677021980286,0.2324904054403305,0.2825588881969452,0.2061946839094162,0.22024616599082947,-0.009823635220527649,-0.059892117977142334,0.016472086310386658,0.0024206042289733887
13257.png,Bonafide,0,none,0,917,0.1352510005235672,0.19080136716365814,0.15887132287025452,0.11948796361684799,0.18123190104961395,-0.05555036664009094,-0.023620322346687317,0.015763036906719208,-0.04598090052604675
13328.png,Bonafide,0,none,3,963,0.18262013792991638,0.37726154923439026,0.09877994656562805,0.14797215163707733,0.327673077583313,-0.19464141130447388,0.08384019136428833,0.03464798629283905,-0.1450529396533966
13344.png,Bonafide,0,none,1,788,0.23838107287883759,0.3187601566314697,0.2652531862258911,0.23838107287883759,0.3406327962875366,-0.08037908375263214,-0.026872113347053528,0.0,-0.10225172340869904
13345.png,Bonafide,0,none,1,865,0.046308405697345734,0.09663676470518112,0.08320026844739914,0.046308405697345734,0.09265953302383423,-0.05032835900783539,-0.036891862750053406,0.0,-0.046351127326488495
13355.png,Bonafide,0,none,0,875,0.17033565044403076,0.24787670373916626,0.19448690116405487,0.15704040229320526,0.2514125108718872,-0.0775410532951355,-0.02415125072002411,0.0132952481508255,-0.08107686042785645
13357.png,Bonafide,0,none,1,861,0.2610202431678772,0.3101451098918915,0.30993738770484924,0.2610202431678772,0.312624990940094,-0.04912486672401428,-0.048917144536972046,0.0,-0.0516047477722168
13363.png,Bonafide,0,none,1,844,0.2125183492898941,0.2617534101009369,0.24876774847507477,0.2125183492898941,0.2871447801589966,-0.049235060811042786,-0.036249399185180664,0.0,-0.07462643086910248
13382.png,Bonafide,0,none,2,802,0.187040314078331,0.3027825355529785,0.2594989240169525,0.187040314078331,0.34013617038726807,-0.11574222147464752,-0.07245860993862152,0.0,-0.15309585630893707
13386.png,Bonafide,0,none,1,915,0.11894229799509048,0.17599357664585114,0.2666940987110138,0.08914515376091003,0.1436464786529541,-0.05705127865076065,-0.1477518007159233,0.02979714423418045,-0.024704180657863617
13388.png,Bonafide,0,none,0,861,0.36405766010284424,0.2098427563905716,0.352683424949646,0.36405766010284424,0.18455374240875244,0.15421490371227264,0.011374235153198242,0.0,0.1795039176940918
13396.png,Bonafide,0,none,0,956,0.17039084434509277,0.2472163289785385,0.21700362861156464,0.1797678917646408,0.23372067511081696,-0.07682548463344574,-0.04661278426647186,-0.009377047419548035,-0.06332983076572418
13410.png,Bonafide,0,none,2,873,0.20704713463783264,0.30292490124702454,0.26767271757125854,0.19883228838443756,0.295207142829895,-0.0958777666091919,-0.0606255829334259,0.00821484625339508,-0.08816000819206238
13414.png,Bonafide,0,none,0,936,0.1609864979982376,0.1686510294675827,0.1801583468914032,0.13448072969913483,0.1731077879667282,-0.007664531469345093,-0.01917184889316559,0.026505768299102783,-0.0121212899684906
13461.png,Bonafide,0,none,1,871,0.16159209609031677,0.23736442625522614,0.2623743414878845,0.16302412748336792,0.23401856422424316,-0.07577233016490936,-0.10078224539756775,-0.0014320313930511475,-0.07242646813392639
13478.png,Bonafide,0,none,3,867,0.3804486095905304,0.35533663630485535,0.5596796274185181,0.3815561830997467,0.3061826229095459,0.02511197328567505,-0.17923101782798767,-0.0011075735092163086,0.0742659866809845
13497.png,Bonafide,0,none,2,873,0.32281041145324707,0.4032031297683716,0.3713030219078064,0.3166739344596863,0.38322266936302185,-0.08039271831512451,-0.048492610454559326,0.006136476993560791,-0.06041225790977478
13502.png,Bonafide,0,none,3,815,0.2744918167591095,0.2892819941043854,0.3340095281600952,0.2744918167591095,0.24927346408367157,-0.014790177345275879,-0.05951771140098572,0.0,0.025218352675437927
13530.png,Bonafide,0,none,1,888,0.38922393321990967,0.3362879455089569,0.4401591122150421,0.3718905746936798,0.292310506105423,0.05293598771095276,-0.050935178995132446,0.01733335852622986,0.0969134271144867
13562.png,Bonafide,0,none,2,902,0.27902984619140625,0.3766689896583557,0.31930235028266907,0.26418444514274597,0.37676703929901123,-0.09763914346694946,-0.04027250409126282,0.014845401048660278,-0.09773719310760498
13568.png,Bonafide,0,none,3,890,0.10154787451028824,0.21064428985118866,0.16037513315677643,0.09540565311908722,0.19727641344070435,-0.10909641534090042,-0.05882725864648819,0.006142221391201019,-0.09572853893041611
13582.png,Bonafide,0,none,0,898,0.23395869135856628,0.34439578652381897,0.3158203959465027,0.21657046675682068,0.3104265034198761,-0.11043709516525269,-0.0818617045879364,0.017388224601745605,-0.07646781206130981
13583.png,Bonafide,0,none,3,929,0.2902972400188446,0.31047293543815613,0.3662753403186798,0.2830166220664978,0.3349513113498688,-0.020175695419311523,-0.0759781002998352,0.007280617952346802,-0.04465407133102417
13597.png,Bonafide,0,none,3,911,0.5199463367462158,0.4661114513874054,0.4673234522342682,0.47375741600990295,0.4236408770084381,0.053834885358810425,0.05262288451194763,0.046188920736312866,0.09630545973777771
13610.png,Bonafide,0,none,1,871,0.4913250505924225,0.42572221159935,0.5640274882316589,0.47693321108818054,0.4488915205001831,0.06560283899307251,-0.07270243763923645,0.014391839504241943,0.04243353009223938
13620.png,Bonafide,0,none,1,931,0.27601614594459534,0.29980534315109253,0.3292328417301178,0.2386750876903534,0.3002219498157501,-0.023789197206497192,-0.05321669578552246,0.03734105825424194,-0.024205803871154785
13638.png,Bonafide,0,none,2,1024,0.35049039125442505,0.3885568082332611,0.3372957408428192,0.2939324378967285,0.343519002199173,-0.03806641697883606,0.013194650411605835,0.05655795335769653,0.006971389055252075
13695.png,Bonafide,0,none,1,856,0.26739537715911865,0.3927100598812103,0.36316797137260437,0.26739537715911865,0.3627123236656189,-0.12531468272209167,-0.09577259421348572,0.0,-0.09531694650650024
13715.png,Bonafide,0,none,0,925,0.09624266624450684,0.11226455122232437,0.11017739772796631,0.07000487297773361,0.11564179509878159,-0.016021884977817535,-0.013934731483459473,0.026237793266773224,-0.01939912885427475
13719.png,Bonafide,0,none,3,925,0.04572094976902008,0.13587790727615356,0.0877547338604927,0.02758113667368889,0.11653424799442291,-0.09015695750713348,-0.042033784091472626,0.018139813095331192,-0.07081329822540283
13753.png,Bonafide,0,none,1,871,0.14132572710514069,0.18088702857494354,0.22005721926689148,0.1404028832912445,0.16802796721458435,-0.039561301469802856,-0.0787314921617508,0.0009228438138961792,-0.026702240109443665
13777.png,Bonafide,0,none,2,811,0.2322300225496292,0.3398474156856537,0.2501698434352875,0.2322300225496292,0.28844279050827026,-0.10761739313602448,-0.017939820885658264,0.0,-0.05621276795864105
13871.png,Bonafide,0,none,0,1024,0.3244495689868927,0.38089004158973694,0.3185315728187561,0.2785753905773163,0.3675166368484497,-0.05644047260284424,0.005917996168136597,0.045874178409576416,-0.04306706786155701
13890.png,Bonafide,0,none,0,844,0.3499779999256134,0.32605573534965515,0.3829997479915619,0.3499779999256134,0.2971762418746948,0.023922264575958252,-0.033021748065948486,0.0,0.05280175805091858
13925.png,Bonafide,0,none,2,819,0.07976514846086502,0.1905389130115509,0.11351125687360764,0.07976514846086502,0.17111557722091675,-0.11077376455068588,-0.033746108412742615,0.0,-0.09135042876005173
13993.png,Bonafide,0,none,0,815,0.16174638271331787,0.19885732233524323,0.1965225487947464,0.16174638271331787,0.16638553142547607,-0.037110939621925354,-0.03477616608142853,0.0,-0.004639148712158203
13999.png,Bonafide,0,none,3,838,0.25143229961395264,0.26627859473228455,0.29884210228919983,0.25143229961395264,0.2524288594722748,-0.01484629511833191,-0.04740980267524719,0.0,-0.0009965598583221436
14019.png,Bonafide,0,none,0,846,0.2889642119407654,0.2856844961643219,0.2892294228076935,0.2889642119407654,0.24411337077617645,0.0032797157764434814,-0.0002652108669281006,0.0,0.04485084116458893
14036.png,Bonafide,0,none,3,829,0.34867849946022034,0.3774503469467163,0.42435017228126526,0.34867849946022034,0.2678297758102417,-0.02877184748649597,-0.07567167282104492,0.0,0.08084872364997864
14055.png,Bonafide,0,none,2,827,0.17783701419830322,0.3151322603225708,0.2685691714286804,0.17783701419830322,0.2988612651824951,-0.13729524612426758,-0.0907321572303772,0.0,-0.1210242509841919
14067.png,Bonafide,0,none,3,836,0.12723523378372192,0.19387736916542053,0.21738900244235992,0.12723523378372192,0.16161435842514038,-0.06664213538169861,-0.090153768658638,0.0,-0.03437912464141846
14083.png,Bonafide,0,none,0,794,0.2498229295015335,0.313167542219162,0.3469747304916382,0.2498229295015335,0.3178550601005554,-0.06334461271762848,-0.09715180099010468,0.0,-0.06803213059902191
14088.png,Bonafide,0,none,1,894,0.45741796493530273,0.4592747688293457,0.4931752383708954,0.4325774610042572,0.44375473260879517,-0.0018568038940429688,-0.03575727343559265,0.024840503931045532,0.013663232326507568
14164.png,Bonafide,0,none,3,917,0.175927072763443,0.23526327311992645,0.1936625838279724,0.17848645150661469,0.23769372701644897,-0.05933620035648346,-0.01773551106452942,-0.002559378743171692,-0.06176665425300598
14215.png,Bonafide,0,none,2,898,0.1470833420753479,0.22677183151245117,0.20956391096115112,0.13943979144096375,0.2289791703224182,-0.07968848943710327,-0.06248056888580322,0.007643550634384155,-0.08189582824707031
14224.png,Bonafide,0,none,2,904,0.2524774372577667,0.2982780933380127,0.2920314073562622,0.2268408089876175,0.27515965700149536,-0.04580065608024597,-0.03955397009849548,0.02563662827014923,-0.022682219743728638
14261.png,Bonafide,0,none,0,838,0.19793158769607544,0.23756355047225952,0.2002718299627304,0.19793158769607544,0.17521364986896515,-0.03963196277618408,-0.0023402422666549683,0.0,0.02271793782711029
14285.png,Bonafide,0,none,2,917,0.3554301857948303,0.4209744334220886,0.3688317537307739,0.3412121534347534,0.3791045844554901,-0.0655442476272583,-0.013401567935943604,0.014218032360076904,-0.02367439866065979
14392.png,Bonafide,0,none,2,900,0.1000024825334549,0.2350907027721405,0.1135261207818985,0.09623855352401733,0.21922731399536133,-0.1350882202386856,-0.013523638248443604,0.003763929009437561,-0.11922483146190643
14394.png,Bonafide,0,none,3,861,0.19514793157577515,0.2882457971572876,0.23271366953849792,0.19514793157577515,0.2895101010799408,-0.09309786558151245,-0.03756573796272278,0.0,-0.09436216950416565
14397.png,Bonafide,0,none,0,809,0.15756924450397491,0.18667536973953247,0.1920124888420105,0.15756924450397491,0.1458837240934372,-0.029106125235557556,-0.034443244338035583,0.0,0.01168552041053772
14407.png,Bonafide,0,none,1,919,0.15340404212474823,0.2614424526691437,0.201643705368042,0.12933868169784546,0.24522440135478973,-0.10803841054439545,-0.04823966324329376,0.02406536042690277,-0.0918203592300415
14413.png,Bonafide,0,none,0,996,0.18242283165454865,0.24555863440036774,0.17899063229560852,0.12523728609085083,0.2224222868680954,-0.06313580274581909,0.0034321993589401245,0.057185545563697815,-0.03999945521354675
14419.png,Bonafide,0,none,2,844,0.1421840786933899,0.21086075901985168,0.25086402893066406,0.1421840786933899,0.22222135961055756,-0.06867668032646179,-0.10867995023727417,0.0,-0.08003728091716766
14511.png,Bonafide,0,none,0,869,0.36409464478492737,0.20623911917209625,0.40901461243629456,0.36156535148620605,0.17940744757652283,0.15785552561283112,-0.04491996765136719,0.0025292932987213135,0.18468719720840454
14512.png,Bonafide,0,none,1,929,0.1977756917476654,0.2665579319000244,0.26809224486351013,0.18569645285606384,0.23713620007038116,-0.06878224015235901,-0.07031655311584473,0.012079238891601562,-0.03936050832271576
14515.png,Bonafide,0,none,2,933,0.42826053500175476,0.3423519730567932,0.4133443236351013,0.3800225257873535,0.3535171151161194,0.08590856194496155,0.014916211366653442,0.048238009214401245,0.07474341988563538
14540.png,Bonafide,0,none,0,771,0.06661608815193176,0.06922034174203873,0.127718985080719,0.06661608815193176,0.06910955905914307,-0.002604253590106964,-0.06110289692878723,0.0,-0.0024934709072113037
14555.png,Bonafide,0,none,0,923,0.09331217408180237,0.08917694538831711,0.1543167233467102,0.08952640742063522,0.10061412304639816,0.00413522869348526,-0.06100454926490784,0.0037857666611671448,-0.007301948964595795
14593.png,Bonafide,0,none,2,911,0.29180586338043213,0.34643352031707764,0.42934903502464294,0.2856731414794922,0.3436706066131592,-0.05462765693664551,-0.13754317164421082,0.006132721900939941,-0.05186474323272705
14619.png,Bonafide,0,none,3,832,0.1536218822002411,0.24052183330059052,0.28640592098236084,0.1536218822002411,0.2194826304912567,-0.08689995110034943,-0.13278403878211975,0.0,-0.06586074829101562
14663.png,Bonafide,0,none,1,921,0.1986236423254013,0.20128946006298065,0.34539297223091125,0.17502768337726593,0.18853503465652466,-0.0026658177375793457,-0.14676932990550995,0.023595958948135376,0.010088607668876648
14678.png,Bonafide,0,none,0,894,0.27114540338516235,0.21567048132419586,0.2940906882286072,0.2593957483768463,0.2550760507583618,0.05547492206096649,-0.022945284843444824,0.01174965500831604,0.016069352626800537
14686.png,Bonafide,0,none,0,896,0.10979631543159485,0.07313220947980881,0.18626773357391357,0.09714963287115097,0.06097690388560295,0.03666410595178604,-0.07647141814231873,0.012646682560443878,0.0488194115459919
14701.png,Bonafide,0,none,3,721,0.11813775449991226,0.1897098273038864,0.253201961517334,0.11813775449991226,0.1807054877281189,-0.07157207280397415,-0.13506420701742172,0.0,-0.06256773322820663
14708.png,Bonafide,0,none,1,884,0.20827507972717285,0.23010486364364624,0.3036169409751892,0.19646140933036804,0.25764888525009155,-0.02182978391647339,-0.09534186124801636,0.01181367039680481,-0.0493738055229187
14713.png,Bonafide,0,none,1,975,0.29143229126930237,0.33008238673210144,0.3517553210258484,0.20836509764194489,0.35201239585876465,-0.03865009546279907,-0.06032302975654602,0.08306719362735748,-0.06058010458946228
14723.png,Bonafide,0,none,1,859,0.11006113886833191,0.16284111142158508,0.1498773694038391,0.11006113886833191,0.16822141408920288,-0.052779972553253174,-0.0398162305355072,0.0,-0.05816027522087097
14735.png,Bonafide,0,none,3,904,0.12571078538894653,0.20156171917915344,0.20528744161128998,0.11849968880414963,0.1944577693939209,-0.07585093379020691,-0.07957665622234344,0.0072110965847969055,-0.06874698400497437
14742.png,Bonafide,0,none,0,848,0.09971007704734802,0.14646485447883606,0.14948397874832153,0.09971007704734802,0.14344638586044312,-0.04675477743148804,-0.04977390170097351,0.0,-0.04373630881309509
14764.png,Bonafide,0,none,2,894,0.2286389172077179,0.25832033157348633,0.32955214381217957,0.22506552934646606,0.22459299862384796,-0.029681414365768433,-0.10091322660446167,0.003573387861251831,0.004045918583869934
14784.png,Bonafide,0,none,3,973,0.39748722314834595,0.3773953914642334,0.4443581998348236,0.2868553400039673,0.3427657186985016,0.02009183168411255,-0.04687097668647766,0.11063188314437866,0.05472150444984436
14812.png,Bonafide,0,none,2,908,0.10328301042318344,0.21147066354751587,0.14374826848506927,0.08458331972360611,0.21927636861801147,-0.10818765312433243,-0.040465258061885834,0.01869969069957733,-0.11599335819482803
14862.png,Bonafide,0,none,0,913,0.2662917375564575,0.32266315817832947,0.36777088046073914,0.24146492779254913,0.3378378748893738,-0.05637142062187195,-0.10147914290428162,0.024826809763908386,-0.07154613733291626
14885.png,Bonafide,0,none,3,861,0.12795549631118774,0.26322314143180847,0.20599621534347534,0.12795549631118774,0.2511937916278839,-0.13526764512062073,-0.0780407190322876,0.0,-0.12323829531669617
14899.png,Bonafide,0,none,0,908,0.164118230342865,0.20935358107089996,0.18655306100845337,0.14671257138252258,0.2035771608352661,-0.04523535072803497,-0.02243483066558838,0.017405658960342407,-0.03945893049240112
14909.png,Bonafide,0,none,2,881,0.33920782804489136,0.2897838354110718,0.43147867918014526,0.33991825580596924,0.2841055989265442,0.04942399263381958,-0.0922708511352539,-0.0007104277610778809,0.05510222911834717
14921.png,Bonafide,0,none,1,892,0.20826181769371033,0.2716778516769409,0.245242178440094,0.19554433226585388,0.25148260593414307,-0.06341603398323059,-0.03698036074638367,0.012717485427856445,-0.04322078824043274
14930.png,Bonafide,0,none,0,950,0.36466482281684875,0.2628677487373352,0.4074627161026001,0.2987011671066284,0.27501481771469116,0.10179707407951355,-0.04279789328575134,0.06596365571022034,0.08965000510215759
14977.png,Bonafide,0,none,1,846,0.37757739424705505,0.3419754207134247,0.4923595190048218,0.37757739424705505,0.3177008330821991,0.03560197353363037,-0.11478212475776672,0.0,0.05987656116485596
15038.png,Bonafide,0,none,1,958,0.25397929549217224,0.26890695095062256,0.3357773423194885,0.19184516370296478,0.2530715763568878,-0.014927655458450317,-0.08179804682731628,0.06213413178920746,0.0009077191352844238
15121.png,Bonafide,0,none,1,817,0.04284857586026192,0.09001217037439346,0.08268188685178757,0.04284857586026192,0.08526354283094406,-0.047163594514131546,-0.03983331099152565,0.0,-0.042414966970682144
15132.png,Bonafide,0,none,1,925,0.201153963804245,0.3173034191131592,0.22683554887771606,0.17655210196971893,0.28764474391937256,-0.11614945530891418,-0.02568158507347107,0.024601861834526062,-0.08649078011512756
15139.png,Bonafide,0,none,1,796,0.31021857261657715,0.322204053401947,0.259720116853714,0.31021857261657715,0.3349577486515045,-0.011985480785369873,0.05049845576286316,0.0,-0.024739176034927368
15140.png,Bonafide,0,none,1,854,0.3725584149360657,0.34411314129829407,0.5358220338821411,0.3725584149360657,0.3398408889770508,0.028445273637771606,-0.16326361894607544,0.0,0.03271752595901489
15156.png,Bonafide,0,none,3,913,0.17407579720020294,0.273803174495697,0.36647072434425354,0.16627885401248932,0.2522881031036377,-0.09972737729549408,-0.1923949271440506,0.007796943187713623,-0.07821230590343475
15170.png,Bonafide,0,none,2,884,0.35811856389045715,0.3231094181537628,0.5017462968826294,0.3487013280391693,0.3086949288845062,0.035009145736694336,-0.14362773299217224,0.009417235851287842,0.04942363500595093
15174.png,Bonafide,0,none,2,865,0.18177039921283722,0.23091809451580048,0.2606734037399292,0.18177039921283722,0.191413015127182,-0.04914769530296326,-0.07890300452709198,0.0,-0.009642615914344788
15219.png,Bonafide,0,none,3,944,0.12795183062553406,0.1534835547208786,0.26675844192504883,0.11062099784612656,0.1557280421257019,-0.025531724095344543,-0.13880661129951477,0.0173308327794075,-0.027776211500167847
15240.png,Bonafide,0,none,3,888,0.2753331959247589,0.28889894485473633,0.41043365001678467,0.276012659072876,0.2515689432621002,-0.013565748929977417,-0.13510045409202576,-0.0006794631481170654,0.02376425266265869
15243.png,Bonafide,0,none,3,898,0.22463634610176086,0.2225627601146698,0.305099755525589,0.2317475974559784,0.26020577549934387,0.0020735859870910645,-0.08046340942382812,-0.007111251354217529,-0.03556942939758301
15255.png,Bonafide,0,none,1,867,0.309646338224411,0.2297840118408203,0.4106005132198334,0.30282193422317505,0.19953757524490356,0.0798623263835907,-0.10095417499542236,0.006824404001235962,0.11010876297950745
15286.png,Bonafide,0,none,0,925,0.3915417194366455,0.3080402612686157,0.5332874059677124,0.34217584133148193,0.29966384172439575,0.08350145816802979,-0.1417456865310669,0.049365878105163574,0.09187787771224976
15305.png,Bonafide,0,none,3,877,0.28905412554740906,0.17168469727039337,0.32650667428970337,0.28261393308639526,0.12202510237693787,0.11736942827701569,-0.03745254874229431,0.006440192461013794,0.1670290231704712
15326.png,Bonafide,0,none,3,607,0.06945201754570007,0.1990838497877121,0.12356477230787277,0.06945201754570007,0.15952779352664948,-0.12963183224201202,-0.0541127547621727,0.0,-0.0900757759809494
15370.png,Bonafide,0,none,0,807,0.23147477209568024,0.24149823188781738,0.28625911474227905,0.23147477209568024,0.23748347163200378,-0.010023459792137146,-0.054784342646598816,0.0,-0.006008699536323547
15376.png,Bonafide,0,none,0,906,0.22461731731891632,0.27110031247138977,0.24016904830932617,0.19548597931861877,0.2737085819244385,-0.04648299515247345,-0.015551730990409851,0.029131338000297546,-0.049091264605522156
15386.png,Bonafide,0,none,2,829,0.15566466748714447,0.25820550322532654,0.21904782950878143,0.15566466748714447,0.2657078504562378,-0.10254083573818207,-0.06338316202163696,0.0,-0.11004318296909332
15390.png,Bonafide,0,none,1,815,0.07973232865333557,0.15954680740833282,0.2116425335407257,0.07973232865333557,0.15961498022079468,-0.07981447875499725,-0.13191020488739014,0.0,-0.0798826515674591
15407.png,Bonafide,0,none,1,815,0.36698827147483826,0.2933688163757324,0.41017067432403564,0.36698827147483826,0.29163599014282227,0.07361945509910583,-0.04318240284919739,0.0,0.07535228133201599
15421.png,Bonafide,0,none,0,856,0.16754376888275146,0.2431262880563736,0.18592311441898346,0.16754376888275146,0.25564661622047424,-0.07558251917362213,-0.018379345536231995,0.0,-0.08810284733772278
15470.png,Bonafide,0,none,3,780,0.2437306046485901,0.3284941613674164,0.42490875720977783,0.2437306046485901,0.32765281200408936,-0.0847635567188263,-0.18117815256118774,0.0,-0.08392220735549927
15554.png,Bonafide,0,none,0,906,0.21419650316238403,0.30409520864486694,0.11867456883192062,0.20918971300125122,0.31825754046440125,-0.08989870548248291,0.09552193433046341,0.0050067901611328125,-0.10406103730201721
15581.png,Bonafide,0,none,0,777,0.25223737955093384,0.20776233077049255,0.2829318940639496,0.25223737955093384,0.18739737570285797,0.044475048780441284,-0.030694514513015747,0.0,0.06484000384807587
15609.png,Bonafide,0,none,1,875,0.1472807079553604,0.1889733523130417,0.22139443457126617,0.14418834447860718,0.1770814061164856,-0.041692644357681274,-0.07411372661590576,0.003092363476753235,-0.029800698161125183
15636.png,Bonafide,0,none,3,846,0.06974700093269348,0.18956346809864044,0.09747906774282455,0.06974700093269348,0.18145014345645905,-0.11981646716594696,-0.027732066810131073,0.0,-0.11170314252376556
15637.png,Bonafide,0,none,3,958,0.5146213173866272,0.4775334894657135,0.5338530540466309,0.4193965494632721,0.4572869539260864,0.037087827920913696,-0.019231736660003662,0.0952247679233551,0.05733436346054077
15699.png,Bonafide,0,none,2,813,0.2514157295227051,0.3256324231624603,0.31034642457962036,0.2514157295227051,0.3150405287742615,-0.07421669363975525,-0.05893069505691528,0.0,-0.0636247992515564
15722.png,Bonafide,0,none,3,859,0.406218945980072,0.3785925805568695,0.4283571243286133,0.406218945980072,0.3760126233100891,0.027626365423202515,-0.02213817834854126,0.0,0.03020632266998291
15773.png,Bonafide,0,none,3,832,0.09460172802209854,0.11255044490098953,0.15389642119407654,0.09460172802209854,0.11091437935829163,-0.01794871687889099,-0.059294693171978,0.0,-0.016312651336193085
15841.png,Bonafide,0,none,0,842,0.20173901319503784,0.21392510831356049,0.3159845471382141,0.20173901319503784,0.17570239305496216,-0.012186095118522644,-0.11424553394317627,0.0,0.026036620140075684
15843.png,Bonafide,0,none,2,850,0.26070189476013184,0.27212944626808167,0.40234634280204773,0.26070189476013184,0.2609409689903259,-0.011427551507949829,-0.1416444480419159,0.0,-0.0002390742301940918
15860.png,Bonafide,0,none,2,825,0.33169159293174744,0.37441328167915344,0.38138478994369507,0.33169159293174744,0.33923307061195374,-0.042721688747406006,-0.04969319701194763,0.0,-0.007541477680206299
15883.png,Bonafide,0,none,1,825,0.22770224511623383,0.2742288410663605,0.39406123757362366,0.22770224511623383,0.2702719569206238,-0.04652659595012665,-0.16635899245738983,0.0,-0.042569711804389954
15915.png,Bonafide,0,none,3,769,0.39147040247917175,0.41188719868659973,0.38899484276771545,0.39147040247917175,0.3923994302749634,-0.02041679620742798,0.002475559711456299,0.0,-0.000929027795791626
15947.png,Bonafide,0,none,2,915,0.2814914882183075,0.3341642916202545,0.3661450743675232,0.2577049434185028,0.28220438957214355,-0.05267280340194702,-0.0846535861492157,0.023786544799804688,-0.0007129013538360596
15965.png,Bonafide,0,none,2,865,0.1899936944246292,0.27082961797714233,0.2524055540561676,0.1899936944246292,0.25650355219841003,-0.08083592355251312,-0.06241185963153839,0.0,-0.06650985777378082
15983.png,Bonafide,0,none,2,759,0.25757089257240295,0.2887918949127197,0.268818199634552,0.25757089257240295,0.26449424028396606,-0.031221002340316772,-0.011247307062149048,0.0,-0.00692334771156311
16038.png,Bonafide,0,none,0,917,0.14093640446662903,0.17912492156028748,0.11254192888736725,0.1398116797208786,0.17536816000938416,-0.03818851709365845,0.02839447557926178,0.0011247247457504272,-0.03443175554275513
16049.png,Bonafide,0,none,2,865,0.10809053480625153,0.19530083239078522,0.1680745780467987,0.10809053480625153,0.1721992939710617,-0.08721029758453369,-0.05998404324054718,0.0,-0.06410875916481018
16068.png,Bonafide,0,none,2,782,0.14191871881484985,0.19893160462379456,0.19394387304782867,0.14191871881484985,0.1967705935239792,-0.0570128858089447,-0.05202515423297882,0.0,-0.054851874709129333
16079.png,Bonafide,0,none,3,946,0.29117876291275024,0.3290468156337738,0.44046103954315186,0.2543002665042877,0.30422642827033997,-0.03786805272102356,-0.1492822766304016,0.036878496408462524,-0.013047665357589722
16102.png,Bonafide,0,none,2,894,0.21554312109947205,0.29493802785873413,0.27372321486473083,0.19804364442825317,0.2830582857131958,-0.07939490675926208,-0.05818009376525879,0.017499476671218872,-0.06751516461372375
16132.png,Bonafide,0,none,0,794,0.040016964077949524,0.0689733475446701,0.13242776691913605,0.040016964077949524,0.06974568963050842,-0.02895638346672058,-0.09241080284118652,0.0,-0.0297287255525589
16170.png,Bonafide,0,none,3,838,0.09302280843257904,0.13507261872291565,0.17482230067253113,0.09302280843257904,0.14739352464675903,-0.04204981029033661,-0.08179949223995209,0.0,-0.05437071621417999
16193.png,Bonafide,0,none,2,852,0.24632424116134644,0.3730332851409912,0.2737554609775543,0.24632424116134644,0.3682306408882141,-0.12670904397964478,-0.027431219816207886,0.0,-0.12190639972686768
16220.png,Bonafide,0,none,2,979,0.23961609601974487,0.23620745539665222,0.32895562052726746,0.18193699419498444,0.18965181708335876,0.0034086406230926514,-0.08933952450752258,0.05767910182476044,0.04996427893638611
16223.png,Bonafide,0,none,3,938,0.04458867013454437,0.13032430410385132,0.12576812505722046,0.030890919268131256,0.10829650610685349,-0.08573563396930695,-0.08117945492267609,0.013697750866413116,-0.06370783597230911
16229.png,Bonafide,0,none,0,888,0.15476450324058533,0.19802577793598175,0.24346232414245605,0.14112623035907745,0.1672138124704361,-0.04326127469539642,-0.08869782090187073,0.013638272881507874,-0.012449309229850769
16241.png,Bonafide,0,none,3,821,0.11973908543586731,0.1703263223171234,0.14900285005569458,0.11973908543586731,0.15825577080249786,-0.050587236881256104,-0.02926376461982727,0.0,-0.038516685366630554
16243.png,Bonafide,0,none,0,757,0.2204691618680954,0.17011165618896484,0.2696171700954437,0.2204691618680954,0.15038561820983887,0.050357505679130554,-0.04914800822734833,0.0,0.07008354365825653
16259.png,Bonafide,0,none,3,875,0.07471510767936707,0.21565644443035126,0.13136860728263855,0.07299846410751343,0.16247206926345825,-0.1409413367509842,-0.056653499603271484,0.0017166435718536377,-0.08775696158409119
16260.png,Bonafide,0,none,3,963,0.33178138732910156,0.23506945371627808,0.4008864760398865,0.26728320121765137,0.21468281745910645,0.09671193361282349,-0.06910508871078491,0.0644981861114502,0.11709856986999512
16311.png,Bonafide,0,none,0,836,0.12184499204158783,0.18700292706489563,0.1347421556711197,0.12184499204158783,0.17412127554416656,-0.0651579350233078,-0.01289716362953186,0.0,-0.052276283502578735
16321.png,Bonafide,0,none,1,767,0.1051139310002327,0.1751052588224411,0.1467234343290329,0.1051139310002327,0.1547604501247406,-0.0699913278222084,-0.0416095033288002,0.0,-0.049646519124507904
16367.png,Bonafide,0,none,0,750,0.2535458207130432,0.2539626359939575,0.3478924036026001,0.2535458207130432,0.24104131758213043,-0.00041681528091430664,-0.09434658288955688,0.0,0.01250450313091278
16402.png,Bonafide,0,none,0,840,0.2767931818962097,0.267720490694046,0.26687437295913696,0.2767931818962097,0.24845467507839203,0.009072691202163696,0.009918808937072754,0.0,0.028338506817817688
16405.png,Bonafide,0,none,0,790,0.35837194323539734,0.3707440197467804,0.32726138830184937,0.35837194323539734,0.38328686356544495,-0.012372076511383057,0.031110554933547974,0.0,-0.024914920330047607
16412.png,Bonafide,0,none,3,848,0.2198169082403183,0.29322758316993713,0.30035221576690674,0.2198169082403183,0.30337414145469666,-0.07341067492961884,-0.08053530752658844,0.0,-0.08355723321437836
16469.png,Bonafide,0,none,2,844,0.203380286693573,0.19406090676784515,0.2012309432029724,0.203380286693573,0.1789892315864563,0.009319379925727844,0.002149343490600586,0.0,0.0243910551071167
16529.png,Bonafide,0,none,2,852,0.3113173246383667,0.35579007863998413,0.40761637687683105,0.3113173246383667,0.3231378495693207,-0.04447275400161743,-0.09629905223846436,0.0,-0.01182052493095398
16535.png,Bonafide,0,none,2,888,0.24764667451381683,0.340678870677948,0.28066039085388184,0.24670642614364624,0.3111385703086853,-0.09303219616413116,-0.033013716340065,0.0009402483701705933,-0.06349189579486847
16557.png,Bonafide,0,none,2,852,0.36878663301467896,0.3933199644088745,0.42562544345855713,0.36878663301467896,0.3278507590293884,-0.024533331394195557,-0.056838810443878174,0.0,0.04093587398529053
16581.png,Bonafide,0,none,1,919,0.14037591218948364,0.2277555763721466,0.16317696869373322,0.11054924130439758,0.23821809887886047,-0.08737966418266296,-0.022801056504249573,0.02982667088508606,-0.09784218668937683
16582.png,Bonafide,0,none,3,813,0.2619848847389221,0.3335604965686798,0.25779619812965393,0.2619848847389221,0.27574655413627625,-0.07157561182975769,0.0041886866092681885,0.0,-0.013761669397354126
16583.png,Bonafide,0,none,3,821,0.18071162700653076,0.24543149769306183,0.3342441916465759,0.18071162700653076,0.21983523666858673,-0.06471987068653107,-0.15353256464004517,0.0,-0.03912360966205597
16599.png,Bonafide,0,none,2,938,0.15134964883327484,0.28981345891952515,0.1701793521642685,0.1105903685092926,0.24665111303329468,-0.1384638100862503,-0.018829703330993652,0.04075928032398224,-0.09530146420001984
16600.png,Bonafide,0,none,3,954,0.2723448574542999,0.26949459314346313,0.26920080184936523,0.2493608593940735,0.23909442126750946,0.002850264310836792,0.0031440556049346924,0.02298399806022644,0.033250436186790466
16603.png,Bonafide,0,none,0,881,0.3571118116378784,0.24412162601947784,0.31536155939102173,0.3344276547431946,0.24150599539279938,0.11299018561840057,0.04175025224685669,0.022684156894683838,0.11560581624507904
16639.png,Bonafide,0,none,2,844,0.04655502364039421,0.1670476198196411,0.07879678905010223,0.04655502364039421,0.16234545409679413,-0.1204925961792469,-0.03224176540970802,0.0,-0.11579043045639992
16670.png,Bonafide,0,none,3,871,0.4470861852169037,0.31763651967048645,0.5315704345703125,0.4563533067703247,0.30906426906585693,0.12944966554641724,-0.08448424935340881,-0.00926712155342102,0.13802191615104675
16704.png,Bonafide,0,none,3,842,0.06181402876973152,0.10285849869251251,0.1568816602230072,0.06181402876973152,0.12822459638118744,-0.04104446992278099,-0.09506763145327568,0.0,-0.06641056761145592
16710.png,Bonafide,0,none,3,919,0.31376510858535767,0.4338347017765045,0.3517609238624573,0.25943148136138916,0.4382179081439972,-0.12006959319114685,-0.03799581527709961,0.054333627223968506,-0.12445279955863953
16780.png,Bonafide,0,none,1,815,0.13148632645606995,0.14792436361312866,0.18006198108196259,0.13148632645606995,0.11615005135536194,-0.016438037157058716,-0.04857565462589264,0.0,0.015336275100708008
16813.png,Bonafide,0,none,1,871,0.36062273383140564,0.3892681300640106,0.342934250831604,0.3471800684928894,0.43622538447380066,-0.02864539623260498,0.017688482999801636,0.013442665338516235,-0.07560265064239502
16843.png,Bonafide,0,none,1,890,0.22653253376483917,0.20653893053531647,0.3414912223815918,0.22444115579128265,0.1803993284702301,0.019993603229522705,-0.11495868861675262,0.0020913779735565186,0.04613320529460907
16850.png,Bonafide,0,none,3,877,0.1416977047920227,0.2834310829639435,0.21794582903385162,0.1415535807609558,0.2315526306629181,-0.14173337817192078,-0.07624812424182892,0.00014412403106689453,-0.08985492587089539
16861.png,Bonafide,0,none,2,844,0.21662366390228271,0.3645840585231781,0.26871758699417114,0.21662366390228271,0.36860549449920654,-0.14796039462089539,-0.05209392309188843,0.0,-0.15198183059692383
16865.png,Bonafide,0,none,2,967,0.3142552375793457,0.4255119562149048,0.4626377522945404,0.28078335523605347,0.4152768850326538,-0.11125671863555908,-0.1483825147151947,0.033471882343292236,-0.1010216474533081
16873.png,Bonafide,0,none,2,875,0.3308832347393036,0.3126380145549774,0.4251493215560913,0.30504870414733887,0.30361780524253845,0.018245220184326172,-0.09426608681678772,0.02583453059196472,0.027265429496765137
16879.png,Bonafide,0,none,3,933,0.5445873737335205,0.5686978101730347,0.5924789309501648,0.46973147988319397,0.5246145725250244,-0.02411043643951416,-0.04789155721664429,0.07485589385032654,0.019972801208496094
16909.png,Bonafide,0,none,2,815,0.27407774329185486,0.32017266750335693,0.27781808376312256,0.27407774329185486,0.2835673391819,-0.046094924211502075,-0.0037403404712677,0.0,-0.009489595890045166
16911.png,Bonafide,0,none,1,875,0.1481563150882721,0.18468907475471497,0.19829170405864716,0.15073926746845245,0.18566063046455383,-0.03653275966644287,-0.05013538897037506,-0.002582952380180359,-0.03750431537628174
16924.png,Bonafide,0,none,1,938,0.23859603703022003,0.30194443464279175,0.3186565339565277,0.20238083600997925,0.3131999671459198,-0.06334839761257172,-0.08006049692630768,0.036215201020240784,-0.07460393011569977
16942.png,Bonafide,0,none,0,719,0.22104096412658691,0.1731387972831726,0.3058847486972809,0.22104096412658691,0.14680850505828857,0.04790216684341431,-0.08484378457069397,0.0,0.07423245906829834
16986.png,Bonafide,0,none,1,825,0.05143693462014198,0.1137787476181984,0.08769173920154572,0.05143693462014198,0.10119196772575378,-0.06234181299805641,-0.03625480458140373,0.0,-0.0497550331056118
17017.png,Bonafide,0,none,2,821,0.20021097362041473,0.2535463273525238,0.2177172601222992,0.20021097362041473,0.2594045102596283,-0.05333535373210907,-0.01750628650188446,0.0,-0.05919353663921356
17053.png,Bonafide,0,none,2,865,0.09085437655448914,0.14587610960006714,0.19694076478481293,0.09085437655448914,0.12313178181648254,-0.055021733045578,-0.10608638823032379,0.0,-0.03227740526199341
17055.png,Bonafide,0,none,3,755,0.185873344540596,0.25484955310821533,0.3610926568508148,0.185873344540596,0.20857924222946167,-0.06897620856761932,-0.1752193123102188,0.0,-0.02270589768886566
17058.png,Bonafide,0,none,3,971,0.35877710580825806,0.43975913524627686,0.41607922315597534,0.3304886221885681,0.43458276987075806,-0.0809820294380188,-0.057302117347717285,0.02828848361968994,-0.0758056640625
17088.png,Bonafide,0,none,2,829,0.08291390538215637,0.23250116407871246,0.16099902987480164,0.08291390538215637,0.22239899635314941,-0.1495872586965561,-0.07808512449264526,0.0,-0.13948509097099304
17093.png,Bonafide,0,none,0,856,0.23270279169082642,0.27263307571411133,0.296499103307724,0.23270279169082642,0.25059300661087036,-0.03993028402328491,-0.06379631161689758,0.0,-0.017890214920043945
17105.png,Bonafide,0,none,0,879,0.11919510364532471,0.21121655404567719,0.1643119901418686,0.1076645478606224,0.23818810284137726,-0.09202145040035248,-0.045116886496543884,0.011530555784702301,-0.11899299919605255
17162.png,Bonafide,0,none,3,908,0.38466644287109375,0.4569636881351471,0.3377577066421509,0.3475304841995239,0.43310853838920593,-0.07229724526405334,0.04690873622894287,0.037135958671569824,-0.04844209551811218
17164.png,Bonafide,0,none,2,911,0.26091355085372925,0.40435540676116943,0.30932313203811646,0.23898077011108398,0.36557018756866455,-0.14344185590744019,-0.04840958118438721,0.021932780742645264,-0.1046566367149353
17191.png,Bonafide,0,none,0,969,0.41508734226226807,0.4140815734863281,0.5025253891944885,0.38507330417633057,0.4075130224227905,0.0010057687759399414,-0.08743804693222046,0.0300140380859375,0.007574319839477539
17227.png,Bonafide,0,none,1,848,0.1545998901128769,0.22542820870876312,0.1716599315404892,0.1545998901128769,0.2437722384929657,-0.07082831859588623,-0.017060041427612305,0.0,-0.0891723483800888
17246.png,Bonafide,0,none,3,848,0.18168236315250397,0.27277934551239014,0.24636223912239075,0.18168236315250397,0.24854686856269836,-0.09109698235988617,-0.06467987596988678,0.0,-0.0668645054101944
17275.png,Bonafide,0,none,3,886,0.22374102473258972,0.23978278040885925,0.29154664278030396,0.21052449941635132,0.25170964002609253,-0.01604175567626953,-0.06780561804771423,0.013216525316238403,-0.027968615293502808
17280.png,Bonafide,0,none,2,842,0.3429988622665405,0.3888906240463257,0.4148520231246948,0.3429988622665405,0.40789490938186646,-0.045891761779785156,-0.0718531608581543,0.0,-0.06489604711532593
17336.png,Bonafide,0,none,2,834,0.3097332715988159,0.32158058881759644,0.32827258110046387,0.3097332715988159,0.2651788890361786,-0.011847317218780518,-0.01853930950164795,0.0,0.04455438256263733
17343.png,Bonafide,0,none,3,908,0.3055826723575592,0.28729888796806335,0.3374898135662079,0.30167779326438904,0.28842073678970337,0.01828378438949585,-0.03190714120864868,0.003904879093170166,0.017161935567855835
17356.png,Bonafide,0,none,2,838,0.07423792779445648,0.1274133324623108,0.10169511288404465,0.07423792779445648,0.12219244986772537,-0.05317540466785431,-0.027457185089588165,0.0,-0.04795452207326889
17394.png,Bonafide,0,none,0,1002,0.19343675673007965,0.22356081008911133,0.28939828276634216,0.1789035052061081,0.21802008152008057,-0.030124053359031677,-0.09596152603626251,0.014533251523971558,-0.024583324790000916
17406.png,Bonafide,0,none,0,915,0.26097556948661804,0.28384697437286377,0.3156689405441284,0.25334465503692627,0.29945826530456543,-0.022871404886245728,-0.054693371057510376,0.0076309144496917725,-0.03848269581794739
17419.png,Bonafide,0,none,3,838,0.27180200815200806,0.31666630506515503,0.2893308401107788,0.27180200815200806,0.29974955320358276,-0.04486429691314697,-0.017528831958770752,0.0,-0.027947545051574707
17429.png,Bonafide,0,none,3,946,0.1951783299446106,0.2122686207294464,0.2508406937122345,0.12814459204673767,0.234699085354805,-0.017090290784835815,-0.0556623637676239,0.06703373789787292,-0.0395207554101944
17436.png,Bonafide,0,none,2,829,0.14548088610172272,0.24755920469760895,0.1903686225414276,0.14548088610172272,0.225190669298172,-0.10207831859588623,-0.044887736439704895,0.0,-0.07970978319644928
17441.png,Bonafide,0,none,3,873,0.26277080178260803,0.23079127073287964,0.3777506649494171,0.23705196380615234,0.24300990998744965,0.031979531049728394,-0.11497986316680908,0.02571883797645569,0.019760891795158386
17492.png,Bonafide,0,none,0,873,0.2213175892829895,0.273537814617157,0.2870771586894989,0.2168225795030594,0.29088377952575684,-0.05222022533416748,-0.0657595694065094,0.004495009779930115,-0.06956619024276733
17496.png,Bonafide,0,none,3,865,0.3455306887626648,0.4068918526172638,0.39233022928237915,0.3455306887626648,0.3926980793476105,-0.061361163854599,-0.046799540519714355,0.0,-0.04716739058494568
17621.png,Bonafide,0,none,3,829,0.19026674330234528,0.248912513256073,0.28129422664642334,0.19026674330234528,0.20033924281597137,-0.05864576995372772,-0.09102748334407806,0.0,-0.010072499513626099
17627.png,Bonafide,0,none,0,898,0.30239060521125793,0.3380839228630066,0.3524092733860016,0.28534579277038574,0.39274105429649353,-0.03569331765174866,-0.05001866817474365,0.017044812440872192,-0.0903504490852356
17644.png,Bonafide,0,none,2,827,0.1749780923128128,0.22089451551437378,0.20433373749256134,0.1749780923128128,0.1861501932144165,-0.045916423201560974,-0.029355645179748535,0.0,-0.011172100901603699
17655.png,Bonafide,0,none,1,842,0.19582189619541168,0.25233131647109985,0.2418801188468933,0.19582189619541168,0.3015742003917694,-0.05650942027568817,-0.04605822265148163,0.0,-0.10575230419635773
17714.png,Bonafide,0,none,3,775,0.09624874591827393,0.16668066382408142,0.20131070911884308,0.09624874591827393,0.1493660807609558,-0.0704319179058075,-0.10506196320056915,0.0,-0.053117334842681885
17723.png,Bonafide,0,none,1,780,0.26305556297302246,0.25989216566085815,0.41975221037864685,0.26305556297302246,0.24548965692520142,0.0031633973121643066,-0.1566966474056244,0.0,0.017565906047821045
17757.png,Bonafide,0,none,3,856,0.21025626361370087,0.25123733282089233,0.33175450563430786,0.21025626361370087,0.21335381269454956,-0.04098106920719147,-0.121498242020607,0.0,-0.003097549080848694
17761.png,Bonafide,0,none,2,827,0.23060305416584015,0.3565131723880768,0.30311301350593567,0.23060305416584015,0.3598628342151642,-0.12591011822223663,-0.07250995934009552,0.0,-0.12925978004932404
17794.png,Bonafide,0,none,3,809,0.24756509065628052,0.2826646566390991,0.29717811942100525,0.24756509065628052,0.2603577971458435,-0.035099565982818604,-0.04961302876472473,0.0,-0.012792706489562988
17798.png,Bonafide,0,none,1,840,0.18804028630256653,0.22728252410888672,0.22597643733024597,0.18804028630256653,0.1954401582479477,-0.03924223780632019,-0.03793615102767944,0.0,-0.0073998719453811646
17801.png,Bonafide,0,none,3,827,0.18023662269115448,0.2762514352798462,0.24276001751422882,0.18023662269115448,0.24447767436504364,-0.09601481258869171,-0.06252339482307434,0.0,-0.06424105167388916
17879.png,Bonafide,0,none,1,811,0.08779790997505188,0.1676834374666214,0.18096889555454254,0.08779790997505188,0.19361498951911926,-0.07988552749156952,-0.09317098557949066,0.0,-0.10581707954406738
17894.png,Bonafide,0,none,3,886,0.0386374294757843,0.12043443322181702,0.06014480069279671,0.036010224372148514,0.09421013295650482,-0.08179700374603271,-0.021507371217012405,0.002627205103635788,-0.05557270348072052
17896.png,Bonafide,0,none,3,761,0.20710891485214233,0.29996445775032043,0.33990776538848877,0.20710891485214233,0.3011060357093811,-0.0928555428981781,-0.13279885053634644,0.0,-0.09399712085723877
17898.png,Bonafide,0,none,3,850,0.22231394052505493,0.2798493802547455,0.36971381306648254,0.22231394052505493,0.24995239078998566,-0.05753543972969055,-0.1473998725414276,0.0,-0.027638450264930725
17905.png,Bonafide,0,none,0,846,0.1397683322429657,0.1575447916984558,0.18913114070892334,0.1397683322429657,0.17096050083637238,-0.017776459455490112,-0.04936280846595764,0.0,-0.031192168593406677
17986.png,Bonafide,0,none,0,719,0.3458646833896637,0.3143402636051178,0.354641854763031,0.3458646833896637,0.2487512230873108,0.0315244197845459,-0.00877717137336731,0.0,0.0971134603023529
18016.png,Bonafide,0,none,3,927,0.20148412883281708,0.284201979637146,0.25298699736595154,0.2062189131975174,0.25133880972862244,-0.08271785080432892,-0.05150286853313446,-0.004734784364700317,-0.04985468089580536
18033.png,Bonafide,0,none,2,940,0.42255449295043945,0.43116340041160583,0.424331396818161,0.3877965807914734,0.41242706775665283,-0.008608907461166382,-0.0017769038677215576,0.034757912158966064,0.010127425193786621
18101.png,Bonafide,0,none,3,823,0.14542251825332642,0.18293537199497223,0.2282542884349823,0.14542251825332642,0.2111237645149231,-0.03751285374164581,-0.08283177018165588,0.0,-0.06570124626159668
18115.png,Bonafide,0,none,0,888,0.14703330397605896,0.17917966842651367,0.22850799560546875,0.1437787562608719,0.15760286152362823,-0.03214636445045471,-0.08147469162940979,0.0032545477151870728,-0.010569557547569275
18159.png,Bonafide,0,none,2,869,0.21737965941429138,0.29093003273010254,0.2825317680835724,0.21103502810001373,0.3055834174156189,-0.07355037331581116,-0.065152108669281,0.006344631314277649,-0.08820375800132751
18181.png,Bonafide,0,none,1,927,0.2608293294906616,0.36218947172164917,0.3630886375904083,0.21243901550769806,0.4000166654586792,-0.10136014223098755,-0.1022593080997467,0.04839031398296356,-0.13918733596801758
18190.png,Bonafide,0,none,2,784,0.14051157236099243,0.1639845222234726,0.1453510820865631,0.14051157236099243,0.13293765485286713,-0.023472949862480164,-0.004839509725570679,0.0,0.007573917508125305
18214.png,Bonafide,0,none,3,877,0.3867467939853668,0.320300817489624,0.542567253112793,0.38376584649086,0.30091947317123413,0.0664459764957428,-0.15582045912742615,0.002980947494506836,0.08582732081413269
18226.png,Bonafide,0,none,3,892,0.47578132152557373,0.4663470983505249,0.5627791881561279,0.46098601818084717,0.43025243282318115,0.009434223175048828,-0.0869978666305542,0.014795303344726562,0.04552888870239258
18231.png,Bonafide,0,none,1,881,0.18718960881233215,0.2311650961637497,0.25917747616767883,0.18816500902175903,0.20732365548610687,-0.04397548735141754,-0.07198786735534668,-0.0009754002094268799,-0.02013404667377472
18258.png,Bonafide,0,none,1,923,0.2964317798614502,0.2515381872653961,0.3037463128566742,0.26707032322883606,0.22487667202949524,0.04489359259605408,-0.007314532995223999,0.029361456632614136,0.07155510783195496
18268.png,Bonafide,0,none,1,848,0.08803842216730118,0.13528074324131012,0.12758556008338928,0.08803842216730118,0.14229603111743927,-0.04724232107400894,-0.039547137916088104,0.0,-0.05425760895013809
18270.png,Bonafide,0,none,3,902,0.10679568350315094,0.17359000444412231,0.1334991455078125,0.09288385510444641,0.1719132512807846,-0.06679432094097137,-0.02670346200466156,0.013911828398704529,-0.06511756777763367
18289.png,Bonafide,0,none,3,732,0.2854444682598114,0.27482277154922485,0.41640400886535645,0.2854444682598114,0.25269046425819397,0.010621696710586548,-0.13095954060554504,0.0,0.03275400400161743
18298.png,Bonafide,0,none,1,873,0.1567760407924652,0.23072569072246552,0.245963916182518,0.1372363418340683,0.23782025277614594,-0.0739496499300003,-0.0891878753900528,0.01953969895839691,-0.08104421198368073
18325.png,Bonafide,0,none,0,921,0.2888932526111603,0.28640562295913696,0.3761754631996155,0.29115089774131775,0.27089035511016846,0.0024876296520233154,-0.0872822105884552,-0.0022576451301574707,0.01800289750099182
18345.png,Bonafide,0,none,3,915,0.2478172779083252,0.37545979022979736,0.25794410705566406,0.21956104040145874,0.2997095286846161,-0.12764251232147217,-0.010126829147338867,0.028256237506866455,-0.051892250776290894
18346.png,Bonafide,0,none,1,813,0.25044217705726624,0.253790944814682,0.24890780448913574,0.25044217705726624,0.20258298516273499,-0.0033487677574157715,0.0015343725681304932,0.0,0.04785919189453125
18357.png,Bonafide,0,none,3,879,0.1539427638053894,0.2541392743587494,0.17946694791316986,0.15328876674175262,0.23745131492614746,-0.10019651055335999,-0.025524184107780457,0.0006539970636367798,-0.08350855112075806
18382.png,Bonafide,0,none,1,836,0.2584841847419739,0.3037792444229126,0.34637510776519775,0.2584841847419739,0.2515769302845001,-0.04529505968093872,-0.08789092302322388,0.0,0.006907254457473755
18390.png,Bonafide,0,none,3,867,0.21307441592216492,0.23814350366592407,0.35679060220718384,0.21056924760341644,0.20423290133476257,-0.025069087743759155,-0.14371618628501892,0.002505168318748474,0.008841514587402344
18402.png,Bonafide,0,none,2,821,0.25917109847068787,0.25458115339279175,0.38804855942726135,0.25917109847068787,0.26055991649627686,0.004589945077896118,-0.1288774609565735,0.0,-0.0013888180255889893
18406.png,Bonafide,0,none,3,813,0.19342178106307983,0.23516930639743805,0.19705453515052795,0.19342178106307983,0.18485043942928314,-0.041747525334358215,-0.00363275408744812,0.0,0.008571341633796692
18427.png,Bonafide,0,none,2,931,0.16538123786449432,0.24784713983535767,0.28694379329681396,0.1254265308380127,0.25010859966278076,-0.08246590197086334,-0.12156255543231964,0.03995470702648163,-0.08472736179828644
18459.png,Bonafide,0,none,1,829,0.10652094334363937,0.2508178949356079,0.19330507516860962,0.10652094334363937,0.24437883496284485,-0.14429695159196854,-0.08678413182497025,0.0,-0.13785789161920547
18473.png,Bonafide,0,none,1,834,0.23431240022182465,0.31855884194374084,0.2978862524032593,0.23431240022182465,0.3040372431278229,-0.0842464417219162,-0.06357385218143463,0.0,-0.06972484290599823
18477.png,Bonafide,0,none,3,963,0.18697375059127808,0.19887930154800415,0.31086036562919617,0.14525079727172852,0.19442230463027954,-0.011905550956726074,-0.12388661503791809,0.04172295331954956,-0.007448554039001465
18480.png,Bonafide,0,none,3,881,0.2815811038017273,0.35398733615875244,0.37548771500587463,0.25267308950424194,0.35249030590057373,-0.07240623235702515,-0.09390661120414734,0.02890801429748535,-0.07090920209884644
18481.png,Bonafide,0,none,2,898,0.24657569825649261,0.34923064708709717,0.26536139845848083,0.22718127071857452,0.3661804497241974,-0.10265494883060455,-0.01878570020198822,0.01939442753791809,-0.11960475146770477
18490.png,Bonafide,0,none,2,929,0.17137426137924194,0.21887458860874176,0.2719961106777191,0.1639096885919571,0.24194642901420593,-0.04750032722949982,-0.10062184929847717,0.007464572787284851,-0.07057216763496399
18502.png,Bonafide,0,none,0,898,0.1062888652086258,0.12735547125339508,0.1388186365365982,0.08592008054256439,0.10919355601072311,-0.021066606044769287,-0.03252977132797241,0.0203687846660614,-0.0029046908020973206
18517.png,Bonafide,0,none,1,877,0.32090604305267334,0.33543941378593445,0.3461413085460663,0.31794288754463196,0.29184582829475403,-0.014533370733261108,-0.025235265493392944,0.002963155508041382,0.02906021475791931
18545.png,Bonafide,0,none,2,913,0.30166471004486084,0.386480450630188,0.41730839014053345,0.277874231338501,0.35344603657722473,-0.08481574058532715,-0.11564368009567261,0.023790478706359863,-0.05178132653236389
18556.png,Bonafide,0,none,2,877,0.24360500276088715,0.2638669013977051,0.2775859832763672,0.23031149804592133,0.2555859386920929,-0.020261898636817932,-0.03398098051548004,0.01329350471496582,-0.01198093593120575
18568.png,Bonafide,0,none,1,861,0.16300183534622192,0.2687608003616333,0.1989162117242813,0.16300183534622192,0.2475856989622116,-0.10575896501541138,-0.03591437637805939,0.0,-0.08458386361598969
18585.png,Bonafide,0,none,1,777,0.11483710259199142,0.1502547711133957,0.20283609628677368,0.11483710259199142,0.1513083577156067,-0.035417668521404266,-0.08799899369478226,0.0,-0.036471255123615265
18590.png,Bonafide,0,none,3,854,0.23511356115341187,0.17554843425750732,0.33224859833717346,0.23511356115341187,0.15189425647258759,0.05956512689590454,-0.0971350371837616,0.0,0.08321930468082428
18704.png,Bonafide,0,none,2,881,0.4979751408100128,0.5532476902008057,0.5122457146644592,0.4944818317890167,0.5101887583732605,-0.05527254939079285,-0.014270573854446411,0.0034933090209960938,-0.01221361756324768
18711.png,Bonafide,0,none,0,838,0.1146613210439682,0.16355663537979126,0.20552223920822144,0.1146613210439682,0.19263334572315216,-0.04889531433582306,-0.09086091816425323,0.0,-0.07797202467918396
18725.png,Bonafide,0,none,3,921,0.25666797161102295,0.2716125547885895,0.3531948924064636,0.24058625102043152,0.2594898045063019,-0.014944583177566528,-0.09652692079544067,0.01608172059059143,-0.0028218328952789307
18743.png,Bonafide,0,none,2,838,0.08620478957891464,0.26479947566986084,0.16122402250766754,0.08620478957891464,0.3318459391593933,-0.1785946860909462,-0.0750192329287529,0.0,-0.24564114958047867
18758.png,Bonafide,0,none,0,844,0.09116531163454056,0.11131586134433746,0.133273184299469,0.09116531163454056,0.11569127440452576,-0.020150549709796906,-0.042107872664928436,0.0,-0.0245259627699852
18762.png,Bonafide,0,none,0,861,0.11448858678340912,0.1803111433982849,0.18952184915542603,0.11448858678340912,0.1799411028623581,-0.0658225566148758,-0.0750332623720169,0.0,-0.06545251607894897
18768.png,Bonafide,0,none,3,906,0.0806376188993454,0.21508871018886566,0.15131133794784546,0.05851982533931732,0.2626241147518158,-0.13445109128952026,-0.07067371904850006,0.022117793560028076,-0.1819864958524704
18828.png,Bonafide,0,none,3,877,0.1930491328239441,0.23593418300151825,0.3482273519039154,0.1987847089767456,0.23472046852111816,-0.04288505017757416,-0.1551782190799713,-0.005735576152801514,-0.04167133569717407
18853.png,Bonafide,0,none,0,842,0.12517942488193512,0.17743656039237976,0.12966427206993103,0.12517942488193512,0.15444964170455933,-0.05225713551044464,-0.004484847187995911,0.0,-0.029270216822624207
18876.png,Bonafide,0,none,2,900,0.08622129261493683,0.1818648725748062,0.21404887735843658,0.07837207615375519,0.1736188679933548,-0.09564357995986938,-0.12782758474349976,0.00784921646118164,-0.08739757537841797
18968.png,Bonafide,0,none,1,873,0.28113484382629395,0.2763739824295044,0.36629021167755127,0.28727003931999207,0.2819291353225708,0.004760861396789551,-0.08515536785125732,-0.00613519549369812,-0.0007942914962768555
18973.png,Bonafide,0,none,2,904,0.19717711210250854,0.32979199290275574,0.27992773056030273,0.18133148550987244,0.30288973450660706,-0.1326148808002472,-0.08275061845779419,0.01584562659263611,-0.10571262240409851
19019.png,Bonafide,0,none,0,904,0.21362407505512238,0.2109275460243225,0.23458658158779144,0.18827024102210999,0.18640176951885223,0.0026965290307998657,-0.020962506532669067,0.02535383403301239,0.02722230553627014
19026.png,Bonafide,0,none,1,829,0.23142120242118835,0.3163624405860901,0.2915056645870209,0.23142120242118835,0.26009202003479004,-0.08494123816490173,-0.06008446216583252,0.0,-0.028670817613601685
19027.png,Bonafide,0,none,2,871,0.1937786191701889,0.34466832876205444,0.1254989057779312,0.19011467695236206,0.3201709985733032,-0.15088970959186554,0.06827971339225769,0.0036639422178268433,-0.12639237940311432
19060.png,Bonafide,0,none,3,940,0.22891566157341003,0.33495375514030457,0.36160674691200256,0.21568690240383148,0.34558069705963135,-0.10603809356689453,-0.13269108533859253,0.013228759169578552,-0.11666503548622131
19126.png,Bonafide,0,none,3,915,0.24343691766262054,0.34260499477386475,0.2978878617286682,0.2177131325006485,0.32940056920051575,-0.0991680771112442,-0.05445094406604767,0.025723785161972046,-0.0859636515378952
19143.png,Bonafide,0,none,1,969,0.15506526827812195,0.221135675907135,0.24444334208965302,0.10750065743923187,0.21007074415683746,-0.06607040762901306,-0.08937807381153107,0.047564610838890076,-0.055005475878715515
19158.png,Bonafide,0,none,1,867,0.21468523144721985,0.27922526001930237,0.2595236301422119,0.20424884557724,0.28546440601348877,-0.06454002857208252,-0.044838398694992065,0.010436385869979858,-0.07077917456626892
19195.png,Bonafide,0,none,1,894,0.44589075446128845,0.3787357807159424,0.46102824807167053,0.4145554304122925,0.3896692395210266,0.06715497374534607,-0.01513749361038208,0.03133532404899597,0.05622151494026184
19197.png,Bonafide,0,none,2,927,0.14849215745925903,0.22308772802352905,0.19283455610275269,0.13543131947517395,0.19084440171718597,-0.07459557056427002,-0.04434239864349365,0.013060837984085083,-0.04235224425792694
19273.png,Bonafide,0,none,3,969,0.2196010947227478,0.28655460476875305,0.26335838437080383,0.23271162807941437,0.23364904522895813,-0.06695351004600525,-0.04375728964805603,-0.013110533356666565,-0.014047950506210327
19289.png,Bonafide,0,none,3,898,0.18201637268066406,0.20431500673294067,0.28577113151550293,0.19012214243412018,0.18130627274513245,-0.02229863405227661,-0.10375475883483887,-0.008105769753456116,0.0007100999355316162
19292.png,Bonafide,0,none,2,873,0.14875485002994537,0.3164350688457489,0.1623300313949585,0.15092428028583527,0.28154614567756653,-0.16768021881580353,-0.013575181365013123,-0.0021694302558898926,-0.13279129564762115
19304.png,Bonafide,0,none,1,936,0.34595945477485657,0.3579067587852478,0.3641284704208374,0.31233105063438416,0.3363240957260132,-0.011947304010391235,-0.018169015645980835,0.03362840414047241,0.009635359048843384
19354.png,Bonafide,0,none,0,829,0.20107953250408173,0.20913158357143402,0.25167036056518555,0.20107953250408173,0.20636822283267975,-0.008052051067352295,-0.05059082806110382,0.0,-0.0052886903285980225
19363.png,Bonafide,0,none,1,906,0.22049616277217865,0.24493476748466492,0.1924694925546646,0.18690170347690582,0.2740214169025421,-0.024438604712486267,0.028026670217514038,0.03359445929527283,-0.053525254130363464
19385.png,Bonafide,0,none,2,807,0.34444934129714966,0.3017236888408661,0.3987672030925751,0.34444934129714966,0.28807318210601807,0.04272565245628357,-0.054317861795425415,0.0,0.05637615919113159
19399.png,Bonafide,0,none,3,804,0.3178737759590149,0.2585873305797577,0.4033421277999878,0.3178737759590149,0.2764386832714081,0.0592864453792572,-0.0854683518409729,0.0,0.04143509268760681
19432.png,Bonafide,0,none,3,813,0.23552043735980988,0.3140331506729126,0.3563404083251953,0.23552043735980988,0.3135544955730438,-0.07851271331310272,-0.12081997096538544,0.0,-0.07803405821323395
19438.png,Bonafide,0,none,0,790,0.2152276635169983,0.12471283972263336,0.26430198550224304,0.2152276635169983,0.12534447014331818,0.09051482379436493,-0.04907432198524475,0.0,0.08988319337368011
19481.png,Bonafide,0,none,3,865,0.1905958354473114,0.18882854282855988,0.3096320927143097,0.1905958354473114,0.19235113263130188,0.0017672926187515259,-0.11903625726699829,0.0,-0.0017552971839904785
19484.png,Bonafide,0,none,0,908,0.2667680084705353,0.2779730558395386,0.23869329690933228,0.22249402105808258,0.2759488523006439,-0.011205047369003296,0.028074711561203003,0.0442739874124527,-0.009180843830108643
19500.png,Bonafide,0,none,2,798,0.16606257855892181,0.317940354347229,0.2501773536205292,0.16606257855892181,0.30731356143951416,-0.1518777757883072,-0.08411477506160736,0.0,-0.14125098288059235
19533.png,Bonafide,0,none,3,960,0.22941674292087555,0.24828355014324188,0.3115949332714081,0.17367860674858093,0.24508550763130188,-0.018866807222366333,-0.08217819035053253,0.05573813617229462,-0.01566876471042633
19582.png,Bonafide,0,none,1,875,0.1588052213191986,0.21703173220157623,0.23544791340827942,0.15672637522220612,0.21591120958328247,-0.058226510882377625,-0.07664269208908081,0.0020788460969924927,-0.05710598826408386
19595.png,Bonafide,0,none,0,821,0.12913823127746582,0.22444070875644684,0.22136658430099487,0.12913823127746582,0.24222268164157867,-0.09530247747898102,-0.09222835302352905,0.0,-0.11308445036411285
19598.png,Bonafide,0,none,3,807,0.3171532452106476,0.362207293510437,0.4110596179962158,0.3171532452106476,0.3384575843811035,-0.04505404829978943,-0.09390637278556824,0.0,-0.021304339170455933
19602.png,Bonafide,0,none,0,894,0.3883940577507019,0.26539552211761475,0.42097699642181396,0.3728500008583069,0.24782344698905945,0.12299853563308716,-0.03258293867111206,0.01554405689239502,0.14057061076164246
19605.png,Bonafide,0,none,0,859,0.1427122950553894,0.16355958580970764,0.21941302716732025,0.1427122950553894,0.1565106064081192,-0.020847290754318237,-0.07670073211193085,0.0,-0.013798311352729797
19626.png,Bonafide,0,none,0,863,0.14513882994651794,0.22036664187908173,0.18647484481334686,0.14513882994651794,0.21007198095321655,-0.07522781193256378,-0.04133601486682892,0.0,-0.06493315100669861
19662.png,Bonafide,0,none,3,409,0.04074317216873169,0.11034775525331497,0.13597102463245392,0.04074317216873169,0.11464998126029968,-0.06960458308458328,-0.09522785246372223,0.0,-0.073906809091568
19674.png,Bonafide,0,none,3,777,0.13626696169376373,0.1549803763628006,0.23265764117240906,0.13626696169376373,0.1585320234298706,-0.018713414669036865,-0.09639067947864532,0.0,-0.022265061736106873
19709.png,Bonafide,0,none,0,821,0.1782865673303604,0.3063935935497284,0.26951777935028076,0.1782865673303604,0.3098070025444031,-0.12810702621936798,-0.09123121201992035,0.0,-0.13152043521404266
19725.png,Bonafide,0,none,3,871,0.43858611583709717,0.3251440227031708,0.5713735818862915,0.4270702600479126,0.32401183247566223,0.11344209313392639,-0.13278746604919434,0.01151585578918457,0.11457428336143494
19754.png,Bonafide,0,none,2,854,0.17365457117557526,0.2539244294166565,0.25947678089141846,0.17365457117557526,0.2515648603439331,-0.08026985824108124,-0.0858222097158432,0.0,-0.07791028916835785
19773.png,Bonafide,0,none,3,852,0.18073230981826782,0.22538873553276062,0.3176858425140381,0.18073230981826782,0.229252889752388,-0.0446564257144928,-0.13695353269577026,0.0,-0.04852057993412018
19824.png,Bonafide,0,none,2,859,0.22858858108520508,0.34270966053009033,0.3006751835346222,0.22858858108520508,0.33742275834083557,-0.11412107944488525,-0.07208660244941711,0.0,-0.1088341772556305
19829.png,Bonafide,0,none,1,825,0.15175050497055054,0.203853040933609,0.18559370934963226,0.15175050497055054,0.18705648183822632,-0.05210253596305847,-0.033843204379081726,0.0,-0.03530597686767578
19843.png,Bonafide,0,none,2,871,0.09409157931804657,0.16660277545452118,0.1480002999305725,0.09919866919517517,0.15578776597976685,-0.07251119613647461,-0.05390872061252594,-0.005107089877128601,-0.061696186661720276
19871.png,Bonafide,0,none,1,813,0.30873343348503113,0.2609328329563141,0.39152106642723083,0.30873343348503113,0.293476939201355,0.04780060052871704,-0.08278763294219971,0.0,0.015256494283676147
19909.png,Bonafide,0,none,0,873,0.2292373776435852,0.3125310242176056,0.21346358954906464,0.20661896467208862,0.27584362030029297,-0.08329364657402039,0.01577378809452057,0.022618412971496582,-0.046606242656707764
19915.png,Bonafide,0,none,3,888,0.19451290369033813,0.262703001499176,0.27725377678871155,0.19920578598976135,0.2444949448108673,-0.06819009780883789,-0.08274087309837341,-0.004692882299423218,-0.049982041120529175
19978.png,Bonafide,0,none,0,944,0.30197879672050476,0.2754136919975281,0.41985633969306946,0.24074745178222656,0.2767336666584015,0.026565104722976685,-0.1178775429725647,0.0612313449382782,0.02524513006210327
19994.png,Bonafide,0,none,0,834,0.266034334897995,0.2757493257522583,0.27721869945526123,0.266034334897995,0.29460206627845764,-0.009714990854263306,-0.011184364557266235,0.0,-0.028567731380462646
20052.png,Bonafide,0,none,2,875,0.1940510869026184,0.23049205541610718,0.2945002317428589,0.19154499471187592,0.2260773777961731,-0.03644096851348877,-0.10044914484024048,0.0025060921907424927,-0.03202629089355469
20091.png,Bonafide,0,none,1,842,0.25111567974090576,0.1904270052909851,0.25805020332336426,0.25111567974090576,0.20971083641052246,0.060688674449920654,-0.006934523582458496,0.0,0.0414048433303833
20135.png,Bonafide,0,none,1,931,0.2718164622783661,0.30608025193214417,0.3387051820755005,0.24492491781711578,0.30372360348701477,-0.034263789653778076,-0.0668887197971344,0.026891544461250305,-0.03190714120864868
20138.png,Bonafide,0,none,3,800,0.6111606359481812,0.3669432997703552,0.605696439743042,0.6111606359481812,0.3418318033218384,0.24421733617782593,0.00546419620513916,0.0,0.2693288326263428
20157.png,Bonafide,0,none,2,765,0.1603170931339264,0.26146137714385986,0.17692579329013824,0.1603170931339264,0.21120597422122955,-0.10114428400993347,-0.016608700156211853,0.0,-0.05088888108730316
20163.png,Bonafide,0,none,0,848,0.43017467856407166,0.4046640396118164,0.39466238021850586,0.43017467856407166,0.3882000744342804,0.02551063895225525,0.035512298345565796,0.0,0.04197460412979126
20181.png,Bonafide,0,none,0,842,0.2101532518863678,0.17043468356132507,0.33434897661209106,0.2101532518863678,0.14687129855155945,0.039718568325042725,-0.12419572472572327,0.0,0.06328195333480835
20193.png,Bonafide,0,none,2,960,0.2517332434654236,0.34023842215538025,0.39178913831710815,0.20451590418815613,0.3772043287754059,-0.08850517868995667,-0.14005589485168457,0.047217339277267456,-0.1254710853099823
20208.png,Bonafide,0,none,2,813,0.35911116003990173,0.3882487714290619,0.3874558210372925,0.35911116003990173,0.38392263650894165,-0.029137611389160156,-0.028344660997390747,0.0,-0.024811476469039917
20220.png,Bonafide,0,none,0,786,0.3394727408885956,0.30303114652633667,0.34017249941825867,0.3394727408885956,0.2729584872722626,0.03644159436225891,-0.0006997585296630859,0.0,0.06651425361633301
20229.png,Bonafide,0,none,0,902,0.1374872326850891,0.1491454541683197,0.18690533936023712,0.13147883117198944,0.15212595462799072,-0.01165822148323059,-0.04941810667514801,0.00600840151309967,-0.014638721942901611
20264.png,Bonafide,0,none,1,848,0.2993204593658447,0.37541162967681885,0.392110139131546,0.2993204593658447,0.3557189702987671,-0.07609117031097412,-0.0927896797657013,0.0,-0.05639851093292236
20276.png,Bonafide,0,none,0,848,0.21646392345428467,0.2530437409877777,0.23665791749954224,0.21646392345428467,0.2604488432407379,-0.03657981753349304,-0.02019399404525757,0.0,-0.04398491978645325
20287.png,Bonafide,0,none,0,875,0.34783855080604553,0.34016239643096924,0.39291176199913025,0.33524802327156067,0.30633682012557983,0.007676154375076294,-0.04507321119308472,0.012590527534484863,0.0415017306804657
20292.png,Bonafide,0,none,1,825,0.185346320271492,0.3074524998664856,0.2505125105381012,0.185346320271492,0.32068049907684326,-0.12210617959499359,-0.06516619026660919,0.0,-0.13533417880535126
20325.png,Bonafide,0,none,3,886,0.12764853239059448,0.18904675543308258,0.18599039316177368,0.1372022032737732,0.15893349051475525,-0.0613982230424881,-0.0583418607711792,-0.009553670883178711,-0.03128495812416077
20367.png,Bonafide,0,none,0,917,0.1809910237789154,0.22089776396751404,0.28025275468826294,0.1520349681377411,0.23407408595085144,-0.03990674018859863,-0.09926173090934753,0.028956055641174316,-0.053083062171936035
20482.png,Bonafide,0,none,3,825,0.3023512661457062,0.37890884280204773,0.33769360184669495,0.3023512661457062,0.3708469271659851,-0.07655757665634155,-0.03534233570098877,0.0,-0.06849566102027893
20508.png,Bonafide,0,none,0,730,0.1876385658979416,0.22301898896694183,0.2023906111717224,0.1876385658979416,0.21137835085391998,-0.035380423069000244,-0.014752045273780823,0.0,-0.023739784955978394
20518.png,Bonafide,0,none,0,929,0.15469488501548767,0.20475271344184875,0.20052498579025269,0.13640491664409637,0.22987093031406403,-0.050057828426361084,-0.045830100774765015,0.018289968371391296,-0.07517604529857635
20522.png,Bonafide,0,none,2,888,0.07777313888072968,0.12086082994937897,0.2176520675420761,0.07864581048488617,0.12840940058231354,-0.04308769106864929,-0.13987892866134644,-0.0008726716041564941,-0.05063626170158386
20546.png,Bonafide,0,none,3,908,0.5922808051109314,0.4149816036224365,0.6768072843551636,0.5274755954742432,0.4417254328727722,0.17729920148849487,-0.08452647924423218,0.06480520963668823,0.15055537223815918
20550.png,Bonafide,0,none,1,956,0.16520275175571442,0.22345007956027985,0.22984954714775085,0.13941292464733124,0.21291477978229523,-0.05824732780456543,-0.06464679539203644,0.02578982710838318,-0.04771202802658081
20558.png,Bonafide,0,none,2,819,0.2112654447555542,0.23560473322868347,0.3530026376247406,0.2112654447555542,0.23163369297981262,-0.024339288473129272,-0.1417371928691864,0.0,-0.020368248224258423
20596.png,Bonafide,0,none,2,842,0.170790433883667,0.29050424695014954,0.21800972521305084,0.170790433883667,0.2689409852027893,-0.11971381306648254,-0.04721929132938385,0.0,-0.09815055131912231
20632.png,Bonafide,0,none,2,865,0.2504214644432068,0.28720641136169434,0.3181329667568207,0.2504214644432068,0.3096161186695099,-0.03678494691848755,-0.06771150231361389,0.0,-0.0591946542263031
20645.png,Bonafide,0,none,2,921,0.3979543149471283,0.4535066783428192,0.3987180292606354,0.3969268500804901,0.4158562421798706,-0.05555236339569092,-0.0007637143135070801,0.0010274648666381836,-0.01790192723274231
20652.png,Bonafide,0,none,2,863,0.18897274136543274,0.3110719919204712,0.29363709688186646,0.18897274136543274,0.3084874153137207,-0.12209925055503845,-0.10466435551643372,0.0,-0.11951467394828796
20683.png,Bonafide,0,none,1,852,0.10046671330928802,0.2061537355184555,0.11345141381025314,0.10046671330928802,0.2157183140516281,-0.10568702220916748,-0.012984700500965118,0.0,-0.11525160074234009
20749.png,Bonafide,0,none,2,773,0.35469552874565125,0.3960639238357544,0.37378787994384766,0.35469552874565125,0.3610377013683319,-0.04136839509010315,-0.01909235119819641,0.0,-0.006342172622680664
20818.png,Bonafide,0,none,0,923,0.12327751517295837,0.16440731287002563,0.20237618684768677,0.1131061315536499,0.19104410707950592,-0.04112979769706726,-0.0790986716747284,0.010171383619308472,-0.06776659190654755
20849.png,Bonafide,0,none,2,863,0.36450931429862976,0.2761744260787964,0.46598756313323975,0.36450931429862976,0.278676301240921,0.08833488821983337,-0.10147824883460999,0.0,0.08583301305770874
20860.png,Bonafide,0,none,0,786,0.27246981859207153,0.3435210883617401,0.352458655834198,0.27246981859207153,0.33232277631759644,-0.07105126976966858,-0.07998883724212646,0.0,-0.0598529577255249
20877.png,Bonafide,0,none,2,846,0.20041190087795258,0.3015536069869995,0.20741009712219238,0.20041190087795258,0.2864149510860443,-0.10114170610904694,-0.006998196244239807,0.0,-0.08600305020809174
20878.png,Bonafide,0,none,0,929,0.2341344952583313,0.22724121809005737,0.29097652435302734,0.20671039819717407,0.15772764384746552,0.006893277168273926,-0.056842029094696045,0.027424097061157227,0.07640685141086578
20899.png,Bonafide,0,none,1,827,0.49079811573028564,0.45356491208076477,0.48751142621040344,0.49079811573028564,0.4516153335571289,0.037233203649520874,0.003286689519882202,0.0,0.03918278217315674
20901.png,Bonafide,0,none,1,902,0.279783695936203,0.31697699427604675,0.29087361693382263,0.23037879168987274,0.3017975389957428,-0.03719329833984375,-0.011089920997619629,0.04940490424633026,-0.022013843059539795
20906.png,Bonafide,0,none,1,919,0.588340163230896,0.4369855523109436,0.6271674036979675,0.5477848052978516,0.47495630383491516,0.1513546109199524,-0.03882724046707153,0.040555357933044434,0.11338385939598083
20915.png,Bonafide,0,none,3,809,0.260923832654953,0.3348395824432373,0.483469694852829,0.260923832654953,0.3301134705543518,-0.0739157497882843,-0.22254586219787598,0.0,-0.0691896378993988
20943.png,Bonafide,0,none,1,894,0.16295190155506134,0.23146285116672516,0.19532018899917603,0.15955685079097748,0.23062729835510254,-0.06851094961166382,-0.032368287444114685,0.0033950507640838623,-0.0676753968000412
20979.png,Bonafide,0,none,2,848,0.10894659906625748,0.1437164694070816,0.15287134051322937,0.10894659906625748,0.10472346097230911,-0.03476987034082413,-0.04392474144697189,0.0,0.004223138093948364
20986.png,Bonafide,0,none,0,946,0.14858375489711761,0.24997861683368683,0.17961198091506958,0.1454114019870758,0.23049204051494598,-0.10139486193656921,-0.031028226017951965,0.003172352910041809,-0.08190828561782837
20987.png,Bonafide,0,none,0,856,0.09464288502931595,0.125924214720726,0.16366900503635406,0.09464288502931595,0.12281858921051025,-0.031281329691410065,-0.06902612000703812,0.0,-0.028175704181194305
21029.png,Bonafide,0,none,1,840,0.39598461985588074,0.38821932673454285,0.422209769487381,0.39598461985588074,0.308748334646225,0.007765293121337891,-0.026225149631500244,0.0,0.08723628520965576
21102.png,Bonafide,0,none,2,848,0.41381895542144775,0.37294620275497437,0.45252907276153564,0.41381895542144775,0.2973128855228424,0.04087275266647339,-0.03871011734008789,0.0,0.11650606989860535
21128.png,Bonafide,0,none,1,245,0.05089487135410309,0.0997011736035347,0.06801338493824005,0.05089487135410309,0.09924982488155365,-0.04880630224943161,-0.017118513584136963,0.0,-0.04835495352745056
21131.png,Bonafide,0,none,0,865,0.15778440237045288,0.18218648433685303,0.19047516584396362,0.15778440237045288,0.15788689255714417,-0.024402081966400146,-0.03269076347351074,0.0,-0.00010249018669128418
21132.png,Bonafide,0,none,2,869,0.24086911976337433,0.3360307514667511,0.3200851082801819,0.23510143160820007,0.29628315567970276,-0.09516163170337677,-0.07921598851680756,0.005767688155174255,-0.05541403591632843
21152.png,Bonafide,0,none,3,827,0.1871434450149536,0.22150036692619324,0.27885711193084717,0.1871434450149536,0.20490092039108276,-0.034356921911239624,-0.09171366691589355,0.0,-0.01775747537612915
21168.png,Bonafide,0,none,2,871,0.39449405670166016,0.40652012825012207,0.40533316135406494,0.3944776952266693,0.3608147203922272,-0.012026071548461914,-0.010839104652404785,1.6361474990844727e-05,0.03367933630943298
21180.png,Bonafide,0,none,3,1006,0.24270346760749817,0.28279638290405273,0.36061152815818787,0.19780780375003815,0.2858020067214966,-0.040092915296554565,-0.1179080605506897,0.04489566385746002,-0.04309853911399841
21186.png,Bonafide,0,none,1,852,0.22771957516670227,0.1891447901725769,0.28033414483070374,0.22771957516670227,0.15102799236774445,0.038574784994125366,-0.052614569664001465,0.0,0.07669158279895782
21242.png,Bonafide,0,none,2,859,0.1721605658531189,0.3267105221748352,0.22537705302238464,0.1721605658531189,0.25407716631889343,-0.1545499563217163,-0.05321648716926575,0.0,-0.08191660046577454
21271.png,Bonafide,0,none,3,861,0.07515725493431091,0.1348656266927719,0.14468735456466675,0.07515725493431091,0.13713830709457397,-0.059708371758461,-0.06953009963035583,0.0,-0.06198105216026306
21288.png,Bonafide,0,none,2,886,0.2599315941333771,0.3072342574596405,0.2676692605018616,0.24908065795898438,0.2575565278530121,-0.04730266332626343,-0.007737666368484497,0.0108509361743927,0.0023750662803649902
21294.png,Bonafide,0,none,3,865,0.22226715087890625,0.2642746567726135,0.27861833572387695,0.22226715087890625,0.2197222113609314,-0.042007505893707275,-0.0563511848449707,0.0,0.0025449395179748535
21319.png,Bonafide,0,none,0,958,0.1798732429742813,0.2796706557273865,0.23670977354049683,0.15863770246505737,0.2632899284362793,-0.09979741275310516,-0.056836530566215515,0.021235540509223938,-0.08341668546199799
21322.png,Bonafide,0,none,3,952,0.2690293788909912,0.30839255452156067,0.34599918127059937,0.21168240904808044,0.2722872197628021,-0.03936317563056946,-0.07696980237960815,0.05734696984291077,-0.003257840871810913
21326.png,Bonafide,0,none,0,915,0.20646466314792633,0.25976863503456116,0.33402150869369507,0.18135401606559753,0.26098427176475525,-0.05330397188663483,-0.12755684554576874,0.025110647082328796,-0.05451960861682892
21327.png,Bonafide,0,none,0,798,0.18028222024440765,0.16729331016540527,0.2571622431278229,0.18028222024440765,0.15428370237350464,0.01298891007900238,-0.07688002288341522,0.0,0.025998517870903015
21370.png,Bonafide,0,none,1,869,0.25694918632507324,0.33648812770843506,0.35727179050445557,0.257563978433609,0.33142122626304626,-0.07953894138336182,-0.10032260417938232,-0.0006147921085357666,-0.07447203993797302
21396.png,Bonafide,0,none,1,875,0.10493622720241547,0.2698753774166107,0.21425949037075043,0.09925638884305954,0.259039044380188,-0.16493915021419525,-0.10932326316833496,0.0056798383593559265,-0.15410281717777252
21463.png,Bonafide,0,none,2,865,0.2228231430053711,0.3090840280056,0.2585413455963135,0.2228231430053711,0.2913711369037628,-0.08626088500022888,-0.03571820259094238,0.0,-0.06854799389839172
21476.png,Bonafide,0,none,3,927,0.3031748831272125,0.29615142941474915,0.38651764392852783,0.2521124482154846,0.24474358558654785,0.007023453712463379,-0.08334276080131531,0.051062434911727905,0.05843129754066467
21485.png,Bonafide,0,none,2,800,0.1741260588169098,0.3191380500793457,0.2481084167957306,0.1741260588169098,0.3212965130805969,-0.1450119912624359,-0.0739823579788208,0.0,-0.14717045426368713
21500.png,Bonafide,0,none,2,884,0.3226265609264374,0.3954722285270691,0.39888185262680054,0.2968490719795227,0.3855349123477936,-0.07284566760063171,-0.07625529170036316,0.025777488946914673,-0.0629083514213562
21507.png,Bonafide,0,none,1,761,0.116046242415905,0.23927778005599976,0.12267033010721207,0.116046242415905,0.2374199777841568,-0.12323153764009476,-0.006624087691307068,0.0,-0.1213737353682518
21508.png,Bonafide,0,none,3,977,0.2231115698814392,0.3107644021511078,0.18924649059772491,0.17131517827510834,0.3366318643093109,-0.08765283226966858,0.033865079283714294,0.05179639160633087,-0.1135202944278717
21526.png,Bonafide,0,none,1,881,0.2792246341705322,0.2654469311237335,0.3112565279006958,0.2714664936065674,0.32270151376724243,0.013777703046798706,-0.032031893730163574,0.007758140563964844,-0.043476879596710205
21536.png,Bonafide,0,none,1,894,0.2187080681324005,0.3420732915401459,0.26739129424095154,0.19459503889083862,0.32461628317832947,-0.12336522340774536,-0.048683226108551025,0.02411302924156189,-0.10590821504592896
21550.png,Bonafide,0,none,0,894,0.19459792971611023,0.2832649052143097,0.2273825854063034,0.19097775220870972,0.26933082938194275,-0.08866697549819946,-0.032784655690193176,0.0036201775074005127,-0.07473289966583252
21580.png,Bonafide,0,none,1,956,0.4160292148590088,0.40841206908226013,0.48109209537506104,0.3331338167190552,0.39364156126976013,0.007617145776748657,-0.06506288051605225,0.08289539813995361,0.022387653589248657
21598.png,Bonafide,0,none,0,890,0.46393170952796936,0.2995681166648865,0.4671365022659302,0.42923596501350403,0.3000412881374359,0.16436359286308289,-0.0032047927379608154,0.03469574451446533,0.16389042139053345
21610.png,Bonafide,0,none,2,802,0.19249199330806732,0.24569225311279297,0.2338990867137909,0.19249199330806732,0.21730928122997284,-0.05320025980472565,-0.04140709340572357,0.0,-0.024817287921905518
21637.png,Bonafide,0,none,0,906,0.09383663535118103,0.11893948167562485,0.1485394984483719,0.06607049703598022,0.12714779376983643,-0.025102846324443817,-0.05470286309719086,0.027766138315200806,-0.033311158418655396
21640.png,Bonafide,0,none,3,888,0.7099098563194275,0.6819609999656677,0.6071028709411621,0.7191804051399231,0.6556946039199829,0.027948856353759766,0.10280698537826538,-0.009270548820495605,0.05421525239944458
21645.png,Bonafide,0,none,2,994,0.24165129661560059,0.2726045250892639,0.2630724608898163,0.15611186623573303,0.24977318942546844,-0.03095322847366333,-0.021421164274215698,0.08553943037986755,-0.008121892809867859
21651.png,Bonafide,0,none,1,892,0.27466094493865967,0.22846060991287231,0.33966872096061707,0.24426372349262238,0.1923270970582962,0.046200335025787354,-0.0650077760219574,0.030397221446037292,0.08233384788036346
21678.png,Bonafide,0,none,2,902,0.22525766491889954,0.29049763083457947,0.31752902269363403,0.2177516669034958,0.2504860758781433,-0.06523996591567993,-0.0922713577747345,0.0075059980154037476,-0.025228410959243774
21729.png,Bonafide,0,none,1,838,0.15835709869861603,0.2857697010040283,0.20588773488998413,0.15835709869861603,0.2567380964756012,-0.1274126023054123,-0.0475306361913681,0.0,-0.09838099777698517
21739.png,Bonafide,0,none,3,740,0.24427366256713867,0.1773320734500885,0.4238864779472351,0.24427366256713867,0.19468219578266144,0.06694158911705017,-0.17961281538009644,0.0,0.049591466784477234
21743.png,Bonafide,0,none,0,919,0.2940113842487335,0.21603363752365112,0.40539753437042236,0.2571302652359009,0.1953321099281311,0.0779777467250824,-0.11138615012168884,0.03688111901283264,0.09867927432060242
21812.png,Bonafide,0,none,1,898,0.4312509000301361,0.44296571612358093,0.5506155490875244,0.40920454263687134,0.44776594638824463,-0.011714816093444824,-0.1193646490573883,0.02204635739326477,-0.01651504635810852
21832.png,Bonafide,0,none,1,952,0.21152576804161072,0.3068980574607849,0.28785598278045654,0.18116523325443268,0.3323548436164856,-0.0953722894191742,-0.07633021473884583,0.03036053478717804,-0.12082907557487488
21885.png,Bonafide,0,none,2,888,0.19045504927635193,0.3234308660030365,0.2336178869009018,0.18884263932704926,0.36330166459083557,-0.13297581672668457,-0.043162837624549866,0.0016124099493026733,-0.17284661531448364
21918.png,Bonafide,0,none,1,782,0.23247981071472168,0.2956090271472931,0.34171125292778015,0.23247981071472168,0.2999463379383087,-0.06312921643257141,-0.10923144221305847,0.0,-0.06746652722358704
21919.png,Bonafide,0,none,3,915,0.3126668334007263,0.3894840180873871,0.3345051109790802,0.28118300437927246,0.4024341106414795,-0.07681718468666077,-0.021838277578353882,0.03148382902145386,-0.08976727724075317
21955.png,Bonafide,0,none,3,942,0.33170491456985474,0.41851305961608887,0.37120869755744934,0.2931060791015625,0.3766924738883972,-0.08680814504623413,-0.039503782987594604,0.038598835468292236,-0.04498755931854248
21964.png,Bonafide,0,none,1,879,0.2882618308067322,0.2690059542655945,0.3545841574668884,0.2855500876903534,0.23901523649692535,0.019255876541137695,-0.06632232666015625,0.002711743116378784,0.049246594309806824
21975.png,Bonafide,0,none,0,929,0.178462952375412,0.21323567628860474,0.33881330490112305,0.15050357580184937,0.21163733303546906,-0.03477272391319275,-0.16035035252571106,0.027959376573562622,-0.03317438066005707
21989.png,Bonafide,0,none,1,759,0.13842779397964478,0.15178519487380981,0.2662126421928406,0.13842779397964478,0.13751786947250366,-0.013357400894165039,-0.1277848482131958,0.0,0.0009099245071411133
21993.png,Bonafide,0,none,1,900,0.08261200040578842,0.15895859897136688,0.10871806740760803,0.08974691480398178,0.1512403041124344,-0.07634659856557846,-0.02610606700181961,-0.007134914398193359,-0.06862830370664597
22004.png,Bonafide,0,none,3,802,0.287003755569458,0.35654959082603455,0.2999914884567261,0.287003755569458,0.33522140979766846,-0.06954583525657654,-0.012987732887268066,0.0,-0.04821765422821045
22025.png,Bonafide,0,none,2,921,0.21361680328845978,0.3113006353378296,0.33315449953079224,0.1933313012123108,0.27697694301605225,-0.09768383204936981,-0.11953769624233246,0.020285502076148987,-0.06336013972759247
22035.png,Bonafide,0,none,2,859,0.13201642036437988,0.24998334050178528,0.1621747761964798,0.13201642036437988,0.22258742153644562,-0.1179669201374054,-0.030158355832099915,0.0,-0.09057100117206573
22049.png,Bonafide,0,none,0,794,0.45957791805267334,0.3753093481063843,0.4518246054649353,0.45957791805267334,0.360557496547699,0.08426856994628906,0.007753312587738037,0.0,0.09902042150497437
22077.png,Bonafide,0,none,1,848,0.15751394629478455,0.1988326460123062,0.20503534376621246,0.15751394629478455,0.19278568029403687,-0.04131869971752167,-0.04752139747142792,0.0,-0.03527173399925232
22098.png,Bonafide,0,none,3,861,0.04336879774928093,0.08621873706579208,0.11205942183732986,0.04336879774928093,0.08418671041727066,-0.042849939316511154,-0.06869062408804893,0.0,-0.04081791266798973
22115.png,Bonafide,0,none,2,873,0.1521027535200119,0.2744213938713074,0.20548801124095917,0.1473105400800705,0.269310861825943,-0.12231864035129547,-0.053385257720947266,0.004792213439941406,-0.11720810830593109
22120.png,Bonafide,0,none,2,881,0.17153097689151764,0.2478266805410385,0.17760320007801056,0.15859352052211761,0.20822109282016754,-0.07629570364952087,-0.00607222318649292,0.012937456369400024,-0.0366901159286499
22134.png,Bonafide,0,none,1,823,0.24403531849384308,0.32499051094055176,0.31845173239707947,0.24403531849384308,0.2980699837207794,-0.08095519244670868,-0.07441641390323639,0.0,-0.05403466522693634
22135.png,Bonafide,0,none,2,985,0.3958994150161743,0.32151302695274353,0.4516281485557556,0.3423554599285126,0.3286093771457672,0.07438638806343079,-0.0557287335395813,0.05354395508766174,0.0672900378704071
22152.png,Bonafide,0,none,1,884,0.25930270552635193,0.30834347009658813,0.3526541590690613,0.2576093077659607,0.31643036007881165,-0.049040764570236206,-0.09335145354270935,0.0016933977603912354,-0.05712765455245972
22191.png,Bonafide,0,none,0,815,0.17520207166671753,0.1912928968667984,0.17433267831802368,0.17520207166671753,0.18781965970993042,-0.01609082520008087,0.0008693933486938477,0.0,-0.01261758804321289
22203.png,Bonafide,0,none,3,913,0.19891878962516785,0.21519756317138672,0.28272899985313416,0.18964533507823944,0.20667627453804016,-0.016278773546218872,-0.08381021022796631,0.009273454546928406,-0.0077574849128723145
22231.png,Bonafide,0,none,3,863,0.28617608547210693,0.27531811594963074,0.3810984492301941,0.28617608547210693,0.2537539303302765,0.010857969522476196,-0.09492236375808716,0.0,0.032422155141830444
22238.png,Bonafide,0,none,0,852,0.09384036064147949,0.14435869455337524,0.13127224147319794,0.09384036064147949,0.12047481536865234,-0.05051833391189575,-0.037431880831718445,0.0,-0.02663445472717285
22266.png,Bonafide,0,none,0,994,0.5987816452980042,0.4207964539527893,0.6549715399742126,0.5247974395751953,0.42390406131744385,0.17798519134521484,-0.056189894676208496,0.07398420572280884,0.1748775839805603
22289.png,Bonafide,0,none,3,894,0.12531176209449768,0.21695901453495026,0.2035742551088333,0.1309068650007248,0.2035987228155136,-0.09164725244045258,-0.07826249301433563,-0.005595102906227112,-0.07828696072101593
22336.png,Bonafide,0,none,3,919,0.21550506353378296,0.22715187072753906,0.22659900784492493,0.16748060286045074,0.18273784220218658,-0.011646807193756104,-0.011093944311141968,0.048024460673332214,0.032767221331596375
22340.png,Bonafide,0,none,1,852,0.2441960722208023,0.3009008765220642,0.34243667125701904,0.2441960722208023,0.26582658290863037,-0.0567048043012619,-0.09824059903621674,0.0,-0.021630510687828064
22385.png,Bonafide,0,none,0,823,0.5310619473457336,0.4360257387161255,0.5173609256744385,0.5310619473457336,0.3900471031665802,0.09503620862960815,0.013701021671295166,0.0,0.14101484417915344
22386.png,Bonafide,0,none,3,894,0.31397002935409546,0.3615604341030121,0.3677872121334076,0.29695993661880493,0.3522898554801941,-0.047590404748916626,-0.053817182779312134,0.017010092735290527,-0.03831982612609863
22395.png,Bonafide,0,none,2,913,0.21942578256130219,0.2727533280849457,0.2719106376171112,0.22575320303440094,0.2637253701686859,-0.053327545523643494,-0.05248485505580902,-0.006327420473098755,-0.04429958760738373
22437.png,Bonafide,0,none,3,788,0.2868780791759491,0.37479010224342346,0.24460585415363312,0.2868780791759491,0.336603045463562,-0.08791202306747437,0.04227222502231598,0.0,-0.049724966287612915
22453.png,Bonafide,0,none,1,894,0.06616741418838501,0.15754474699497223,0.08934465050697327,0.061240870505571365,0.17836929857730865,-0.09137733280658722,-0.023177236318588257,0.004926543682813644,-0.11220188438892365
22520.png,Bonafide,0,none,3,871,0.6281209588050842,0.44220593571662903,0.7646897435188293,0.6116039752960205,0.43470293283462524,0.1859150230884552,-0.13656878471374512,0.01651698350906372,0.19341802597045898
22523.png,Bonafide,0,none,1,875,0.2017190158367157,0.2789614200592041,0.230386421084404,0.19212999939918518,0.2604060173034668,-0.0772424042224884,-0.028667405247688293,0.009589016437530518,-0.0586870014667511
22542.png,Bonafide,0,none,1,859,0.15432493388652802,0.12725648283958435,0.20657745003700256,0.15432493388652802,0.1491979956626892,0.027068451046943665,-0.05225251615047455,0.0,0.005126938223838806
22544.png,Bonafide,0,none,3,898,0.18903115391731262,0.25845611095428467,0.2648896276950836,0.17934386432170868,0.24457913637161255,-0.06942495703697205,-0.075858473777771,0.009687289595603943,-0.05554798245429993
22569.png,Bonafide,0,none,3,788,0.2271171659231186,0.29412969946861267,0.26819825172424316,0.2271171659231186,0.2747279405593872,-0.06701253354549408,-0.04108108580112457,0.0,-0.047610774636268616
22573.png,Bonafide,0,none,1,821,0.1962239146232605,0.23299366235733032,0.30829840898513794,0.1962239146232605,0.2239413559436798,-0.036769747734069824,-0.11207449436187744,0.0,-0.02771744132041931
22581.png,Bonafide,0,none,1,894,0.15012279152870178,0.1910480409860611,0.26346835494041443,0.12676763534545898,0.2029927372932434,-0.040925249457359314,-0.11334556341171265,0.023355156183242798,-0.052869945764541626
22583.png,Bonafide,0,none,2,790,0.18123759329319,0.2903973162174225,0.2222873866558075,0.18123759329319,0.28736573457717896,-0.10915972292423248,-0.04104979336261749,0.0,-0.10612814128398895
22597.png,Bonafide,0,none,2,840,0.3851151168346405,0.405060350894928,0.393219530582428,0.3851151168346405,0.40679752826690674,-0.019945234060287476,-0.008104413747787476,0.0,-0.021682411432266235
22622.png,Bonafide,0,none,0,900,0.22396503388881683,0.2596311569213867,0.2864111065864563,0.2103249430656433,0.24546964466571808,-0.035666123032569885,-0.062446072697639465,0.013640090823173523,-0.021504610776901245
22645.png,Bonafide,0,none,3,798,0.11629924178123474,0.15819399058818817,0.1946355551481247,0.11629924178123474,0.17779114842414856,-0.04189474880695343,-0.07833631336688995,0.0,-0.06149190664291382
22665.png,Bonafide,0,none,2,796,0.09139653295278549,0.1964905709028244,0.19291989505290985,0.09139653295278549,0.21497148275375366,-0.10509403795003891,-0.10152336210012436,0.0,-0.12357494980096817
22693.png,Bonafide,0,none,0,867,0.23383665084838867,0.1866481453180313,0.22625289857387543,0.22914181649684906,0.15236447751522064,0.04718850553035736,0.007583752274513245,0.004694834351539612,0.08147217333316803
22766.png,Bonafide,0,none,0,933,0.3749632239341736,0.37835609912872314,0.45423829555511475,0.3382822275161743,0.3704453706741333,-0.0033928751945495605,-0.07927507162094116,0.03668099641799927,0.004517853260040283
22773.png,Bonafide,0,none,1,832,0.16319668292999268,0.20461498200893402,0.23678310215473175,0.16319668292999268,0.21742187440395355,-0.041418299078941345,-0.07358641922473907,0.0,-0.054225191473960876
22776.png,Bonafide,0,none,1,861,0.32569611072540283,0.35310226678848267,0.3935076594352722,0.32569611072540283,0.3834169805049896,-0.027406156063079834,-0.06781154870986938,0.0,-0.05772086977958679
22800.png,Bonafide,0,none,3,859,0.2413322627544403,0.28555476665496826,0.38926640152931213,0.2413322627544403,0.2746485471725464,-0.044222503900527954,-0.14793413877487183,0.0,-0.03331628441810608
22836.png,Bonafide,0,none,3,888,0.2449357509613037,0.3081046938896179,0.3401390314102173,0.24852712452411652,0.3040107488632202,-0.06316894292831421,-0.09520328044891357,-0.003591373562812805,-0.059074997901916504
22862.png,Bonafide,0,none,0,940,0.17319506406784058,0.23259451985359192,0.2536013722419739,0.15677094459533691,0.23191125690937042,-0.05939945578575134,-0.0804063081741333,0.016424119472503662,-0.058716192841529846
22865.png,Bonafide,0,none,3,859,0.18914896249771118,0.2839939594268799,0.2507809102535248,0.18914896249771118,0.27116140723228455,-0.0948449969291687,-0.0616319477558136,0.0,-0.08201244473457336
22882.png,Bonafide,0,none,1,759,0.36373278498649597,0.34257447719573975,0.3871748745441437,0.36373278498649597,0.3166138827800751,0.021158307790756226,-0.023442089557647705,0.0,0.0471189022064209
22883.png,Bonafide,0,none,2,940,0.22990703582763672,0.29723021388053894,0.23895014822483063,0.19224582612514496,0.24017715454101562,-0.06732317805290222,-0.009043112397193909,0.03766120970249176,-0.010270118713378906
22908.png,Bonafide,0,none,2,850,0.121769480407238,0.19753843545913696,0.1730843335390091,0.121769480407238,0.17398080229759216,-0.07576895505189896,-0.05131485313177109,0.0,-0.052211321890354156
22927.png,Bonafide,0,none,3,819,0.07641473412513733,0.1468270868062973,0.17098991572856903,0.07641473412513733,0.13426321744918823,-0.07041235268115997,-0.0945751816034317,0.0,-0.0578484833240509
22952.png,Bonafide,0,none,1,846,0.15101070702075958,0.2156972438097,0.232928067445755,0.15101070702075958,0.23097822070121765,-0.06468653678894043,-0.08191736042499542,0.0,-0.07996751368045807
22968.png,Bonafide,0,none,2,838,0.0450284443795681,0.12780219316482544,0.07910600304603577,0.0450284443795681,0.11153316497802734,-0.08277374878525734,-0.03407755866646767,0.0,-0.06650472059845924
23023.png,Bonafide,0,none,0,900,0.14817537367343903,0.2347574532032013,0.16729725897312164,0.1378253996372223,0.2327747941017151,-0.08658207952976227,-0.019121885299682617,0.010349974036216736,-0.08459942042827606
23024.png,Bonafide,0,none,3,948,0.27005454897880554,0.28784504532814026,0.41727426648139954,0.22427865862846375,0.28841978311538696,-0.017790496349334717,-0.147219717502594,0.0457758903503418,-0.01836523413658142
23048.png,Bonafide,0,none,0,906,0.13715671002864838,0.19088046252727509,0.17854689061641693,0.13323792815208435,0.16392384469509125,-0.05372375249862671,-0.041390180587768555,0.003918781876564026,-0.02676713466644287
23050.png,Bonafide,0,none,1,796,0.2770332992076874,0.3073497712612152,0.32855984568595886,0.2770332992076874,0.32734647393226624,-0.030316472053527832,-0.051526546478271484,0.0,-0.05031317472457886
23063.png,Bonafide,0,none,2,917,0.27599605917930603,0.4022611379623413,0.37381577491760254,0.2529653310775757,0.3601601719856262,-0.12626507878303528,-0.09781971573829651,0.023030728101730347,-0.08416411280632019
23154.png,Bonafide,0,none,3,863,0.24091869592666626,0.24840283393859863,0.3751377463340759,0.24091869592666626,0.2304568588733673,-0.007484138011932373,-0.13421905040740967,0.0,0.01046183705329895
23182.png,Bonafide,0,none,3,888,0.12077263742685318,0.18369752168655396,0.21798940002918243,0.0952301174402237,0.15092243254184723,-0.06292488425970078,-0.09721676260232925,0.025542519986629486,-0.03014979511499405
23231.png,Bonafide,0,none,3,877,0.6643361449241638,0.4832264184951782,0.7197859287261963,0.6576912999153137,0.4669874608516693,0.1811097264289856,-0.05544978380203247,0.006644845008850098,0.1973486840724945
23238.png,Bonafide,0,none,2,902,0.22550490498542786,0.29708361625671387,0.2328473925590515,0.22652846574783325,0.2965531647205353,-0.07157871127128601,-0.007342487573623657,-0.0010235607624053955,-0.07104825973510742
23253.png,Bonafide,0,none,2,838,0.22574275732040405,0.24265970289707184,0.28746214509010315,0.22574275732040405,0.24012838304042816,-0.016916945576667786,-0.0617193877696991,0.0,-0.014385625720024109
23296.png,Bonafide,0,none,0,886,0.14129069447517395,0.13198691606521606,0.1789371371269226,0.1367163062095642,0.14224383234977722,0.009303778409957886,-0.03764644265174866,0.004574388265609741,-0.0009531378746032715
23300.png,Bonafide,0,none,1,848,0.14833559095859528,0.3010651469230652,0.2062305361032486,0.14833559095859528,0.322101891040802,-0.1527295559644699,-0.05789494514465332,0.0,-0.17376630008220673
23303.png,Bonafide,0,none,1,894,0.20944707095623016,0.16432613134384155,0.36343589425086975,0.1966736614704132,0.17514091730117798,0.04512093961238861,-0.1539888232946396,0.012773409485816956,0.034306153655052185
23322.png,Bonafide,0,none,3,906,0.3050219714641571,0.30799373984336853,0.3591693341732025,0.28751301765441895,0.2783113718032837,-0.0029717683792114258,-0.05414736270904541,0.01750895380973816,0.026710599660873413
23349.png,Bonafide,0,none,1,832,0.13093560934066772,0.2069089561700821,0.2567721903324127,0.13093560934066772,0.24369733035564423,-0.07597334682941437,-0.125836580991745,0.0,-0.1127617210149765
23365.png,Bonafide,0,none,3,877,0.2694510817527771,0.2263028919696808,0.3794213831424713,0.2698911726474762,0.25938403606414795,0.043148189783096313,-0.10997030138969421,-0.0004400908946990967,0.01006704568862915
23368.png,Bonafide,0,none,1,856,0.09270261228084564,0.16264306008815765,0.21260686218738556,0.09270261228084564,0.1777135729789734,-0.06994044780731201,-0.11990424990653992,0.0,-0.08501096069812775
23380.png,Bonafide,0,none,2,834,0.2152325063943863,0.21158424019813538,0.30673304200172424,0.2152325063943863,0.20028620958328247,0.0036482661962509155,-0.09150053560733795,0.0,0.01494629681110382
23402.png,Bonafide,0,none,0,786,0.2130073755979538,0.2580336332321167,0.25207802653312683,0.2130073755979538,0.2517601251602173,-0.0450262576341629,-0.039070650935173035,0.0,-0.03875274956226349
23407.png,Bonafide,0,none,2,819,0.253959059715271,0.32535138726234436,0.3439694344997406,0.253959059715271,0.28287070989608765,-0.07139232754707336,-0.0900103747844696,0.0,-0.02891165018081665
23447.png,Bonafide,0,none,2,829,0.22116434574127197,0.24688833951950073,0.3470458984375,0.22116434574127197,0.21620678901672363,-0.02572399377822876,-0.12588155269622803,0.0,0.00495755672454834
23461.png,Bonafide,0,none,1,827,0.10516492277383804,0.1576193869113922,0.12261857092380524,0.10516492277383804,0.16141588985919952,-0.05245446413755417,-0.017453648149967194,0.0,-0.05625096708536148
23480.png,Bonafide,0,none,3,780,0.6340124011039734,0.44053080677986145,0.5933688879013062,0.6340124011039734,0.3869835436344147,0.19348159432411194,0.040643513202667236,0.0,0.24702885746955872
23552.png,Bonafide,0,none,1,877,0.21321505308151245,0.21061216294765472,0.24601122736930847,0.2104521244764328,0.21503181755542755,0.002602890133857727,-0.03279617428779602,0.002762928605079651,-0.0018167644739151
23570.png,Bonafide,0,none,0,813,0.42429864406585693,0.27099570631980896,0.442762553691864,0.42429864406585693,0.25705528259277344,0.15330293774604797,-0.01846390962600708,0.0,0.1672433614730835
23581.png,Bonafide,0,none,3,908,0.20910954475402832,0.267024964094162,0.2753746211528778,0.1803118735551834,0.26889708638191223,-0.05791541934013367,-0.06626507639884949,0.02879767119884491,-0.05978754162788391
23585.png,Bonafide,0,none,0,856,0.1471499651670456,0.2476266473531723,0.2378246784210205,0.1471499651670456,0.2574952244758606,-0.10047668218612671,-0.09067471325397491,0.0,-0.110345259308815
23605.png,Bonafide,0,none,3,892,0.18150702118873596,0.20493459701538086,0.2246938794851303,0.18507987260818481,0.16198192536830902,-0.023427575826644897,-0.04318685829639435,-0.0035728514194488525,0.01952509582042694
23606.png,Bonafide,0,none,0,933,0.2602348029613495,0.30101171135902405,0.3348320722579956,0.23472945392131805,0.26890116930007935,-0.04077690839767456,-0.07459726929664612,0.025505349040031433,-0.008666366338729858
23612.png,Bonafide,0,none,3,902,0.14121896028518677,0.11473584175109863,0.13733580708503723,0.12937647104263306,0.10084313899278641,0.026483118534088135,0.003883153200149536,0.011842489242553711,0.04037582129240036
23655.png,Bonafide,0,none,1,825,0.16560347378253937,0.2528175115585327,0.23183637857437134,0.16560347378253937,0.27027207612991333,-0.08721403777599335,-0.06623290479183197,0.0,-0.10466860234737396
23687.png,Bonafide,0,none,3,871,0.3611959218978882,0.35370707511901855,0.4239614009857178,0.3639054000377655,0.33908766508102417,0.007488846778869629,-0.06276547908782959,-0.0027094781398773193,0.022108256816864014
23691.png,Bonafide,0,none,1,1008,0.2767955958843231,0.33687129616737366,0.34707537293434143,0.2281000316143036,0.36461979150772095,-0.06007570028305054,-0.07027977705001831,0.04869556427001953,-0.08782419562339783
23718.png,Bonafide,0,none,3,755,0.10286495089530945,0.17506752908229828,0.22143736481666565,0.10286495089530945,0.16376414895057678,-0.07220257818698883,-0.1185724139213562,0.0,-0.060899198055267334
23719.png,Bonafide,0,none,1,717,0.1510976105928421,0.25116124749183655,0.22497227787971497,0.1510976105928421,0.24738995730876923,-0.10006363689899445,-0.07387466728687286,0.0,-0.09629234671592712
23744.png,Bonafide,0,none,2,904,0.3004477024078369,0.32342690229415894,0.38153088092803955,0.25960153341293335,0.3159591257572174,-0.02297919988632202,-0.08108317852020264,0.040846168994903564,-0.015511423349380493
23748.png,Bonafide,0,none,0,871,0.09381707012653351,0.15008015930652618,0.16181032359600067,0.08228114992380142,0.14313389360904694,-0.056263089179992676,-0.06799325346946716,0.011535920202732086,-0.04931682348251343
23756.png,Bonafide,0,none,3,798,0.21742147207260132,0.2917226552963257,0.281109482049942,0.21742147207260132,0.2871358394622803,-0.07430118322372437,-0.0636880099773407,0.0,-0.06971436738967896
23773.png,Bonafide,0,none,1,780,0.17539912462234497,0.23832501471042633,0.3259968161582947,0.17539912462234497,0.25923842191696167,-0.06292589008808136,-0.1505976915359497,0.0,-0.0838392972946167
23791.png,Bonafide,0,none,0,844,0.5294743180274963,0.4814397990703583,0.5281102657318115,0.5294743180274963,0.5289061069488525,0.04803451895713806,0.0013640522956848145,0.0,0.0005682110786437988
23819.png,Bonafide,0,none,3,773,0.1681293398141861,0.14217442274093628,0.24314552545547485,0.1681293398141861,0.12076988816261292,0.025954917073249817,-0.07501618564128876,0.0,0.04735945165157318
23823.png,Bonafide,0,none,3,884,0.24439141154289246,0.31500786542892456,0.3034875988960266,0.24916969239711761,0.3225972652435303,-0.0706164538860321,-0.059096187353134155,-0.004778280854225159,-0.07820585370063782
23835.png,Bonafide,0,none,0,809,0.07249806821346283,0.12419099360704422,0.1113317683339119,0.07249806821346283,0.12784330546855927,-0.05169292539358139,-0.038833700120449066,0.0,-0.055345237255096436
23896.png,Bonafide,0,none,3,848,0.3548782765865326,0.38365983963012695,0.4256085157394409,0.3548782765865326,0.39381349086761475,-0.02878156304359436,-0.07073023915290833,0.0,-0.03893521428108215
23904.png,Bonafide,0,none,0,669,0.29400384426116943,0.1990356147289276,0.33400070667266846,0.29400384426116943,0.20377448201179504,0.09496822953224182,-0.03999686241149902,0.0,0.09022936224937439
23905.png,Bonafide,0,none,0,832,0.20440666377544403,0.21057230234146118,0.2704153060913086,0.20440666377544403,0.18953438103199005,-0.006165638566017151,-0.06600864231586456,0.0,0.01487228274345398
23917.png,Bonafide,0,none,2,940,0.1667228639125824,0.21947644650936127,0.2474946677684784,0.12338624894618988,0.20897144079208374,-0.05275358259677887,-0.080771803855896,0.04333661496639252,-0.04224857687950134
23919.png,Bonafide,0,none,2,832,0.23730775713920593,0.29481279850006104,0.3206126093864441,0.23730775713920593,0.31640225648880005,-0.0575050413608551,-0.08330485224723816,0.0,-0.07909449934959412
23993.png,Bonafide,0,none,0,834,0.16751545667648315,0.15673545002937317,0.3063906729221344,0.16751545667648315,0.14470118284225464,0.010780006647109985,-0.13887521624565125,0.0,0.022814273834228516
24014.png,Bonafide,0,none,2,796,0.3373660147190094,0.3209191560745239,0.4337010681629181,0.3373660147190094,0.3125966787338257,0.016446858644485474,-0.09633505344390869,0.0,0.024769335985183716
24018.png,Bonafide,0,none,1,875,0.4820946455001831,0.4762163758277893,0.4876556396484375,0.4581308960914612,0.44877541065216064,0.005878269672393799,-0.0055609941482543945,0.023963749408721924,0.03331923484802246
24044.png,Bonafide,0,none,0,804,0.21197383105754852,0.24817879498004913,0.2724524736404419,0.21197383105754852,0.222819983959198,-0.03620496392250061,-0.06047864258289337,0.0,-0.010846152901649475
24054.png,Bonafide,0,none,2,832,0.18519404530525208,0.3199997842311859,0.17412430047988892,0.18519404530525208,0.28804275393486023,-0.13480573892593384,0.01106974482536316,0.0,-0.10284870862960815
24059.png,Bonafide,0,none,1,871,0.4385603666305542,0.40727341175079346,0.46723175048828125,0.4286121129989624,0.36477386951446533,0.03128695487976074,-0.02867138385772705,0.009948253631591797,0.07378649711608887
24067.png,Bonafide,0,none,3,869,0.0960964635014534,0.1662076711654663,0.12312354147434235,0.09072647988796234,0.16223259270191193,-0.07011120766401291,-0.027027077972888947,0.005369983613491058,-0.06613612920045853
24098.png,Bonafide,0,none,0,859,0.1164916455745697,0.1608956903219223,0.21144017577171326,0.1164916455745697,0.14166298508644104,-0.0444040447473526,-0.09494853019714355,0.0,-0.025171339511871338
24104.png,Bonafide,0,none,0,896,0.1903907060623169,0.22390948235988617,0.2171763777732849,0.1716936081647873,0.20878726243972778,-0.033518776297569275,-0.026785671710968018,0.018697097897529602,-0.01839655637741089
24107.png,Bonafide,0,none,0,992,0.29411840438842773,0.3943250775337219,0.31944748759269714,0.25881266593933105,0.37109649181365967,-0.10020667314529419,-0.02532908320426941,0.03530573844909668,-0.07697808742523193
24138.png,Bonafide,0,none,1,902,0.12711048126220703,0.1746404767036438,0.1570655107498169,0.13182269036769867,0.16856391727924347,-0.04752999544143677,-0.029955029487609863,-0.004712209105491638,-0.04145343601703644
24156.png,Bonafide,0,none,0,850,0.214273601770401,0.27044764161109924,0.24278701841831207,0.214273601770401,0.27154725790023804,-0.05617403984069824,-0.028513416647911072,0.0,-0.057273656129837036
24176.png,Bonafide,0,none,2,817,0.21034745872020721,0.2787691652774811,0.2608223259449005,0.21034745872020721,0.2827001214027405,-0.06842170655727386,-0.0504748672246933,0.0,-0.07235266268253326
24182.png,Bonafide,0,none,0,931,0.23230355978012085,0.209529846906662,0.3134399354457855,0.20816858112812042,0.1798403561115265,0.022773712873458862,-0.08113637566566467,0.024134978652000427,0.05246320366859436
24219.png,Bonafide,0,none,3,846,0.1489957869052887,0.14114037156105042,0.28410184383392334,0.1489957869052887,0.1312982439994812,0.007855415344238281,-0.13510605692863464,0.0,0.017697542905807495
24221.png,Bonafide,0,none,2,875,0.20280617475509644,0.25657153129577637,0.2866023778915405,0.19635392725467682,0.25690343976020813,-0.05376535654067993,-0.08379620313644409,0.006452247500419617,-0.054097265005111694
24224.png,Bonafide,0,none,3,875,0.1105303168296814,0.22255738079547882,0.21799011528491974,0.11898885667324066,0.19676756858825684,-0.11202706396579742,-0.10745979845523834,-0.008458539843559265,-0.08623725175857544
24265.png,Bonafide,0,none,1,931,0.20668309926986694,0.2660726010799408,0.27797138690948486,0.20971421897411346,0.2707674503326416,-0.05938950181007385,-0.07128828763961792,-0.003031119704246521,-0.06408435106277466
24270.png,Bonafide,0,none,1,784,0.14383788406848907,0.26574915647506714,0.22193580865859985,0.14383788406848907,0.27954238653182983,-0.12191127240657806,-0.07809792459011078,0.0,-0.13570450246334076
24285.png,Bonafide,0,none,2,892,0.1486070156097412,0.20432648062705994,0.25217360258102417,0.1342502236366272,0.1992194652557373,-0.055719465017318726,-0.10356658697128296,0.014356791973114014,-0.050612449645996094
24301.png,Bonafide,0,none,2,811,0.15651828050613403,0.245085209608078,0.26654958724975586,0.15651828050613403,0.24553561210632324,-0.08856692910194397,-0.11003130674362183,0.0,-0.08901733160018921
24323.png,Bonafide,0,none,1,948,0.2428845763206482,0.296176552772522,0.2972036600112915,0.21812652051448822,0.3123380243778229,-0.05329197645187378,-0.05431908369064331,0.024758055806159973,-0.06945344805717468
24338.png,Bonafide,0,none,1,815,0.42196226119995117,0.3891591429710388,0.47720324993133545,0.42196226119995117,0.4058307409286499,0.032803118228912354,-0.05524098873138428,0.0,0.01613152027130127
24371.png,Bonafide,0,none,0,892,0.107426218688488,0.25615808367729187,0.17269864678382874,0.09629442542791367,0.2662675082683563,-0.14873186498880386,-0.06527242809534073,0.01113179326057434,-0.15884128957986832
24387.png,Bonafide,0,none,1,915,0.25218456983566284,0.24258296191692352,0.3959277868270874,0.22215573489665985,0.2750101089477539,0.009601607918739319,-0.14374321699142456,0.03002883493900299,-0.022825539112091064
24400.png,Bonafide,0,none,1,900,0.3146062195301056,0.3683164715766907,0.457633376121521,0.29059696197509766,0.37072038650512695,-0.05371025204658508,-0.1430271565914154,0.024009257555007935,-0.05611416697502136
24436.png,Bonafide,0,none,2,844,0.17683887481689453,0.24847380816936493,0.36972561478614807,0.17683887481689453,0.22293727099895477,-0.0716349333524704,-0.19288673996925354,0.0,-0.04609839618206024
24454.png,Bonafide,0,none,2,929,0.21722309291362762,0.23146343231201172,0.2156439870595932,0.18682906031608582,0.1946772336959839,-0.014240339398384094,0.0015791058540344238,0.03039403259754181,0.022545859217643738
24462.png,Bonafide,0,none,3,881,0.40467166900634766,0.351311594247818,0.5326874256134033,0.35206055641174316,0.3323735296726227,0.05336007475852966,-0.12801575660705566,0.05261111259460449,0.07229813933372498
24467.png,Bonafide,0,none,0,981,0.2940641939640045,0.3248094618320465,0.31792065501213074,0.25655868649482727,0.3376833200454712,-0.030745267868041992,-0.02385646104812622,0.037505507469177246,-0.043619126081466675
24478.png,Bonafide,0,none,0,871,0.2591371238231659,0.26090049743652344,0.344971626996994,0.24841883778572083,0.24336600303649902,-0.001763373613357544,-0.08583450317382812,0.010718286037445068,0.01577112078666687
24539.png,Bonafide,0,none,1,844,0.21961236000061035,0.27067041397094727,0.27283433079719543,0.21961236000061035,0.2633327841758728,-0.051058053970336914,-0.05322197079658508,0.0,-0.04372042417526245
24569.png,Bonafide,0,none,2,825,0.30573034286499023,0.3324063718318939,0.39041784405708313,0.30573034286499023,0.34131675958633423,-0.026676028966903687,-0.0846875011920929,0.0,-0.035586416721343994
24576.png,Bonafide,0,none,2,773,0.19422604143619537,0.31633180379867554,0.2454579919576645,0.19422604143619537,0.28149113059043884,-0.12210576236248016,-0.051231950521469116,0.0,-0.08726508915424347
24593.png,Bonafide,0,none,0,802,0.3599203824996948,0.27177298069000244,0.44849273562431335,0.3599203824996948,0.27480024099349976,0.08814740180969238,-0.08857235312461853,0.0,0.08512014150619507
24614.png,Bonafide,0,none,2,919,0.4832402467727661,0.4283389747142792,0.5196139216423035,0.4479675889015198,0.4214400351047516,0.05490127205848694,-0.036373674869537354,0.03527265787124634,0.061800211668014526
24647.png,Bonafide,0,none,3,788,0.17191502451896667,0.203641876578331,0.3422410488128662,0.17191502451896667,0.18173986673355103,-0.03172685205936432,-0.17032602429389954,0.0,-0.00982484221458435
24654.png,Bonafide,0,none,2,846,0.2255161553621292,0.25299549102783203,0.34683316946029663,0.2255161553621292,0.22821514308452606,-0.02747933566570282,-0.12131701409816742,0.0,-0.0026989877223968506
24658.png,Bonafide,0,none,0,840,0.19825302064418793,0.24698635935783386,0.23091864585876465,0.19825302064418793,0.2467614859342575,-0.048733338713645935,-0.03266562521457672,0.0,-0.04850846529006958
24659.png,Bonafide,0,none,0,850,0.25344741344451904,0.24733468890190125,0.2719074785709381,0.25344741344451904,0.2414425015449524,0.006112724542617798,-0.018460065126419067,0.0,0.01200491189956665
24668.png,Bonafide,0,none,0,850,0.060837142169475555,0.10734936594963074,0.09772220999002457,0.060837142169475555,0.09182260930538177,-0.04651222378015518,-0.03688506782054901,0.0,-0.03098546713590622
24671.png,Bonafide,0,none,3,881,0.1635994166135788,0.2422206997871399,0.24790509045124054,0.17032670974731445,0.2648827135562897,-0.0786212831735611,-0.08430567383766174,-0.006727293133735657,-0.10128329694271088
24684.png,Bonafide,0,none,1,888,0.13888776302337646,0.20388489961624146,0.2439250946044922,0.14241448044776917,0.21396520733833313,-0.06499713659286499,-0.10503733158111572,-0.0035267174243927,-0.07507744431495667
24737.png,Bonafide,0,none,1,873,0.2460450530052185,0.17524605989456177,0.35078561305999756,0.2411501109600067,0.1447920799255371,0.07079899311065674,-0.10474056005477905,0.004894942045211792,0.1012529730796814
24745.png,Bonafide,0,none,1,800,0.1750592440366745,0.2646065950393677,0.2686718702316284,0.1750592440366745,0.2953110337257385,-0.08954735100269318,-0.09361262619495392,0.0,-0.12025178968906403
24802.png,Bonafide,0,none,0,938,0.2564038634300232,0.3142346739768982,0.29052305221557617,0.2237461358308792,0.32886242866516113,-0.057830810546875,-0.03411918878555298,0.03265772759914398,-0.07245856523513794
24821.png,Bonafide,0,none,2,908,0.2626986503601074,0.27417948842048645,0.3261200487613678,0.2542745769023895,0.2500646710395813,-0.011480838060379028,-0.06342139840126038,0.008424073457717896,0.012633979320526123
24838.png,Bonafide,0,none,2,908,0.20183296501636505,0.27210912108421326,0.3387044668197632,0.18691125512123108,0.28554779291152954,-0.0702761560678482,-0.13687150180339813,0.014921709895133972,-0.08371482789516449
24874.png,Bonafide,0,none,3,869,0.26625436544418335,0.3884107172489166,0.3032664358615875,0.2602531611919403,0.37405309081077576,-0.12215635180473328,-0.037012070417404175,0.006001204252243042,-0.10779872536659241
24881.png,Bonafide,0,none,1,873,0.37027087807655334,0.3989163935184479,0.4586428999900818,0.354680597782135,0.3872278928756714,-0.02864551544189453,-0.08837202191352844,0.015590280294418335,-0.016957014799118042
24891.png,Bonafide,0,none,1,811,0.17659875750541687,0.22255468368530273,0.256352037191391,0.17659875750541687,0.15813511610031128,-0.045955926179885864,-0.07975327968597412,0.0,0.01846364140510559
24902.png,Bonafide,0,none,0,800,0.23891764879226685,0.2760404348373413,0.2776453495025635,0.23891764879226685,0.25549009442329407,-0.03712278604507446,-0.03872770071029663,0.0,-0.01657244563102722
24932.png,Bonafide,0,none,3,792,0.23611007630825043,0.3016459047794342,0.3803534209728241,0.23611007630825043,0.25863778591156006,-0.06553582847118378,-0.14424334466457367,0.0,-0.02252770960330963
24940.png,Bonafide,0,none,3,904,0.3411923944950104,0.35981371998786926,0.4179629981517792,0.3134732246398926,0.38079822063446045,-0.018621325492858887,-0.0767706036567688,0.027719169855117798,-0.03960582613945007
24963.png,Bonafide,0,none,2,881,0.3354578912258148,0.39256611466407776,0.36937057971954346,0.32274311780929565,0.36390918493270874,-0.05710822343826294,-0.03391268849372864,0.012714773416519165,-0.02845129370689392
25000.png,Bonafide,0,none,0,890,0.2063690423965454,0.3006150424480438,0.25366899371147156,0.20111820101737976,0.28489357233047485,-0.09424600005149841,-0.04729995131492615,0.005250841379165649,-0.07852452993392944
25062.png,Bonafide,0,none,2,936,0.28029462695121765,0.28778111934661865,0.35742852091789246,0.24182210862636566,0.26594606041908264,-0.007486492395401001,-0.0771338939666748,0.03847251832485199,0.01434856653213501
25064.png,Bonafide,0,none,1,936,0.3230653703212738,0.4393901228904724,0.5440456867218018,0.3091081380844116,0.4633333384990692,-0.11632475256919861,-0.22098031640052795,0.013957232236862183,-0.1402679681777954
25119.png,Bonafide,0,none,0,890,0.3085066080093384,0.26107490062713623,0.4141629934310913,0.29409438371658325,0.2522735893726349,0.04743170738220215,-0.10565638542175293,0.014412224292755127,0.05623301863670349
25124.png,Bonafide,0,none,3,773,0.3751988112926483,0.3627588152885437,0.5449490547180176,0.3751988112926483,0.31157609820365906,0.012439996004104614,-0.16975024342536926,0.0,0.06362271308898926
25127.png,Bonafide,0,none,2,896,0.14400185644626617,0.26226863265037537,0.1768932044506073,0.12667813897132874,0.2714022696018219,-0.11826677620410919,-0.032891348004341125,0.01732371747493744,-0.12740041315555573
25128.png,Bonafide,0,none,3,888,0.1834394484758377,0.21327993273735046,0.26107680797576904,0.17163598537445068,0.2078736424446106,-0.029840484261512756,-0.07763735949993134,0.011803463101387024,-0.024434193968772888
25133.png,Bonafide,0,none,2,838,0.35410967469215393,0.34757110476493835,0.4586681127548218,0.35410967469215393,0.3521166741847992,0.006538569927215576,-0.10455843806266785,0.0,0.0019930005073547363
25148.png,Bonafide,0,none,0,784,0.06668739765882492,0.11986088752746582,0.0840248167514801,0.06668739765882492,0.09499112516641617,-0.0531734898686409,-0.017337419092655182,0.0,-0.028303727507591248
25162.png,Bonafide,0,none,1,888,0.31026750802993774,0.35720348358154297,0.3849208354949951,0.2906588613986969,0.34141805768013,-0.046935975551605225,-0.07465332746505737,0.019608646631240845,-0.03115054965019226
25164.png,Bonafide,0,none,2,800,0.19339147210121155,0.29168573021888733,0.22904761135578156,0.19339147210121155,0.25853756070137024,-0.09829425811767578,-0.03565613925457001,0.0,-0.06514608860015869
25170.png,Bonafide,0,none,0,913,0.14440909028053284,0.20535114407539368,0.17241406440734863,0.12585361301898956,0.20128032565116882,-0.06094205379486084,-0.028004974126815796,0.018555477261543274,-0.056871235370635986
25225.png,Bonafide,0,none,0,832,0.06877776980400085,0.13142894208431244,0.0989340990781784,0.06877776980400085,0.12432023882865906,-0.06265117228031158,-0.03015632927417755,0.0,-0.0555424690246582
25296.png,Bonafide,0,none,1,904,0.21895140409469604,0.29168522357940674,0.2567864954471588,0.20042984187602997,0.25688475370407104,-0.0727338194847107,-0.03783509135246277,0.018521562218666077,-0.037933349609375
25301.png,Bonafide,0,none,2,836,0.5213361382484436,0.6334141492843628,0.6090307235717773,0.5213361382484436,0.6226804256439209,-0.11207801103591919,-0.08769458532333374,0.0,-0.1013442873954773
25312.png,Bonafide,0,none,3,933,0.04851001501083374,0.1531318873167038,0.09666500985622406,0.03692975267767906,0.14410752058029175,-0.10462187230587006,-0.04815499484539032,0.011580262333154678,-0.09559750556945801
25320.png,Bonafide,0,none,0,297,0.1378857046365738,0.16186416149139404,0.191721111536026,0.1378857046365738,0.10678786784410477,-0.02397845685482025,-0.05383540689945221,0.0,0.031097836792469025
25372.png,Bonafide,0,none,1,915,0.2707158327102661,0.3443313539028168,0.32102468609809875,0.24169951677322388,0.32951855659484863,-0.07361552119255066,-0.05030885338783264,0.029016315937042236,-0.05880272388458252
25377.png,Bonafide,0,none,3,832,0.3486860394477844,0.2854793965816498,0.43649134039878845,0.3486860394477844,0.30767810344696045,0.06320664286613464,-0.08780530095100403,0.0,0.041007936000823975
25409.png,Bonafide,0,none,1,960,0.1665458083152771,0.23323260247707367,0.2160719484090805,0.13693051040172577,0.2425866723060608,-0.06668679416179657,-0.049526140093803406,0.02961529791355133,-0.07604086399078369
25449.png,Bonafide,0,none,1,767,0.24822457134723663,0.2982397973537445,0.32386118173599243,0.24822457134723663,0.2678811848163605,-0.050015226006507874,-0.0756366103887558,0.0,-0.01965661346912384
25462.png,Bonafide,0,none,2,886,0.4235503673553467,0.45671066641807556,0.536865234375,0.400036484003067,0.4342806339263916,-0.03316029906272888,-0.11331486701965332,0.023513883352279663,-0.010730266571044922
25467.png,Bonafide,0,none,1,929,0.1140291690826416,0.12533289194107056,0.20805568993091583,0.10563911497592926,0.07956629991531372,-0.011303722858428955,-0.09402652084827423,0.008390054106712341,0.03446286916732788
25493.png,Bonafide,0,none,0,804,0.168435737490654,0.1881510466337204,0.21260884404182434,0.168435737490654,0.1741614192724228,-0.019715309143066406,-0.04417310655117035,0.0,-0.005725681781768799
25527.png,Bonafide,0,none,0,852,0.09932560473680496,0.15872390568256378,0.0864003598690033,0.09932560473680496,0.14180046319961548,-0.05939830094575882,0.012925244867801666,0.0,-0.042474858462810516
25566.png,Bonafide,0,none,1,856,0.19945156574249268,0.2703758180141449,0.29782378673553467,0.19945156574249268,0.2676592469215393,-0.07092425227165222,-0.09837222099304199,0.0,-0.06820768117904663
25574.png,Bonafide,0,none,0,900,0.3402663469314575,0.2588544189929962,0.4593283236026764,0.3187764286994934,0.2523592710494995,0.0814119279384613,-0.11906197667121887,0.02148991823196411,0.08790707588195801
25583.png,Bonafide,0,none,0,936,0.3111347258090973,0.32890570163726807,0.2695905566215515,0.272502064704895,0.3082827925682068,-0.017770975828170776,0.041544169187545776,0.03863266110420227,0.002851933240890503
25606.png,Bonafide,0,none,0,786,0.056427281349897385,0.09208659082651138,0.07307787984609604,0.056427281349897385,0.08695726841688156,-0.035659309476614,-0.016650598496198654,0.0,-0.030529987066984177
25607.png,Bonafide,0,none,1,950,0.18735165894031525,0.34974950551986694,0.28710365295410156,0.16117340326309204,0.3876103162765503,-0.1623978465795517,-0.09975199401378632,0.026178255677223206,-0.20025865733623505
25628.png,Bonafide,0,none,2,967,0.21899671852588654,0.3266710042953491,0.19164152443408966,0.16454066336154938,0.31239742040634155,-0.10767428576946259,0.027355194091796875,0.05445605516433716,-0.09340070188045502
25631.png,Bonafide,0,none,0,838,0.1419791281223297,0.14714492857456207,0.1305966079235077,0.1419791281223297,0.1378336250782013,-0.005165800452232361,0.011382520198822021,0.0,0.004145503044128418
25640.png,Bonafide,0,none,0,859,0.048916127532720566,0.0906485840678215,0.06274759024381638,0.048916127532720566,0.07614012062549591,-0.04173245653510094,-0.01383146271109581,0.0,-0.027223993092775345
25642.png,Bonafide,0,none,0,884,0.19461435079574585,0.16049855947494507,0.3172997534275055,0.20160360634326935,0.16184166073799133,0.03411579132080078,-0.12268540263175964,-0.0069892555475234985,0.03277269005775452
25684.png,Bonafide,0,none,3,904,0.3367190957069397,0.3597400486469269,0.5518496632575989,0.32601991295814514,0.3407595157623291,-0.023020952939987183,-0.21513056755065918,0.010699182748794556,-0.004040420055389404
25699.png,Bonafide,0,none,1,869,0.2652639150619507,0.26163989305496216,0.3445046544075012,0.2594362497329712,0.2542273700237274,0.0036240220069885254,-0.07924073934555054,0.005827665328979492,0.011036545038223267
25710.png,Bonafide,0,none,2,946,0.2854810357093811,0.4056653678417206,0.348306268453598,0.2506978213787079,0.4090718924999237,-0.12018433213233948,-0.06282523274421692,0.03478321433067322,-0.1235908567905426
25717.png,Bonafide,0,none,2,917,0.12326095998287201,0.24069494009017944,0.16058993339538574,0.10407969355583191,0.2590189278125763,-0.11743398010730743,-0.03732897341251373,0.0191812664270401,-0.13575796782970428
25784.png,Bonafide,0,none,3,936,0.18674784898757935,0.23740196228027344,0.2823580503463745,0.16371573507785797,0.22411306202411652,-0.05065411329269409,-0.09561020135879517,0.023032113909721375,-0.03736521303653717
25786.png,Bonafide,0,none,3,859,0.1834009885787964,0.18599748611450195,0.23575356602668762,0.1834009885787964,0.17073410749435425,-0.0025964975357055664,-0.052352577447891235,0.0,0.012666881084442139
25800.png,Bonafide,0,none,1,908,0.06536243110895157,0.08097481727600098,0.12285934388637543,0.058379072695970535,0.053039584308862686,-0.015612386167049408,-0.05749691277742386,0.006983358412981033,0.012322846800088882
25829.png,Bonafide,0,none,1,1024,0.5621443390846252,0.5348587036132812,0.5797542929649353,0.4897838234901428,0.4686528444290161,0.027285635471343994,-0.01760995388031006,0.07236051559448242,0.09349149465560913
25837.png,Bonafide,0,none,3,832,0.2367280125617981,0.3128463923931122,0.34477555751800537,0.2367280125617981,0.3015221655368805,-0.07611837983131409,-0.10804754495620728,0.0,-0.0647941529750824
25863.png,Bonafide,0,none,0,869,0.3686383068561554,0.38501664996147156,0.36257049441337585,0.36741384863853455,0.3378598093986511,-0.016378343105316162,0.006067812442779541,0.0012244582176208496,0.030778497457504272
25866.png,Bonafide,0,none,3,894,0.09283360093832016,0.18905878067016602,0.19969074428081512,0.0889219269156456,0.1964896023273468,-0.09622517973184586,-0.10685714334249496,0.0039116740226745605,-0.10365600138902664
25892.png,Bonafide,0,none,1,881,0.14541831612586975,0.20681776106357574,0.223977193236351,0.13847945630550385,0.2146884799003601,-0.061399444937705994,-0.07855887711048126,0.006938859820365906,-0.06927016377449036
25956.png,Bonafide,0,none,1,765,0.287130743265152,0.26894789934158325,0.34371674060821533,0.287130743265152,0.24038012325763702,0.018182843923568726,-0.056585997343063354,0.0,0.046750620007514954
25981.png,Bonafide,0,none,1,894,0.16306716203689575,0.2315063178539276,0.26089560985565186,0.14846687018871307,0.21867495775222778,-0.06843915581703186,-0.0978284478187561,0.014600291848182678,-0.05560779571533203
25991.png,Bonafide,0,none,1,817,0.46857255697250366,0.3972209692001343,0.5549516081809998,0.46857255697250366,0.40232324600219727,0.07135158777236938,-0.0863790512084961,0.0,0.0662493109703064
26013.png,Bonafide,0,none,1,823,0.27420154213905334,0.34370359778404236,0.35835182666778564,0.27420154213905334,0.3184826672077179,-0.06950205564498901,-0.0841502845287323,0.0,-0.04428112506866455
26036.png,Bonafide,0,none,3,802,0.259947270154953,0.2845473885536194,0.47262510657310486,0.259947270154953,0.28172487020492554,-0.024600118398666382,-0.21267783641815186,0.0,-0.021777600049972534
26055.png,Bonafide,0,none,2,748,0.10093733668327332,0.14026783406734467,0.2133161872625351,0.10093733668327332,0.14457117021083832,-0.03933049738407135,-0.11237885057926178,0.0,-0.043633833527565
26062.png,Bonafide,0,none,3,742,0.33531227707862854,0.3212934732437134,0.46808922290802,0.33531227707862854,0.3020665943622589,0.014018803834915161,-0.13277694582939148,0.0,0.03324568271636963
26077.png,Bonafide,0,none,3,894,0.18306568264961243,0.2893361449241638,0.22102196514606476,0.16307847201824188,0.30172884464263916,-0.10627046227455139,-0.03795628249645233,0.019987210631370544,-0.11866316199302673
26117.png,Bonafide,0,none,2,827,0.21501080691814423,0.31364020705223083,0.23722679913043976,0.21501080691814423,0.3207603394985199,-0.09862940013408661,-0.022215992212295532,0.0,-0.10574953258037567
26139.png,Bonafide,0,none,3,886,0.07698429375886917,0.2389741688966751,0.14676827192306519,0.07699162513017654,0.238199844956398,-0.16198987513780594,-0.06978397816419601,-7.331371307373047e-06,-0.16121555119752884
26142.png,Bonafide,0,none,3,821,0.08756134659051895,0.19864508509635925,0.09068061411380768,0.08756134659051895,0.13364318013191223,-0.1110837385058403,-0.003119267523288727,0.0,-0.04608183354139328
26154.png,Bonafide,0,none,1,825,0.05537104234099388,0.217546284198761,0.14317725598812103,0.05537104234099388,0.250194787979126,-0.1621752418577671,-0.08780621364712715,0.0,-0.1948237456381321
26180.png,Bonafide,0,none,1,859,0.23292700946331024,0.2430695742368698,0.3470485806465149,0.23292700946331024,0.22837744653224945,-0.01014256477355957,-0.11412157118320465,0.0,0.004549562931060791
26186.png,Bonafide,0,none,3,821,0.2393016815185547,0.18404555320739746,0.3691363036632538,0.2393016815185547,0.16996856033802032,0.05525612831115723,-0.1298346221446991,0.0,0.06933312118053436
26224.png,Bonafide,0,none,2,938,0.3672133982181549,0.3957606554031372,0.24998432397842407,0.3366928696632385,0.3608108162879944,-0.0285472571849823,0.11722907423973083,0.030520528554916382,0.0064025819301605225
26235.png,Bonafide,0,none,2,861,0.34698620438575745,0.3553786277770996,0.30363601446151733,0.34698620438575745,0.2997685968875885,-0.008392423391342163,0.04335018992424011,0.0,0.047217607498168945
26259.png,Bonafide,0,none,1,844,0.03564973920583725,0.09609530121088028,0.07962936908006668,0.03564973920583725,0.12699636816978455,-0.06044556200504303,-0.04397962987422943,0.0,-0.0913466289639473
26313.png,Bonafide,0,none,1,954,0.16747280955314636,0.24530570209026337,0.2338663935661316,0.15049375593662262,0.23279912769794464,-0.077832892537117,-0.06639358401298523,0.016979053616523743,-0.06532631814479828
26314.png,Bonafide,0,none,0,931,0.3804287612438202,0.4059198200702667,0.39577776193618774,0.3464030623435974,0.33383485674858093,-0.025491058826446533,-0.015349000692367554,0.03402569890022278,0.04659390449523926
26316.png,Bonafide,0,none,1,823,0.1431044638156891,0.20638638734817505,0.203333780169487,0.1431044638156891,0.20741721987724304,-0.06328192353248596,-0.06022931635379791,0.0,-0.06431275606155396
26321.png,Bonafide,0,none,3,823,0.19488568603992462,0.2272094041109085,0.3028571605682373,0.19488568603992462,0.19190777838230133,-0.03232371807098389,-0.10797147452831268,0.0,0.002977907657623291
26333.png,Bonafide,0,none,0,881,0.08185626566410065,0.12373609095811844,0.1413821280002594,0.07857680320739746,0.10758484154939651,-0.04187982529401779,-0.05952586233615875,0.003279462456703186,-0.025728575885295868
26341.png,Bonafide,0,none,0,823,0.33667057752609253,0.24494054913520813,0.33613818883895874,0.33667057752609253,0.22040382027626038,0.0917300283908844,0.0005323886871337891,0.0,0.11626675724983215
26345.png,Bonafide,0,none,0,890,0.14486432075500488,0.12140003591775894,0.16285468637943268,0.1266835331916809,0.1279945820569992,0.02346428483724594,-0.017990365624427795,0.018180787563323975,0.016869738698005676
26348.png,Bonafide,0,none,0,811,0.19848623871803284,0.2216481864452362,0.3009336590766907,0.19848623871803284,0.20452050864696503,-0.02316194772720337,-0.10244742035865784,0.0,-0.00603426992893219
26370.png,Bonafide,0,none,1,913,0.2901648283004761,0.2629045844078064,0.3995934724807739,0.2436515986919403,0.23989814519882202,0.027260243892669678,-0.10942864418029785,0.04651322960853577,0.05026668310165405
26374.png,Bonafide,0,none,0,844,0.4404355585575104,0.4078354835510254,0.30534666776657104,0.4404355585575104,0.41613832116127014,0.032600075006484985,0.13508889079093933,0.0,0.024297237396240234
26400.png,Bonafide,0,none,2,990,0.3703872263431549,0.30899590253829956,0.4663143754005432,0.3053309917449951,0.30893829464912415,0.06139132380485535,-0.0959271490573883,0.06505623459815979,0.06144893169403076
26405.png,Bonafide,0,none,2,946,0.25185999274253845,0.36902540922164917,0.38825663924217224,0.21433964371681213,0.341045618057251,-0.11716541647911072,-0.1363966464996338,0.03752034902572632,-0.08918562531471252
26433.png,Bonafide,0,none,2,933,0.3220646381378174,0.35745489597320557,0.3523430824279785,0.2617233097553253,0.33430245518684387,-0.035390257835388184,-0.030278444290161133,0.060341328382492065,-0.01223781704902649
26454.png,Bonafide,0,none,3,869,0.15382544696331024,0.20441888272762299,0.27644065022468567,0.1510535031557083,0.18568016588687897,-0.050593435764312744,-0.12261520326137543,0.0027719438076019287,-0.031854718923568726
26456.png,Bonafide,0,none,0,923,0.17727957665920258,0.2315695583820343,0.23145505785942078,0.1696738302707672,0.24239018559455872,-0.054289981722831726,-0.0541754812002182,0.007605746388435364,-0.06511060893535614
26537.png,Bonafide,0,none,0,798,0.07134580612182617,0.1519695222377777,0.08765694499015808,0.07134580612182617,0.15854382514953613,-0.08062371611595154,-0.01631113886833191,0.0,-0.08719801902770996
26556.png,Bonafide,0,none,2,819,0.38593146204948425,0.3726564645767212,0.4947251081466675,0.38593146204948425,0.3582631051540375,0.013274997472763062,-0.10879364609718323,0.0,0.027668356895446777
26618.png,Bonafide,0,none,2,834,0.0995146855711937,0.159224271774292,0.17446112632751465,0.0995146855711937,0.1674707680940628,-0.0597095862030983,-0.07494644075632095,0.0,-0.06795608252286911
26626.png,Bonafide,0,none,1,740,0.1317640095949173,0.17133623361587524,0.17658792436122894,0.1317640095949173,0.16797055304050446,-0.03957222402095795,-0.044823914766311646,0.0,-0.03620654344558716
26632.png,Bonafide,0,none,2,840,0.11384497582912445,0.24983985722064972,0.20722079277038574,0.11384497582912445,0.2502380311489105,-0.13599488139152527,-0.09337581694126129,0.0,-0.13639305531978607
26635.png,Bonafide,0,none,1,846,0.3758847713470459,0.4014514088630676,0.48755842447280884,0.3758847713470459,0.3955656588077545,-0.02556663751602173,-0.11167365312576294,0.0,-0.019680887460708618
26660.png,Bonafide,0,none,1,896,0.252733051776886,0.3347875475883484,0.2998465895652771,0.24866533279418945,0.3331109285354614,-0.0820544958114624,-0.04711353778839111,0.004067718982696533,-0.08037787675857544
26669.png,Bonafide,0,none,2,769,0.16896332800388336,0.2449548989534378,0.2463705837726593,0.16896332800388336,0.23464830219745636,-0.07599157094955444,-0.07740725576877594,0.0,-0.065684974193573
26685.png,Bonafide,0,none,2,794,0.3109895884990692,0.3253854811191559,0.39998024702072144,0.3109895884990692,0.2773153781890869,-0.01439589262008667,-0.08899065852165222,0.0,0.0336742103099823
26725.png,Bonafide,0,none,3,811,0.12562678754329681,0.19953447580337524,0.23691017925739288,0.12562678754329681,0.20348770916461945,-0.07390768826007843,-0.11128339171409607,0.0,-0.07786092162132263
26734.png,Bonafide,0,none,0,942,0.28942370414733887,0.3247091472148895,0.31611230969429016,0.239065483212471,0.32634299993515015,-0.03528544306755066,-0.026688605546951294,0.05035822093486786,-0.03691929578781128
26762.png,Bonafide,0,none,3,948,0.3631013333797455,0.36956387758255005,0.42795073986053467,0.343258798122406,0.3533104658126831,-0.006462544202804565,-0.06484940648078918,0.019842535257339478,0.009790867567062378
26765.png,Bonafide,0,none,2,218,0.023160362616181374,0.030832059681415558,0.03438305854797363,0.023160362616181374,0.01252091582864523,-0.007671697065234184,-0.01122269593179226,0.0,0.010639446787536144
26795.png,Bonafide,0,none,3,931,0.335520476102829,0.28688958287239075,0.4321116805076599,0.25041064620018005,0.2757891118526459,0.04863089323043823,-0.09659120440483093,0.08510982990264893,0.059731364250183105
26844.png,Bonafide,0,none,2,834,0.11216417700052261,0.20912380516529083,0.13187290728092194,0.11216417700052261,0.23175708949565887,-0.09695962816476822,-0.019708730280399323,0.0,-0.11959291249513626
26845.png,Bonafide,0,none,1,800,0.13364118337631226,0.2654680907726288,0.1730242669582367,0.13364118337631226,0.25786304473876953,-0.13182690739631653,-0.03938308358192444,0.0,-0.12422186136245728
26859.png,Bonafide,0,none,1,954,0.2558155357837677,0.2567044198513031,0.40072527527809143,0.19394932687282562,0.28851619362831116,-0.0008888840675354004,-0.14490973949432373,0.06186620891094208,-0.03270065784454346
26860.png,Bonafide,0,none,2,765,0.34684813022613525,0.29806971549987793,0.4021856188774109,0.34684813022613525,0.2661678194999695,0.048778414726257324,-0.055337488651275635,0.0,0.08068031072616577
26868.png,Bonafide,0,none,3,836,0.06203533709049225,0.11065828800201416,0.10295519977807999,0.06203533709049225,0.0965941920876503,-0.04862295091152191,-0.04091986268758774,0.0,-0.03455885499715805
26881.png,Bonafide,0,none,0,836,0.27165359258651733,0.2196066975593567,0.28447774052619934,0.27165359258651733,0.18488261103630066,0.052046895027160645,-0.012824147939682007,0.0,0.08677098155021667
26920.png,Bonafide,0,none,1,946,0.24141086637973785,0.32896193861961365,0.35597503185272217,0.22640426456928253,0.3060988783836365,-0.0875510722398758,-0.11456416547298431,0.015006601810455322,-0.06468801200389862
26987.png,Bonafide,0,none,2,869,0.20891140401363373,0.2606782615184784,0.2084803283214569,0.21305805444717407,0.2114117592573166,-0.051766857504844666,0.00043107569217681885,-0.004146650433540344,-0.0025003552436828613
26990.png,Bonafide,0,none,1,911,0.12345744669437408,0.19963721930980682,0.178985133767128,0.10681281238794327,0.20118822157382965,-0.07617977261543274,-0.055527687072753906,0.016644634306430817,-0.07773077487945557
27028.png,Bonafide,0,none,2,692,0.2839786410331726,0.35397809743881226,0.3220800757408142,0.2839786410331726,0.2762448191642761,-0.06999945640563965,-0.0381014347076416,0.0,0.007733821868896484
27048.png,Bonafide,0,none,0,850,0.14525048434734344,0.22736944258213043,0.15825879573822021,0.14525048434734344,0.2247217744588852,-0.08211895823478699,-0.01300831139087677,0.0,-0.07947129011154175
27065.png,Bonafide,0,none,1,904,0.258252888917923,0.31360775232315063,0.3315942883491516,0.24001449346542358,0.32734525203704834,-0.05535486340522766,-0.07334139943122864,0.01823839545249939,-0.06909236311912537
27078.png,Bonafide,0,none,3,938,0.22254551947116852,0.29236167669296265,0.3507007658481598,0.19628816843032837,0.30886998772621155,-0.06981615722179413,-0.12815524637699127,0.02625735104084015,-0.08632446825504303
27100.png,Bonafide,0,none,3,863,0.30561119318008423,0.35063228011131287,0.3967589735984802,0.30561119318008423,0.30993109941482544,-0.04502108693122864,-0.091147780418396,0.0,-0.004319906234741211
27130.png,Bonafide,0,none,3,673,0.2726868987083435,0.2946217358112335,0.5192610621452332,0.2726868987083435,0.2836749851703644,-0.021934837102890015,-0.24657416343688965,0.0,-0.010988086462020874
27142.png,Bonafide,0,none,3,973,0.5013540983200073,0.4235394597053528,0.5972559452056885,0.4560127258300781,0.4215947389602661,0.07781463861465454,-0.09590184688568115,0.0453413724899292,0.07975935935974121
27173.png,Bonafide,0,none,2,761,0.213096484541893,0.2141624391078949,0.382489949464798,0.213096484541893,0.1979713886976242,-0.001065954566001892,-0.16939346492290497,0.0,0.015125095844268799
27203.png,Bonafide,0,none,2,871,0.3019911050796509,0.32440683245658875,0.4038233458995819,0.3013754189014435,0.3234668970108032,-0.022415727376937866,-0.10183224081993103,0.0006156861782073975,-0.021475791931152344
27208.png,Bonafide,0,none,2,784,0.07282993197441101,0.12991517782211304,0.09016825258731842,0.07282993197441101,0.1262645572423935,-0.057085245847702026,-0.01733832061290741,0.0,-0.05343462526798248
27302.png,Bonafide,0,none,0,873,0.2855531573295593,0.29841944575309753,0.34605515003204346,0.2835553288459778,0.30555260181427,-0.012866288423538208,-0.06050199270248413,0.001997828483581543,-0.019999444484710693
27327.png,Bonafide,0,none,1,898,0.2591816484928131,0.33146932721138,0.420581579208374,0.24717633426189423,0.3346802890300751,-0.0722876787185669,-0.1613999307155609,0.012005314230918884,-0.07549864053726196
27330.png,Bonafide,0,none,0,846,0.10585413128137589,0.1873556524515152,0.18257702887058258,0.10585413128137589,0.14455293118953705,-0.08150152117013931,-0.0767228975892067,0.0,-0.03869879990816116
27339.png,Bonafide,0,none,0,804,0.08368659764528275,0.10847488045692444,0.1354352980852127,0.08368659764528275,0.12204436212778091,-0.024788282811641693,-0.05174870043992996,0.0,-0.03835776448249817
27378.png,Bonafide,0,none,2,908,0.20202389359474182,0.27310702204704285,0.20295877754688263,0.18199294805526733,0.31177473068237305,-0.07108312845230103,-0.0009348839521408081,0.020030945539474487,-0.10975083708763123
27401.png,Bonafide,0,none,0,884,0.17534571886062622,0.1896613985300064,0.23529969155788422,0.1734417825937271,0.17953848838806152,-0.014315679669380188,-0.059953972697257996,0.0019039362668991089,-0.004192769527435303
27402.png,Bonafide,0,none,2,825,0.032226040959358215,0.08483757823705673,0.12622061371803284,0.032226040959358215,0.0708422139286995,-0.05261153727769852,-0.09399457275867462,0.0,-0.03861617296934128
27404.png,Bonafide,0,none,0,821,0.1828031986951828,0.23524045944213867,0.22885169088840485,0.1828031986951828,0.229558065533638,-0.05243726074695587,-0.046048492193222046,0.0,-0.0467548668384552
27415.png,Bonafide,0,none,1,915,0.21299618482589722,0.2697642743587494,0.25904178619384766,0.16787435114383698,0.3245627284049988,-0.05676808953285217,-0.04604560136795044,0.04512183368206024,-0.11156654357910156
27426.png,Bonafide,0,none,1,842,0.2206478863954544,0.25277936458587646,0.294255793094635,0.2206478863954544,0.22964416444301605,-0.03213147819042206,-0.0736079066991806,0.0,-0.008996278047561646
27498.png,Bonafide,0,none,3,268,0.08079234510660172,0.09551599621772766,0.1329636573791504,0.08079234510660172,0.04148106276988983,-0.014723651111125946,-0.052171312272548676,0.0,0.039311282336711884
27511.png,Bonafide,0,none,1,904,0.4229890704154968,0.4932478666305542,0.5513550639152527,0.40033775568008423,0.48243677616119385,-0.07025879621505737,-0.12836599349975586,0.022651314735412598,-0.05944770574569702
27558.png,Bonafide,0,none,2,861,0.1136389970779419,0.21839532256126404,0.13946986198425293,0.1136389970779419,0.2275790572166443,-0.10475632548332214,-0.025830864906311035,0.0,-0.11394006013870239
27560.png,Bonafide,0,none,1,906,0.12463311105966568,0.21814478933811188,0.2535986602306366,0.11717537045478821,0.22654978930950165,-0.0935116782784462,-0.12896554917097092,0.007457740604877472,-0.10191667824983597
27571.png,Bonafide,0,none,3,813,0.12009727954864502,0.19031058251857758,0.14562465250492096,0.12009727954864502,0.17359328269958496,-0.07021330296993256,-0.02552737295627594,0.0,-0.05349600315093994
27588.png,Bonafide,0,none,0,842,0.0771360769867897,0.15577489137649536,0.11880917102098465,0.0771360769867897,0.13474583625793457,-0.07863881438970566,-0.041673094034194946,0.0,-0.05760975927114487
27605.png,Bonafide,0,none,1,840,0.15670756995677948,0.24521991610527039,0.21204832196235657,0.15670756995677948,0.19923824071884155,-0.0885123461484909,-0.05534075200557709,0.0,-0.04253067076206207
27606.png,Bonafide,0,none,2,825,0.2001490592956543,0.3357592821121216,0.18851488828659058,0.2001490592956543,0.32775917649269104,-0.13561022281646729,0.01163417100906372,0.0,-0.12761011719703674
27630.png,Bonafide,0,none,0,873,0.29362502694129944,0.34685197472572327,0.3597261905670166,0.30746781826019287,0.30691760778427124,-0.05322694778442383,-0.06610116362571716,-0.013842791318893433,-0.013292580842971802
27631.png,Bonafide,0,none,3,750,0.08097881823778152,0.1343843638896942,0.18349689245224,0.08097881823778152,0.11169053614139557,-0.05340554565191269,-0.10251807421445847,0.0,-0.030711717903614044
27637.png,Bonafide,0,none,0,865,0.08937934786081314,0.1213216483592987,0.11274562776088715,0.08937934786081314,0.12038709223270416,-0.031942300498485565,-0.023366279900074005,0.0,-0.03100774437189102
27659.png,Bonafide,0,none,1,792,0.15771864354610443,0.1817750334739685,0.21853913366794586,0.15771864354610443,0.16376084089279175,-0.024056389927864075,-0.06082049012184143,0.0,-0.006042197346687317
27664.png,Bonafide,0,none,0,844,0.109888955950737,0.1867530196905136,0.17011989653110504,0.109888955950737,0.1974458396434784,-0.07686406373977661,-0.06023094058036804,0.0,-0.0875568836927414
27674.png,Bonafide,0,none,1,960,0.35210657119750977,0.3846360445022583,0.4148874580860138,0.3232012689113617,0.3819255828857422,-0.032529473304748535,-0.06278088688850403,0.02890530228614807,-0.029819011688232422
27699.png,Bonafide,0,none,0,813,0.06898881494998932,0.1628490537405014,0.09724675863981247,0.06898881494998932,0.15895770490169525,-0.09386023879051208,-0.02825794368982315,0.0,-0.08996888995170593
27708.png,Bonafide,0,none,0,796,0.11552013456821442,0.21037259697914124,0.08607485890388489,0.11552013456821442,0.17388299107551575,-0.09485246241092682,0.02944527566432953,0.0,-0.05836285650730133
27709.png,Bonafide,0,none,2,871,0.210586816072464,0.2966424822807312,0.222445547580719,0.2134445458650589,0.28746891021728516,-0.08605566620826721,-0.011858731508255005,-0.0028577297925949097,-0.07688209414482117
27735.png,Bonafide,0,none,3,804,0.2263980507850647,0.19857288897037506,0.3455016016960144,0.2263980507850647,0.20769907534122467,0.027825161814689636,-0.11910355091094971,0.0,0.018698975443840027
27764.png,Bonafide,0,none,2,823,0.27464598417282104,0.2912546992301941,0.30381715297698975,0.27464598417282104,0.2676122486591339,-0.016608715057373047,-0.0291711688041687,0.0,0.007033735513687134
27783.png,Bonafide,0,none,0,850,0.15626704692840576,0.22548344731330872,0.18177327513694763,0.15626704692840576,0.22582663595676422,-0.06921640038490295,-0.02550622820854187,0.0,-0.06955958902835846
27808.png,Bonafide,0,none,0,861,0.04622018709778786,0.09916312247514725,0.0827484279870987,0.04622018709778786,0.08287984132766724,-0.05294293537735939,-0.03652824088931084,0.0,-0.03665965422987938
27854.png,Bonafide,0,none,0,906,0.17737820744514465,0.1811167448759079,0.22794659435749054,0.17456752061843872,0.18447989225387573,-0.0037385374307632446,-0.050568386912345886,0.0028106868267059326,-0.007101684808731079
27871.png,Bonafide,0,none,0,869,0.06591163575649261,0.13199953734874725,0.08618157356977463,0.0639914870262146,0.10403571277856827,-0.06608790159225464,-0.020269937813282013,0.0019201487302780151,-0.03812407702207565
27896.png,Bonafide,0,none,1,850,0.15589946508407593,0.2840830087661743,0.2270345687866211,0.15589946508407593,0.30482304096221924,-0.1281835436820984,-0.07113510370254517,0.0,-0.1489235758781433
27909.png,Bonafide,0,none,2,863,0.3145340383052826,0.35603559017181396,0.3380768597126007,0.3145340383052826,0.36440399289131165,-0.04150155186653137,-0.023542821407318115,0.0,-0.04986995458602905
27921.png,Bonafide,0,none,1,867,0.20748931169509888,0.26528000831604004,0.2896992266178131,0.19679735600948334,0.2943103015422821,-0.05779069662094116,-0.08220991492271423,0.01069195568561554,-0.08682098984718323
27927.png,Bonafide,0,none,2,894,0.10655192285776138,0.24598905444145203,0.17410847544670105,0.09710336476564407,0.254130095243454,-0.13943713158369064,-0.06755655258893967,0.00944855809211731,-0.1475781723856926
27951.png,Bonafide,0,none,2,931,0.2627474367618561,0.3501249849796295,0.2621387541294098,0.2345779538154602,0.37596598267555237,-0.08737754821777344,0.0006086826324462891,0.028169482946395874,-0.11321854591369629
27962.png,Bonafide,0,none,1,917,0.25336652994155884,0.32485681772232056,0.29762399196624756,0.24407029151916504,0.3787153959274292,-0.07149028778076172,-0.04425746202468872,0.009296238422393799,-0.12534886598587036
28017.png,Bonafide,0,none,0,875,0.34261810779571533,0.3242739140987396,0.3538691997528076,0.3371438980102539,0.2950153052806854,0.018344193696975708,-0.011251091957092285,0.005474209785461426,0.04760280251502991
28021.png,Bonafide,0,none,2,819,0.28604856133461,0.33423149585723877,0.3062569499015808,0.28604856133461,0.31377288699150085,-0.048182934522628784,-0.020208388566970825,0.0,-0.02772432565689087
28024.png,Bonafide,0,none,3,852,0.33775267004966736,0.32191380858421326,0.4274784326553345,0.33775267004966736,0.3083101212978363,0.0158388614654541,-0.08972576260566711,0.0,0.029442548751831055
28046.png,Bonafide,0,none,0,226,0.4056553840637207,0.17538519203662872,0.3941170275211334,0.4056553840637207,0.198375403881073,0.23027019202709198,0.01153835654258728,0.0,0.2072799801826477
28051.png,Bonafide,0,none,1,877,0.1437665969133377,0.22392074763774872,0.2870498597621918,0.15491193532943726,0.24527236819267273,-0.08015415072441101,-0.14328326284885406,-0.011145338416099548,-0.10150577127933502
28090.png,Bonafide,0,none,1,850,0.3495115041732788,0.3217923045158386,0.412156343460083,0.3495115041732788,0.3519749939441681,0.027719199657440186,-0.0626448392868042,0.0,-0.0024634897708892822
00962.png,Screens,1,iPhone,2,1474,0.8965712785720825,0.7067364454269409,0.8976420164108276,0.6989082098007202,0.795704185962677,0.1898348331451416,-0.0010707378387451172,0.1976630687713623,0.10086709260940552
00998.png,Screens,1,iPhone,0,2372,0.9971377849578857,0.8973788022994995,0.9974140524864197,0.895196795463562,0.9933545589447021,0.09975898265838623,-0.00027626752853393555,0.10194098949432373,0.0037832260131835938
08794.png,Screens,1,iPhone,3,3201,0.9982678890228271,0.9939221143722534,0.9973781108856201,0.9166399836540222,0.9759073257446289,0.0043457746505737305,0.0008897781372070312,0.08162790536880493,0.022360563278198242
10673.png,Screens,1,iPhone,0,2155,0.9965466260910034,0.8721997737884521,0.9977829456329346,0.9140338897705078,0.9896583557128906,0.12434685230255127,-0.0012363195419311523,0.0825127363204956,0.006888270378112793
10684.png,Screens,1,iPhone,1,1813,0.8626735806465149,0.7284413576126099,0.8429967761039734,0.7008868455886841,0.7785751223564148,0.13423222303390503,0.019676804542541504,0.1617867350578308,0.0840984582901001
10696.png,Screens,1,iPhone,2,1681,0.6494801044464111,0.6822803616523743,0.6442047953605652,0.42045828700065613,0.6781520843505859,-0.032800257205963135,0.005275309085845947,0.229021817445755,-0.028671979904174805
10712.png,Screens,1,iPhone,3,1574,0.8175364136695862,0.71114581823349,0.8325071930885315,0.5983230471611023,0.7186064124107361,0.10639059543609619,-0.014970779418945312,0.2192133665084839,0.0989300012588501
10728.png,Screens,1,iPhone,1,2872,0.8980779647827148,0.7682505249977112,0.8878393173217773,0.5140703320503235,0.7766169309616089,0.12982743978500366,0.0102386474609375,0.38400763273239136,0.12146103382110596
10881.png,Screens,1,Samsung,0,1962,0.6753233075141907,0.5627900958061218,0.7014731168746948,0.4044836163520813,0.5548694729804993,0.11253321170806885,-0.02614980936050415,0.2708396911621094,0.1204538345336914
10889.png,Screens,1,Samsung,3,1911,0.7731009125709534,0.654007613658905,0.8126954436302185,0.5892387628555298,0.6254444122314453,0.11909329891204834,-0.03959453105926514,0.18386214971542358,0.14765650033950806
10954.png,Screens,1,Samsung,3,1963,0.7203839421272278,0.6338002681732178,0.7530796527862549,0.38308441638946533,0.6284347772598267,0.08658367395401001,-0.0326957106590271,0.33729952573776245,0.09194916486740112
10960.png,Screens,1,Samsung,0,2163,0.6804783344268799,0.497110515832901,0.7838532328605652,0.19717900454998016,0.52277672290802,0.18336781859397888,-0.1033748984336853,0.4832993298768997,0.15770161151885986
10970.png,Screens,1,Samsung,2,2090,0.6789147257804871,0.665176510810852,0.7080517411231995,0.3019019067287445,0.653866171836853,0.01373821496963501,-0.029137015342712402,0.37701281905174255,0.025048553943634033
10972.png,Screens,1,Samsung,1,1886,0.7889955043792725,0.7097475528717041,0.8062484860420227,0.5736091136932373,0.7089834213256836,0.07924795150756836,-0.017252981662750244,0.21538639068603516,0.08001208305358887
10992.png,Screens,1,Samsung,2,1859,0.6727356314659119,0.6605817079544067,0.7109723687171936,0.5550800561904907,0.6150516867637634,0.012153923511505127,-0.03823673725128174,0.11765557527542114,0.05768394470214844
11040.png,Screens,1,Samsung,1,2462,0.7326353192329407,0.6718809604644775,0.7319467067718506,0.39721110463142395,0.6161013245582581,0.060754358768463135,0.0006886124610900879,0.3354242146015167,0.11653399467468262
11099.png,Screens,1,iPhone,2,4142,0.9773616790771484,0.8776893615722656,0.9751216173171997,0.6154706478118896,0.7751001715660095,0.09967231750488281,0.0022400617599487305,0.3618910312652588,0.20226150751113892
11117.png,Screens,1,iPhone,1,4284,0.9478635787963867,0.879631757736206,0.9455379843711853,0.6930367946624756,0.8584269285202026,0.06823182106018066,0.002325594425201416,0.25482678413391113,0.08943665027618408
11130.png,Screens,1,iPhone,0,3480,0.9936469197273254,0.9418623447418213,0.9925181865692139,0.5115408897399902,0.9405022859573364,0.05178457498550415,0.0011287331581115723,0.4821060299873352,0.053144633769989014
