file,cls,label,phone,fold,score,score_top9,score_max,split
00962.png,Bonafide,0,iPhone,2,0.1603715717792511,0.5081479549407959,0.8907376527786255,"ship: train on all 1023, in-sample check on dev"
00998.png,Bonafide,0,iPhone,0,0.18772736191749573,0.5296410322189331,0.7190892696380615,"ship: train on all 1023, in-sample check on dev"
08794.png,Bonafide,0,iPhone,3,0.0828230082988739,0.29697370529174805,0.7896336317062378,"ship: train on all 1023, in-sample check on dev"
10673.png,Bonafide,0,iPhone,0,0.09922081232070923,0.29207539558410645,0.5332581996917725,"ship: train on all 1023, in-sample check on dev"
10684.png,Bonafide,0,iPhone,1,0.19407731294631958,0.5819422006607056,0.9581395983695984,"ship: train on all 1023, in-sample check on dev"
10696.png,Bonafide,0,iPhone,2,0.22128143906593323,0.6016377806663513,0.8865095376968384,"ship: train on all 1023, in-sample check on dev"
10712.png,Bonafide,0,iPhone,3,0.13820868730545044,0.3613608181476593,0.5541039109230042,"ship: train on all 1023, in-sample check on dev"
10728.png,Bonafide,0,iPhone,1,0.07629107683897018,0.2512706220149994,0.8762434720993042,"ship: train on all 1023, in-sample check on dev"
10881.png,Bonafide,0,Samsung,0,0.2268741875886917,0.5158236622810364,0.8163226842880249,"ship: train on all 1023, in-sample check on dev"
10889.png,Bonafide,0,Samsung,3,0.09994006156921387,0.31661921739578247,0.6130592226982117,"ship: train on all 1023, in-sample check on dev"
10954.png,Bonafide,0,Samsung,3,0.1833478808403015,0.5053989887237549,0.7067654728889465,"ship: train on all 1023, in-sample check on dev"
10960.png,Bonafide,0,Samsung,0,0.1688149869441986,0.4893634021282196,0.5732050538063049,"ship: train on all 1023, in-sample check on dev"
10970.png,Bonafide,0,Samsung,2,0.26697108149528503,0.6337997913360596,0.8786054849624634,"ship: train on all 1023, in-sample check on dev"
10972.png,Bonafide,0,Samsung,1,0.5441073775291443,0.880517840385437,0.9792245030403137,"ship: train on all 1023, in-sample check on dev"
10992.png,Bonafide,0,Samsung,2,0.43588685989379883,0.7800137996673584,0.9824241995811462,"ship: train on all 1023, in-sample check on dev"
11040.png,Bonafide,0,Samsung,1,0.3540456295013428,0.6995800137519836,0.8129543662071228,"ship: train on all 1023, in-sample check on dev"
11099.png,Bonafide,0,iPhone,2,0.11531911790370941,0.3485097289085388,0.6409205794334412,"ship: train on all 1023, in-sample check on dev"
11117.png,Bonafide,0,iPhone,1,0.3265174627304077,0.7437030076980591,0.8810166716575623,"ship: train on all 1023, in-sample check on dev"
11130.png,Bonafide,0,iPhone,0,0.15423671901226044,0.4883521497249603,0.8712425231933594,"ship: train on all 1023, in-sample check on dev"
11154.png,Bonafide,0,none,0,0.11405648291110992,0.3834708631038666,0.5933523178100586,"ship: train on all 1023, in-sample check on dev"
11166.png,Bonafide,0,none,2,0.01960156485438347,0.0633736103773117,0.1661381870508194,"ship: train on all 1023, in-sample check on dev"
11193.png,Bonafide,0,none,2,0.13281553983688354,0.35991403460502625,0.7042025327682495,"ship: train on all 1023, in-sample check on dev"
11196.png,Bonafide,0,none,0,0.16854433715343475,0.4786885678768158,0.8740166425704956,"ship: train on all 1023, in-sample check on dev"
11233.png,Bonafide,0,none,0,0.1712149977684021,0.4597882032394409,0.6404688954353333,"ship: train on all 1023, in-sample check on dev"
11237.png,Bonafide,0,none,0,0.12326496094465256,0.43907082080841064,0.8805296421051025,"ship: train on all 1023, in-sample check on dev"
11308.png,Bonafide,0,none,0,0.2363261580467224,0.6003568768501282,0.8937139511108398,"ship: train on all 1023, in-sample check on dev"
11311.png,Bonafide,0,none,3,0.16737641394138336,0.4321562349796295,0.5081114172935486,"ship: train on all 1023, in-sample check on dev"
11312.png,Bonafide,0,none,1,0.15163199603557587,0.39880263805389404,0.922398030757904,"ship: train on all 1023, in-sample check on dev"
11322.png,Bonafide,0,none,3,0.1101321205496788,0.3651565909385681,0.5467104911804199,"ship: train on all 1023, in-sample check on dev"
11326.png,Bonafide,0,none,0,0.10251998901367188,0.33982959389686584,0.5967162847518921,"ship: train on all 1023, in-sample check on dev"
11358.png,Bonafide,0,none,0,0.07586027681827545,0.2535393536090851,0.7336652278900146,"ship: train on all 1023, in-sample check on dev"
11359.png,Bonafide,0,none,1,0.05008383095264435,0.16425678133964539,0.4013666808605194,"ship: train on all 1023, in-sample check on dev"
11373.png,Bonafide,0,none,3,0.2528954744338989,0.7873104810714722,0.9659572839736938,"ship: train on all 1023, in-sample check on dev"
11413.png,Bonafide,0,none,1,0.16490903496742249,0.46114444732666016,0.6700405478477478,"ship: train on all 1023, in-sample check on dev"
11443.png,Bonafide,0,none,2,0.2329418659210205,0.5572106242179871,0.694254994392395,"ship: train on all 1023, in-sample check on dev"
11463.png,Bonafide,0,none,0,0.1942337453365326,0.5405166149139404,0.8085131049156189,"ship: train on all 1023, in-sample check on dev"
11483.png,Bonafide,0,none,0,0.07890015840530396,0.24543063342571259,0.6797672510147095,"ship: train on all 1023, in-sample check on dev"
11507.png,Bonafide,0,none,0,0.29434826970100403,0.6953474879264832,0.8122625946998596,"ship: train on all 1023, in-sample check on dev"
11513.png,Bonafide,0,none,2,0.16064013540744781,0.49087196588516235,0.9447104930877686,"ship: train on all 1023, in-sample check on dev"
11519.png,Bonafide,0,none,2,0.08556409925222397,0.3065738379955292,0.6543602347373962,"ship: train on all 1023, in-sample check on dev"
11541.png,Bonafide,0,none,3,0.1102423146367073,0.35049691796302795,0.8888660073280334,"ship: train on all 1023, in-sample check on dev"
11567.png,Bonafide,0,none,2,0.07191353291273117,0.26020097732543945,0.6758936643600464,"ship: train on all 1023, in-sample check on dev"
11634.png,Bonafide,0,none,1,0.15660662949085236,0.547860860824585,0.8286364078521729,"ship: train on all 1023, in-sample check on dev"
11644.png,Bonafide,0,none,3,0.361055850982666,0.7697502374649048,0.8223613500595093,"ship: train on all 1023, in-sample check on dev"
11728.png,Bonafide,0,none,1,0.2112082988023758,0.5785801410675049,0.9477856159210205,"ship: train on all 1023, in-sample check on dev"
11786.png,Bonafide,0,none,3,0.43347659707069397,0.7418130040168762,0.8502980470657349,"ship: train on all 1023, in-sample check on dev"
11807.png,Bonafide,0,none,0,0.3291573226451874,0.7859715223312378,0.9124585390090942,"ship: train on all 1023, in-sample check on dev"
11810.png,Bonafide,0,none,1,0.298870325088501,0.7549092769622803,0.9841779470443726,"ship: train on all 1023, in-sample check on dev"
11838.png,Bonafide,0,none,2,0.07884526252746582,0.2787516415119171,0.7024286389350891,"ship: train on all 1023, in-sample check on dev"
11886.png,Bonafide,0,none,0,0.12387989461421967,0.40786030888557434,0.8337379097938538,"ship: train on all 1023, in-sample check on dev"
11953.png,Bonafide,0,none,0,0.1699734479188919,0.49276697635650635,0.7405356168746948,"ship: train on all 1023, in-sample check on dev"
11981.png,Bonafide,0,none,0,0.06600376963615417,0.24600714445114136,0.6194453835487366,"ship: train on all 1023, in-sample check on dev"
11999.png,Bonafide,0,none,3,0.6468256115913391,0.9160932898521423,0.9879492521286011,"ship: train on all 1023, in-sample check on dev"
12009.png,Bonafide,0,none,2,0.05646359920501709,0.2031325250864029,0.5711705088615417,"ship: train on all 1023, in-sample check on dev"
12022.png,Bonafide,0,none,0,0.20769451558589935,0.6165859699249268,0.8485543727874756,"ship: train on all 1023, in-sample check on dev"
12024.png,Bonafide,0,none,1,0.02773931249976158,0.08831726014614105,0.17788085341453552,"ship: train on all 1023, in-sample check on dev"
12030.png,Bonafide,0,none,2,0.09029720723628998,0.29290616512298584,0.7313089370727539,"ship: train on all 1023, in-sample check on dev"
12103.png,Bonafide,0,none,0,0.22545909881591797,0.5733816623687744,0.9259471297264099,"ship: train on all 1023, in-sample check on dev"
12122.png,Bonafide,0,none,1,0.07567974925041199,0.21231859922409058,0.4284793734550476,"ship: train on all 1023, in-sample check on dev"
12163.png,Bonafide,0,none,2,0.13660773634910583,0.39847877621650696,0.7296250462532043,"ship: train on all 1023, in-sample check on dev"
12174.png,Bonafide,0,none,1,0.09150398522615433,0.30466076731681824,0.4994046092033386,"ship: train on all 1023, in-sample check on dev"
12188.png,Bonafide,0,none,2,0.23161374032497406,0.5720994472503662,0.9061335921287537,"ship: train on all 1023, in-sample check on dev"
12189.png,Bonafide,0,none,2,0.0755319818854332,0.26037582755088806,0.7232018709182739,"ship: train on all 1023, in-sample check on dev"
12207.png,Bonafide,0,none,0,0.1745704710483551,0.5428708791732788,0.7676663398742676,"ship: train on all 1023, in-sample check on dev"
12214.png,Bonafide,0,none,1,0.3523141145706177,0.7634127140045166,0.8761339783668518,"ship: train on all 1023, in-sample check on dev"
12249.png,Bonafide,0,none,0,0.10729451477527618,0.3399921655654907,0.7371151447296143,"ship: train on all 1023, in-sample check on dev"
12320.png,Bonafide,0,none,2,0.40394479036331177,0.7411660552024841,0.9193324446678162,"ship: train on all 1023, in-sample check on dev"
12332.png,Bonafide,0,none,3,0.16843169927597046,0.5191686153411865,0.8220692873001099,"ship: train on all 1023, in-sample check on dev"
12357.png,Bonafide,0,none,3,0.07447351515293121,0.2499004453420639,0.5620291829109192,"ship: train on all 1023, in-sample check on dev"
12368.png,Bonafide,0,none,0,0.19071029126644135,0.49454763531684875,0.6752201914787292,"ship: train on all 1023, in-sample check on dev"
12383.png,Bonafide,0,none,2,0.29269635677337646,0.5981594324111938,0.8290743827819824,"ship: train on all 1023, in-sample check on dev"
12385.png,Bonafide,0,none,1,0.12866812944412231,0.3196958303451538,0.5178918838500977,"ship: train on all 1023, in-sample check on dev"
12412.png,Bonafide,0,none,3,0.009548317641019821,0.036107201129198074,0.1460195630788803,"ship: train on all 1023, in-sample check on dev"
12444.png,Bonafide,0,none,1,0.14707225561141968,0.5065222978591919,0.9615495204925537,"ship: train on all 1023, in-sample check on dev"
12461.png,Bonafide,0,none,3,0.13358303904533386,0.44811227917671204,0.74776291847229,"ship: train on all 1023, in-sample check on dev"
12465.png,Bonafide,0,none,1,0.5079579949378967,0.9097453355789185,0.9951737523078918,"ship: train on all 1023, in-sample check on dev"
12471.png,Bonafide,0,none,2,0.10879354923963547,0.3704442083835602,0.5480165481567383,"ship: train on all 1023, in-sample check on dev"
12481.png,Bonafide,0,none,3,0.007165275514125824,0.02493930235505104,0.07006847113370895,"ship: train on all 1023, in-sample check on dev"
12482.png,Bonafide,0,none,2,0.26608818769454956,0.6293953061103821,0.8660165667533875,"ship: train on all 1023, in-sample check on dev"
12533.png,Bonafide,0,none,0,0.1619015336036682,0.397161602973938,0.7116789221763611,"ship: train on all 1023, in-sample check on dev"
12562.png,Bonafide,0,none,1,0.11317547410726547,0.349980890750885,0.7111964821815491,"ship: train on all 1023, in-sample check on dev"
12605.png,Bonafide,0,none,1,0.09224408119916916,0.31793874502182007,0.7806769609451294,"ship: train on all 1023, in-sample check on dev"
12702.png,Bonafide,0,none,1,0.4695350229740143,0.8253135085105896,0.9097474217414856,"ship: train on all 1023, in-sample check on dev"
12705.png,Bonafide,0,none,2,0.6813219785690308,0.8904919028282166,0.9587231278419495,"ship: train on all 1023, in-sample check on dev"
12714.png,Bonafide,0,none,0,0.14360645413398743,0.4319855868816376,0.8942215442657471,"ship: train on all 1023, in-sample check on dev"
12735.png,Bonafide,0,none,0,0.15341997146606445,0.4712468385696411,0.6544430255889893,"ship: train on all 1023, in-sample check on dev"
12770.png,Bonafide,0,none,2,0.17366479337215424,0.46390077471733093,0.7555932998657227,"ship: train on all 1023, in-sample check on dev"
12818.png,Bonafide,0,none,3,0.29803720116615295,0.7372488379478455,0.9873819947242737,"ship: train on all 1023, in-sample check on dev"
12871.png,Bonafide,0,none,3,0.31154829263687134,0.6128417253494263,0.8595972061157227,"ship: train on all 1023, in-sample check on dev"
12872.png,Bonafide,0,none,1,0.07921521365642548,0.2407950758934021,0.4271911680698395,"ship: train on all 1023, in-sample check on dev"
12880.png,Bonafide,0,none,2,0.20503129065036774,0.6135275363922119,0.9179679751396179,"ship: train on all 1023, in-sample check on dev"
12979.png,Bonafide,0,none,3,0.09665169566869736,0.3548358678817749,0.8752742409706116,"ship: train on all 1023, in-sample check on dev"
12994.png,Bonafide,0,none,0,0.11572347581386566,0.36708661913871765,0.8447977900505066,"ship: train on all 1023, in-sample check on dev"
12998.png,Bonafide,0,none,1,0.14685113728046417,0.37864258885383606,0.8644903302192688,"ship: train on all 1023, in-sample check on dev"
13013.png,Bonafide,0,none,3,0.27148473262786865,0.7220633029937744,0.8877069354057312,"ship: train on all 1023, in-sample check on dev"
13037.png,Bonafide,0,none,2,0.20176655054092407,0.5652639269828796,0.8934151530265808,"ship: train on all 1023, in-sample check on dev"
13045.png,Bonafide,0,none,2,0.3159816563129425,0.6246158480644226,0.7022433280944824,"ship: train on all 1023, in-sample check on dev"
13079.png,Bonafide,0,none,0,0.25039538741111755,0.6080084443092346,0.8631032705307007,"ship: train on all 1023, in-sample check on dev"
13152.png,Bonafide,0,none,1,0.23713275790214539,0.7278830409049988,0.8771570324897766,"ship: train on all 1023, in-sample check on dev"
13157.png,Bonafide,0,none,1,0.04625935107469559,0.12820890545845032,0.26893097162246704,"ship: train on all 1023, in-sample check on dev"
13247.png,Bonafide,0,none,1,0.1671023964881897,0.4920390546321869,0.8785159587860107,"ship: train on all 1023, in-sample check on dev"
13257.png,Bonafide,0,none,0,0.09340253472328186,0.31995782256126404,0.5921809673309326,"ship: train on all 1023, in-sample check on dev"
13328.png,Bonafide,0,none,3,0.19727008044719696,0.542056143283844,0.9039449095726013,"ship: train on all 1023, in-sample check on dev"
13344.png,Bonafide,0,none,1,0.17428117990493774,0.49986159801483154,0.8375998139381409,"ship: train on all 1023, in-sample check on dev"
13345.png,Bonafide,0,none,1,0.02165842242538929,0.0806179940700531,0.3435196578502655,"ship: train on all 1023, in-sample check on dev"
13355.png,Bonafide,0,none,0,0.10011640191078186,0.3344798982143402,0.6277339458465576,"ship: train on all 1023, in-sample check on dev"
13357.png,Bonafide,0,none,1,0.20559494197368622,0.6506845355033875,0.9381891489028931,"ship: train on all 1023, in-sample check on dev"
13363.png,Bonafide,0,none,1,0.11074366420507431,0.3498934209346771,0.6878050565719604,"ship: train on all 1023, in-sample check on dev"
13382.png,Bonafide,0,none,2,0.09761375933885574,0.29834088683128357,0.570586621761322,"ship: train on all 1023, in-sample check on dev"
13386.png,Bonafide,0,none,1,0.04623859375715256,0.15038228034973145,0.42645254731178284,"ship: train on all 1023, in-sample check on dev"
13388.png,Bonafide,0,none,0,0.46627411246299744,0.79619961977005,0.9374899864196777,"ship: train on all 1023, in-sample check on dev"
13396.png,Bonafide,0,none,0,0.12789934873580933,0.4447961449623108,0.7674688100814819,"ship: train on all 1023, in-sample check on dev"
13410.png,Bonafide,0,none,2,0.21967586874961853,0.6735981702804565,0.9570709466934204,"ship: train on all 1023, in-sample check on dev"
13414.png,Bonafide,0,none,0,0.10135211795568466,0.31617599725723267,0.686635434627533,"ship: train on all 1023, in-sample check on dev"
13461.png,Bonafide,0,none,1,0.11636698246002197,0.4047171175479889,0.5733471512794495,"ship: train on all 1023, in-sample check on dev"
13478.png,Bonafide,0,none,3,0.3206317722797394,0.7146502733230591,0.8427055478096008,"ship: train on all 1023, in-sample check on dev"
13497.png,Bonafide,0,none,2,0.2582889795303345,0.6873030662536621,0.915675938129425,"ship: train on all 1023, in-sample check on dev"
13502.png,Bonafide,0,none,3,0.25267428159713745,0.6128044724464417,0.95115727186203,"ship: train on all 1023, in-sample check on dev"
13530.png,Bonafide,0,none,1,0.3296099901199341,0.8441947102546692,0.9239301681518555,"ship: train on all 1023, in-sample check on dev"
13562.png,Bonafide,0,none,2,0.21403177082538605,0.5599638819694519,0.6847553253173828,"ship: train on all 1023, in-sample check on dev"
13568.png,Bonafide,0,none,3,0.0327652245759964,0.1114453598856926,0.24150504171848297,"ship: train on all 1023, in-sample check on dev"
13582.png,Bonafide,0,none,0,0.13356952369213104,0.3557894825935364,0.658668041229248,"ship: train on all 1023, in-sample check on dev"
13583.png,Bonafide,0,none,3,0.20299094915390015,0.532027006149292,0.6431708931922913,"ship: train on all 1023, in-sample check on dev"
13597.png,Bonafide,0,none,3,0.4661359190940857,0.8953993320465088,0.9567191004753113,"ship: train on all 1023, in-sample check on dev"
13610.png,Bonafide,0,none,1,0.4685998558998108,0.8117242455482483,0.9225319623947144,"ship: train on all 1023, in-sample check on dev"
13620.png,Bonafide,0,none,1,0.22601085901260376,0.6624630093574524,0.9109976887702942,"ship: train on all 1023, in-sample check on dev"
13638.png,Bonafide,0,none,2,0.271125465631485,0.6711599826812744,0.9602489471435547,"ship: train on all 1023, in-sample check on dev"
13695.png,Bonafide,0,none,1,0.1586131602525711,0.43303945660591125,0.5814096331596375,"ship: train on all 1023, in-sample check on dev"
13715.png,Bonafide,0,none,0,0.05234992504119873,0.19139911234378815,0.39238640666007996,"ship: train on all 1023, in-sample check on dev"
13719.png,Bonafide,0,none,3,0.03617572411894798,0.14226335287094116,0.5267518758773804,"ship: train on all 1023, in-sample check on dev"
13753.png,Bonafide,0,none,1,0.09866075217723846,0.30529409646987915,0.5277072191238403,"ship: train on all 1023, in-sample check on dev"
13777.png,Bonafide,0,none,2,0.14661355316638947,0.49681228399276733,0.9547444581985474,"ship: train on all 1023, in-sample check on dev"
13871.png,Bonafide,0,none,0,0.20632530748844147,0.6061977744102478,0.8774147629737854,"ship: train on all 1023, in-sample check on dev"
13890.png,Bonafide,0,none,0,0.2532614469528198,0.6205532550811768,0.8226858377456665,"ship: train on all 1023, in-sample check on dev"
13925.png,Bonafide,0,none,2,0.026235753670334816,0.09493490308523178,0.3979264795780182,"ship: train on all 1023, in-sample check on dev"
13993.png,Bonafide,0,none,0,0.139273539185524,0.4918622374534607,0.8715090155601501,"ship: train on all 1023, in-sample check on dev"
13999.png,Bonafide,0,none,3,0.15987546741962433,0.41448891162872314,0.5102071166038513,"ship: train on all 1023, in-sample check on dev"
14019.png,Bonafide,0,none,0,0.2301035225391388,0.5126917362213135,0.7578120231628418,"ship: train on all 1023, in-sample check on dev"
14036.png,Bonafide,0,none,3,0.32273685932159424,0.6705358028411865,0.7519469857215881,"ship: train on all 1023, in-sample check on dev"
14055.png,Bonafide,0,none,2,0.08158420771360397,0.2729783058166504,0.7962390184402466,"ship: train on all 1023, in-sample check on dev"
14067.png,Bonafide,0,none,3,0.0969441831111908,0.32457950711250305,0.8964104652404785,"ship: train on all 1023, in-sample check on dev"
14083.png,Bonafide,0,none,0,0.18510574102401733,0.46301349997520447,0.7678126096725464,"ship: train on all 1023, in-sample check on dev"
14088.png,Bonafide,0,none,1,0.3864514231681824,0.7519885301589966,0.8588510751724243,"ship: train on all 1023, in-sample check on dev"
14164.png,Bonafide,0,none,3,0.1592101752758026,0.5345594882965088,0.936057984828949,"ship: train on all 1023, in-sample check on dev"
14215.png,Bonafide,0,none,2,0.1277851164340973,0.4464484453201294,0.8187234997749329,"ship: train on all 1023, in-sample check on dev"
14224.png,Bonafide,0,none,2,0.2332242876291275,0.6670100092887878,0.9593225717544556,"ship: train on all 1023, in-sample check on dev"
14261.png,Bonafide,0,none,0,0.13357560336589813,0.37447890639305115,0.6813459992408752,"ship: train on all 1023, in-sample check on dev"
14285.png,Bonafide,0,none,2,0.2209237962961197,0.6197508573532104,0.9992964267730713,"ship: train on all 1023, in-sample check on dev"
14392.png,Bonafide,0,none,2,0.07607699185609818,0.28589433431625366,0.6804124712944031,"ship: train on all 1023, in-sample check on dev"
14394.png,Bonafide,0,none,3,0.1619110405445099,0.4690842628479004,0.8929322361946106,"ship: train on all 1023, in-sample check on dev"
14397.png,Bonafide,0,none,0,0.1406903862953186,0.42565542459487915,0.9935863614082336,"ship: train on all 1023, in-sample check on dev"
14407.png,Bonafide,0,none,1,0.07005700469017029,0.20672550797462463,0.31352362036705017,"ship: train on all 1023, in-sample check on dev"
14413.png,Bonafide,0,none,0,0.1452144831418991,0.43032974004745483,0.8446515798568726,"ship: train on all 1023, in-sample check on dev"
14419.png,Bonafide,0,none,2,0.07906053215265274,0.2335178256034851,0.4179142415523529,"ship: train on all 1023, in-sample check on dev"
14511.png,Bonafide,0,none,0,0.2284449189901352,0.6369211673736572,0.9398986101150513,"ship: train on all 1023, in-sample check on dev"
14512.png,Bonafide,0,none,1,0.09939946979284286,0.29854997992515564,0.8325988054275513,"ship: train on all 1023, in-sample check on dev"
14515.png,Bonafide,0,none,2,0.290596067905426,0.671734631061554,0.9151261448860168,"ship: train on all 1023, in-sample check on dev"
14540.png,Bonafide,0,none,0,0.07392434030771255,0.266581267118454,0.7827708721160889,"ship: train on all 1023, in-sample check on dev"
14555.png,Bonafide,0,none,0,0.05837452411651611,0.21046023070812225,0.5519751310348511,"ship: train on all 1023, in-sample check on dev"
14593.png,Bonafide,0,none,2,0.14835292100906372,0.3925520181655884,0.6254703402519226,"ship: train on all 1023, in-sample check on dev"
14619.png,Bonafide,0,none,3,0.11619986593723297,0.4014509916305542,0.8641570806503296,"ship: train on all 1023, in-sample check on dev"
14663.png,Bonafide,0,none,1,0.1707688421010971,0.5768608450889587,0.7543001174926758,"ship: train on all 1023, in-sample check on dev"
14678.png,Bonafide,0,none,0,0.17828792333602905,0.42012637853622437,0.9144701957702637,"ship: train on all 1023, in-sample check on dev"
14686.png,Bonafide,0,none,0,0.17571748793125153,0.5582605004310608,0.9264757633209229,"ship: train on all 1023, in-sample check on dev"
14701.png,Bonafide,0,none,3,0.09164435416460037,0.32042956352233887,0.8335760235786438,"ship: train on all 1023, in-sample check on dev"
14708.png,Bonafide,0,none,1,0.1032281368970871,0.34410399198532104,0.6076100468635559,"ship: train on all 1023, in-sample check on dev"
14713.png,Bonafide,0,none,1,0.25086966156959534,0.6149286031723022,0.8246589303016663,"ship: train on all 1023, in-sample check on dev"
14723.png,Bonafide,0,none,1,0.06588617712259293,0.21067214012145996,0.4704257845878601,"ship: train on all 1023, in-sample check on dev"
14735.png,Bonafide,0,none,3,0.0943133756518364,0.31080880761146545,0.5606684684753418,"ship: train on all 1023, in-sample check on dev"
14742.png,Bonafide,0,none,0,0.08347570896148682,0.26320165395736694,0.7248333692550659,"ship: train on all 1023, in-sample check on dev"
14764.png,Bonafide,0,none,2,0.15580344200134277,0.5206159949302673,0.8395615220069885,"ship: train on all 1023, in-sample check on dev"
14784.png,Bonafide,0,none,3,0.2371111512184143,0.5984854698181152,0.7263091802597046,"ship: train on all 1023, in-sample check on dev"
14812.png,Bonafide,0,none,2,0.08970791101455688,0.2727094888687134,0.9580851197242737,"ship: train on all 1023, in-sample check on dev"
14862.png,Bonafide,0,none,0,0.26051849126815796,0.6339722871780396,0.8740886449813843,"ship: train on all 1023, in-sample check on dev"
14885.png,Bonafide,0,none,3,0.06977953761816025,0.23961244523525238,0.597450315952301,"ship: train on all 1023, in-sample check on dev"
14899.png,Bonafide,0,none,0,0.12866148352622986,0.3585139513015747,0.6991106271743774,"ship: train on all 1023, in-sample check on dev"
14909.png,Bonafide,0,none,2,0.25190338492393494,0.6344950795173645,0.8573353290557861,"ship: train on all 1023, in-sample check on dev"
14921.png,Bonafide,0,none,1,0.1261298954486847,0.41306859254837036,0.5900753140449524,"ship: train on all 1023, in-sample check on dev"
14930.png,Bonafide,0,none,0,0.21194761991500854,0.5084987282752991,0.7289931774139404,"ship: train on all 1023, in-sample check on dev"
14977.png,Bonafide,0,none,1,0.3344877064228058,0.6980363726615906,0.827818751335144,"ship: train on all 1023, in-sample check on dev"
15038.png,Bonafide,0,none,1,0.21760660409927368,0.5496837496757507,0.8050622940063477,"ship: train on all 1023, in-sample check on dev"
15121.png,Bonafide,0,none,1,0.010452073067426682,0.03491596505045891,0.07380307465791702,"ship: train on all 1023, in-sample check on dev"
15132.png,Bonafide,0,none,1,0.19558162987232208,0.5918118953704834,0.7705689668655396,"ship: train on all 1023, in-sample check on dev"
15139.png,Bonafide,0,none,1,0.29783761501312256,0.7062831521034241,0.9209108352661133,"ship: train on all 1023, in-sample check on dev"
15140.png,Bonafide,0,none,1,0.34175485372543335,0.8174680471420288,0.9036791920661926,"ship: train on all 1023, in-sample check on dev"
15156.png,Bonafide,0,none,3,0.12240253388881683,0.39971065521240234,0.9180852174758911,"ship: train on all 1023, in-sample check on dev"
15170.png,Bonafide,0,none,2,0.24610644578933716,0.5555346012115479,0.745314359664917,"ship: train on all 1023, in-sample check on dev"
15174.png,Bonafide,0,none,2,0.12103291600942612,0.4058898687362671,0.8305758237838745,"ship: train on all 1023, in-sample check on dev"
15219.png,Bonafide,0,none,3,0.11309722810983658,0.3631242513656616,0.71446692943573,"ship: train on all 1023, in-sample check on dev"
15240.png,Bonafide,0,none,3,0.2476503849029541,0.7570740580558777,0.950875461101532,"ship: train on all 1023, in-sample check on dev"
15243.png,Bonafide,0,none,3,0.17167441546916962,0.522637128829956,0.7669960260391235,"ship: train on all 1023, in-sample check on dev"
15255.png,Bonafide,0,none,1,0.23856677114963531,0.6334877014160156,0.9773799777030945,"ship: train on all 1023, in-sample check on dev"
15286.png,Bonafide,0,none,0,0.3344234228134155,0.7800572514533997,0.9889688491821289,"ship: train on all 1023, in-sample check on dev"
15305.png,Bonafide,0,none,3,0.1777469664812088,0.5195068717002869,0.8115196228027344,"ship: train on all 1023, in-sample check on dev"
15326.png,Bonafide,0,none,3,0.03263770788908005,0.12296172976493835,0.827293336391449,"ship: train on all 1023, in-sample check on dev"
15370.png,Bonafide,0,none,0,0.18668495118618011,0.5906893610954285,0.8683292865753174,"ship: train on all 1023, in-sample check on dev"
15376.png,Bonafide,0,none,0,0.15977029502391815,0.4870647192001343,0.9554193615913391,"ship: train on all 1023, in-sample check on dev"
15386.png,Bonafide,0,none,2,0.05497719347476959,0.1662885546684265,0.37018805742263794,"ship: train on all 1023, in-sample check on dev"
15390.png,Bonafide,0,none,1,0.030507590621709824,0.09114783257246017,0.22126540541648865,"ship: train on all 1023, in-sample check on dev"
15407.png,Bonafide,0,none,1,0.3007882237434387,0.7740564346313477,0.9944124817848206,"ship: train on all 1023, in-sample check on dev"
15421.png,Bonafide,0,none,0,0.18067322671413422,0.5342466831207275,0.8339592814445496,"ship: train on all 1023, in-sample check on dev"
15470.png,Bonafide,0,none,3,0.1404036432504654,0.4143887162208557,0.7033742070198059,"ship: train on all 1023, in-sample check on dev"
15554.png,Bonafide,0,none,0,0.08544698357582092,0.2283186912536621,0.3912716805934906,"ship: train on all 1023, in-sample check on dev"
15581.png,Bonafide,0,none,0,0.17012184858322144,0.5780768394470215,0.8794180750846863,"ship: train on all 1023, in-sample check on dev"
15609.png,Bonafide,0,none,1,0.08353709429502487,0.2913162112236023,0.7003993988037109,"ship: train on all 1023, in-sample check on dev"
15636.png,Bonafide,0,none,3,0.028295794501900673,0.09754249453544617,0.37331491708755493,"ship: train on all 1023, in-sample check on dev"
15637.png,Bonafide,0,none,3,0.4512265622615814,0.7728530168533325,0.9302197098731995,"ship: train on all 1023, in-sample check on dev"
15699.png,Bonafide,0,none,2,0.11652367562055588,0.336872398853302,0.7021356225013733,"ship: train on all 1023, in-sample check on dev"
15722.png,Bonafide,0,none,3,0.3315267264842987,0.7808080315589905,0.9213411211967468,"ship: train on all 1023, in-sample check on dev"
15773.png,Bonafide,0,none,3,0.09382039308547974,0.3456348180770874,0.8972916007041931,"ship: train on all 1023, in-sample check on dev"
15841.png,Bonafide,0,none,0,0.1870930790901184,0.5256226062774658,0.6909821629524231,"ship: train on all 1023, in-sample check on dev"
15843.png,Bonafide,0,none,2,0.2978247404098511,0.6765143871307373,0.8059365153312683,"ship: train on all 1023, in-sample check on dev"
15860.png,Bonafide,0,none,2,0.17964419722557068,0.4433118999004364,0.5242796540260315,"ship: train on all 1023, in-sample check on dev"
15883.png,Bonafide,0,none,1,0.15768776834011078,0.5196210741996765,0.977449357509613,"ship: train on all 1023, in-sample check on dev"
15915.png,Bonafide,0,none,3,0.32599329948425293,0.7072856426239014,0.8849136829376221,"ship: train on all 1023, in-sample check on dev"
15947.png,Bonafide,0,none,2,0.1487550139427185,0.4359520971775055,0.8923537731170654,"ship: train on all 1023, in-sample check on dev"
15965.png,Bonafide,0,none,2,0.11312419921159744,0.3530942499637604,0.809186577796936,"ship: train on all 1023, in-sample check on dev"
15983.png,Bonafide,0,none,2,0.1536482870578766,0.44896915555000305,0.7866745591163635,"ship: train on all 1023, in-sample check on dev"
16038.png,Bonafide,0,none,0,0.10237842053174973,0.31641411781311035,0.8464754223823547,"ship: train on all 1023, in-sample check on dev"
16049.png,Bonafide,0,none,2,0.051422957330942154,0.16301469504833221,0.37025758624076843,"ship: train on all 1023, in-sample check on dev"
16068.png,Bonafide,0,none,2,0.05919796973466873,0.17682026326656342,0.30054792761802673,"ship: train on all 1023, in-sample check on dev"
16079.png,Bonafide,0,none,3,0.24984915554523468,0.6097798943519592,0.7517139911651611,"ship: train on all 1023, in-sample check on dev"
16102.png,Bonafide,0,none,2,0.15738599002361298,0.4949381649494171,0.9272273182868958,"ship: train on all 1023, in-sample check on dev"
16132.png,Bonafide,0,none,0,0.028924670070409775,0.11133576929569244,0.4982318580150604,"ship: train on all 1023, in-sample check on dev"
16170.png,Bonafide,0,none,3,0.06623005867004395,0.2295859158039093,0.2797239124774933,"ship: train on all 1023, in-sample check on dev"
16193.png,Bonafide,0,none,2,0.22332634031772614,0.5394418835639954,0.6960421204566956,"ship: train on all 1023, in-sample check on dev"
16220.png,Bonafide,0,none,2,0.14924120903015137,0.38063696026802063,0.980867326259613,"ship: train on all 1023, in-sample check on dev"
16223.png,Bonafide,0,none,3,0.03817049041390419,0.13680365681648254,0.6033050417900085,"ship: train on all 1023, in-sample check on dev"
16229.png,Bonafide,0,none,0,0.12619319558143616,0.4044637680053711,0.8278416395187378,"ship: train on all 1023, in-sample check on dev"
16241.png,Bonafide,0,none,3,0.09810417890548706,0.3432273864746094,0.9690227508544922,"ship: train on all 1023, in-sample check on dev"
16243.png,Bonafide,0,none,0,0.20866136252880096,0.6488021016120911,0.8513807058334351,"ship: train on all 1023, in-sample check on dev"
16259.png,Bonafide,0,none,3,0.05060972273349762,0.1704641580581665,0.4595392644405365,"ship: train on all 1023, in-sample check on dev"
16260.png,Bonafide,0,none,3,0.3075070381164551,0.6649141311645508,0.9035003781318665,"ship: train on all 1023, in-sample check on dev"
16311.png,Bonafide,0,none,0,0.09987638145685196,0.3342650234699249,0.8900362849235535,"ship: train on all 1023, in-sample check on dev"
16321.png,Bonafide,0,none,1,0.06230320408940315,0.2249092310667038,0.7353389263153076,"ship: train on all 1023, in-sample check on dev"
16367.png,Bonafide,0,none,0,0.214037224650383,0.6285626292228699,0.8735616207122803,"ship: train on all 1023, in-sample check on dev"
16402.png,Bonafide,0,none,0,0.20774194598197937,0.533619225025177,0.8192561864852905,"ship: train on all 1023, in-sample check on dev"
16405.png,Bonafide,0,none,0,0.2706261873245239,0.5979529619216919,0.7807663679122925,"ship: train on all 1023, in-sample check on dev"
16412.png,Bonafide,0,none,3,0.17023921012878418,0.4647919833660126,0.8077569007873535,"ship: train on all 1023, in-sample check on dev"
16469.png,Bonafide,0,none,2,0.13183194398880005,0.36774754524230957,0.6730673313140869,"ship: train on all 1023, in-sample check on dev"
16529.png,Bonafide,0,none,2,0.25660526752471924,0.6147127151489258,0.7737718820571899,"ship: train on all 1023, in-sample check on dev"
16535.png,Bonafide,0,none,2,0.14230360090732574,0.42270585894584656,0.6387709379196167,"ship: train on all 1023, in-sample check on dev"
16557.png,Bonafide,0,none,2,0.3133813142776489,0.7576672434806824,0.9348268508911133,"ship: train on all 1023, in-sample check on dev"
16581.png,Bonafide,0,none,1,0.11363674700260162,0.43140360713005066,0.960475742816925,"ship: train on all 1023, in-sample check on dev"
16582.png,Bonafide,0,none,3,0.2541303038597107,0.5985045433044434,0.8811699748039246,"ship: train on all 1023, in-sample check on dev"
16583.png,Bonafide,0,none,3,0.15006673336029053,0.4768403470516205,0.7822366952896118,"ship: train on all 1023, in-sample check on dev"
16599.png,Bonafide,0,none,2,0.03145859017968178,0.09730760008096695,0.22943414747714996,"ship: train on all 1023, in-sample check on dev"
16600.png,Bonafide,0,none,3,0.18779003620147705,0.5427324771881104,0.86662757396698,"ship: train on all 1023, in-sample check on dev"
16603.png,Bonafide,0,none,0,0.2656935155391693,0.6632330417633057,0.8832577466964722,"ship: train on all 1023, in-sample check on dev"
16639.png,Bonafide,0,none,2,0.026706084609031677,0.09776391088962555,0.49228256940841675,"ship: train on all 1023, in-sample check on dev"
16670.png,Bonafide,0,none,3,0.46113961935043335,0.7838990688323975,0.9509695768356323,"ship: train on all 1023, in-sample check on dev"
16704.png,Bonafide,0,none,3,0.0526806078851223,0.18882791697978973,0.7611353397369385,"ship: train on all 1023, in-sample check on dev"
16710.png,Bonafide,0,none,3,0.25936394929885864,0.6867685317993164,0.8852750658988953,"ship: train on all 1023, in-sample check on dev"
16780.png,Bonafide,0,none,1,0.09349145740270615,0.30797839164733887,0.6163728833198547,"ship: train on all 1023, in-sample check on dev"
16813.png,Bonafide,0,none,1,0.3114979565143585,0.6329969763755798,0.8282161355018616,"ship: train on all 1023, in-sample check on dev"
16843.png,Bonafide,0,none,1,0.15660329163074493,0.4350361227989197,0.7452929615974426,"ship: train on all 1023, in-sample check on dev"
16850.png,Bonafide,0,none,3,0.10582642257213593,0.3416290581226349,0.5747749209403992,"ship: train on all 1023, in-sample check on dev"
16861.png,Bonafide,0,none,2,0.13961052894592285,0.5127159953117371,0.6240565776824951,"ship: train on all 1023, in-sample check on dev"
16865.png,Bonafide,0,none,2,0.19281090795993805,0.5358043313026428,0.8340504765510559,"ship: train on all 1023, in-sample check on dev"
16873.png,Bonafide,0,none,2,0.23693585395812988,0.5663442015647888,0.8892770409584045,"ship: train on all 1023, in-sample check on dev"
16879.png,Bonafide,0,none,3,0.5228796005249023,0.8357035517692566,0.9172738790512085,"ship: train on all 1023, in-sample check on dev"
16909.png,Bonafide,0,none,2,0.16089874505996704,0.48277419805526733,0.8124474883079529,"ship: train on all 1023, in-sample check on dev"
16911.png,Bonafide,0,none,1,0.07855598628520966,0.2851088345050812,0.7746258974075317,"ship: train on all 1023, in-sample check on dev"
16924.png,Bonafide,0,none,1,0.1625857949256897,0.49580955505371094,0.7589958310127258,"ship: train on all 1023, in-sample check on dev"
16942.png,Bonafide,0,none,0,0.16881541907787323,0.4400695562362671,0.9777398705482483,"ship: train on all 1023, in-sample check on dev"
16986.png,Bonafide,0,none,1,0.043179407715797424,0.16815339028835297,0.8064755797386169,"ship: train on all 1023, in-sample check on dev"
17017.png,Bonafide,0,none,2,0.14891499280929565,0.4793684184551239,0.7903831005096436,"ship: train on all 1023, in-sample check on dev"
17053.png,Bonafide,0,none,2,0.03013395518064499,0.10667824000120163,0.400210976600647,"ship: train on all 1023, in-sample check on dev"
17055.png,Bonafide,0,none,3,0.1462932527065277,0.4584271013736725,0.8949154615402222,"ship: train on all 1023, in-sample check on dev"
17058.png,Bonafide,0,none,3,0.27696746587753296,0.7940657734870911,0.9654551148414612,"ship: train on all 1023, in-sample check on dev"
17088.png,Bonafide,0,none,2,0.0386057049036026,0.13825425505638123,0.42401793599128723,"ship: train on all 1023, in-sample check on dev"
17093.png,Bonafide,0,none,0,0.20548219978809357,0.6624648571014404,0.9600996971130371,"ship: train on all 1023, in-sample check on dev"
17105.png,Bonafide,0,none,0,0.07093856483697891,0.2401222586631775,0.5412431359291077,"ship: train on all 1023, in-sample check on dev"
17162.png,Bonafide,0,none,3,0.4444478452205658,0.7701705694198608,0.8816918134689331,"ship: train on all 1023, in-sample check on dev"
17164.png,Bonafide,0,none,2,0.20332765579223633,0.5638657808303833,0.8077096939086914,"ship: train on all 1023, in-sample check on dev"
17191.png,Bonafide,0,none,0,0.40596863627433777,0.830733060836792,0.938358724117279,"ship: train on all 1023, in-sample check on dev"
17227.png,Bonafide,0,none,1,0.09577641636133194,0.3408104479312897,0.6456522941589355,"ship: train on all 1023, in-sample check on dev"
17246.png,Bonafide,0,none,3,0.1022895872592926,0.31609705090522766,0.4998130202293396,"ship: train on all 1023, in-sample check on dev"
17275.png,Bonafide,0,none,3,0.19539940357208252,0.5683133602142334,0.7849945425987244,"ship: train on all 1023, in-sample check on dev"
17280.png,Bonafide,0,none,2,0.3066461980342865,0.6835144758224487,0.9036815166473389,"ship: train on all 1023, in-sample check on dev"
17336.png,Bonafide,0,none,2,0.21159936487674713,0.6114182472229004,0.8725551962852478,"ship: train on all 1023, in-sample check on dev"
17343.png,Bonafide,0,none,3,0.29109296202659607,0.7558088898658752,0.9290231466293335,"ship: train on all 1023, in-sample check on dev"
17356.png,Bonafide,0,none,2,0.0426640659570694,0.15722015500068665,0.6083943247795105,"ship: train on all 1023, in-sample check on dev"
17394.png,Bonafide,0,none,0,0.1286628544330597,0.36450710892677307,0.6576539874076843,"ship: train on all 1023, in-sample check on dev"
17406.png,Bonafide,0,none,0,0.23023122549057007,0.7849700450897217,0.9457613229751587,"ship: train on all 1023, in-sample check on dev"
17419.png,Bonafide,0,none,3,0.23959602415561676,0.5536563992500305,0.7991971373558044,"ship: train on all 1023, in-sample check on dev"
17429.png,Bonafide,0,none,3,0.15462827682495117,0.48431265354156494,0.8551530241966248,"ship: train on all 1023, in-sample check on dev"
17436.png,Bonafide,0,none,2,0.07377400249242783,0.25111204385757446,0.5679565668106079,"ship: train on all 1023, in-sample check on dev"
17441.png,Bonafide,0,none,3,0.1549260914325714,0.4322459399700165,0.9379180669784546,"ship: train on all 1023, in-sample check on dev"
17492.png,Bonafide,0,none,0,0.16314850747585297,0.49630144238471985,0.6552147269248962,"ship: train on all 1023, in-sample check on dev"
17496.png,Bonafide,0,none,3,0.3250567615032196,0.692395806312561,0.7681056261062622,"ship: train on all 1023, in-sample check on dev"
17621.png,Bonafide,0,none,3,0.12970145046710968,0.3609810471534729,0.5484226942062378,"ship: train on all 1023, in-sample check on dev"
17627.png,Bonafide,0,none,0,0.21279597282409668,0.6208403706550598,0.8604499101638794,"ship: train on all 1023, in-sample check on dev"
17644.png,Bonafide,0,none,2,0.0747821033000946,0.24868014454841614,0.49446752667427063,"ship: train on all 1023, in-sample check on dev"
17655.png,Bonafide,0,none,1,0.14091698825359344,0.4424859285354614,0.7776415348052979,"ship: train on all 1023, in-sample check on dev"
17714.png,Bonafide,0,none,3,0.07929589599370956,0.2918722629547119,0.7445968985557556,"ship: train on all 1023, in-sample check on dev"
17723.png,Bonafide,0,none,1,0.1950700879096985,0.5441730618476868,0.7410356402397156,"ship: train on all 1023, in-sample check on dev"
17757.png,Bonafide,0,none,3,0.15256667137145996,0.42689502239227295,0.6921728849411011,"ship: train on all 1023, in-sample check on dev"
17761.png,Bonafide,0,none,2,0.17694269120693207,0.5531471371650696,0.9656890034675598,"ship: train on all 1023, in-sample check on dev"
17794.png,Bonafide,0,none,3,0.22646158933639526,0.7647420763969421,0.9658022522926331,"ship: train on all 1023, in-sample check on dev"
17798.png,Bonafide,0,none,1,0.10839448124170303,0.39182770252227783,0.7434577941894531,"ship: train on all 1023, in-sample check on dev"
17801.png,Bonafide,0,none,3,0.1079302728176117,0.32581889629364014,0.6002307534217834,"ship: train on all 1023, in-sample check on dev"
17879.png,Bonafide,0,none,1,0.02804546244442463,0.07704667747020721,0.1963331550359726,"ship: train on all 1023, in-sample check on dev"
17894.png,Bonafide,0,none,3,0.023138239979743958,0.07564638555049896,0.20223692059516907,"ship: train on all 1023, in-sample check on dev"
17896.png,Bonafide,0,none,3,0.12266324460506439,0.379805326461792,0.7353398203849792,"ship: train on all 1023, in-sample check on dev"
17898.png,Bonafide,0,none,3,0.18582889437675476,0.5462656021118164,0.9222580194473267,"ship: train on all 1023, in-sample check on dev"
17905.png,Bonafide,0,none,0,0.10856498777866364,0.3637405335903168,0.8522000908851624,"ship: train on all 1023, in-sample check on dev"
17986.png,Bonafide,0,none,0,0.26362326741218567,0.6760284900665283,0.8148338198661804,"ship: train on all 1023, in-sample check on dev"
18016.png,Bonafide,0,none,3,0.16328389942646027,0.5531395077705383,0.708406925201416,"ship: train on all 1023, in-sample check on dev"
18033.png,Bonafide,0,none,2,0.36969542503356934,0.8448961973190308,0.9835599660873413,"ship: train on all 1023, in-sample check on dev"
18101.png,Bonafide,0,none,3,0.13051602244377136,0.3935111463069916,0.7769317030906677,"ship: train on all 1023, in-sample check on dev"
18115.png,Bonafide,0,none,0,0.10097566246986389,0.3342214822769165,0.7017945647239685,"ship: train on all 1023, in-sample check on dev"
18159.png,Bonafide,0,none,2,0.20345596969127655,0.6310845017433167,0.8150838017463684,"ship: train on all 1023, in-sample check on dev"
18181.png,Bonafide,0,none,1,0.1409929096698761,0.41847965121269226,0.7764968872070312,"ship: train on all 1023, in-sample check on dev"
18190.png,Bonafide,0,none,2,0.09583920985460281,0.29407352209091187,0.9452683329582214,"ship: train on all 1023, in-sample check on dev"
18214.png,Bonafide,0,none,3,0.2699397802352905,0.6114037036895752,0.7966790199279785,"ship: train on all 1023, in-sample check on dev"
18226.png,Bonafide,0,none,3,0.3728004992008209,0.7165735363960266,0.885506808757782,"ship: train on all 1023, in-sample check on dev"
18231.png,Bonafide,0,none,1,0.14609843492507935,0.5050662159919739,0.8907637596130371,"ship: train on all 1023, in-sample check on dev"
18258.png,Bonafide,0,none,1,0.2632615566253662,0.6427941918373108,0.9538297057151794,"ship: train on all 1023, in-sample check on dev"
18268.png,Bonafide,0,none,1,0.02362019196152687,0.07918422669172287,0.13984036445617676,"ship: train on all 1023, in-sample check on dev"
18270.png,Bonafide,0,none,3,0.07216200232505798,0.2601609230041504,0.5764874815940857,"ship: train on all 1023, in-sample check on dev"
18289.png,Bonafide,0,none,3,0.28021907806396484,0.7658288478851318,0.9966726303100586,"ship: train on all 1023, in-sample check on dev"
18298.png,Bonafide,0,none,1,0.10431192815303802,0.40180647373199463,0.9698671698570251,"ship: train on all 1023, in-sample check on dev"
18325.png,Bonafide,0,none,0,0.2732883095741272,0.6840354800224304,0.8761723637580872,"ship: train on all 1023, in-sample check on dev"
18345.png,Bonafide,0,none,3,0.18585559725761414,0.4093092679977417,0.8828916549682617,"ship: train on all 1023, in-sample check on dev"
18346.png,Bonafide,0,none,1,0.1713438630104065,0.5127800703048706,0.7418524622917175,"ship: train on all 1023, in-sample check on dev"
18357.png,Bonafide,0,none,3,0.09865462779998779,0.3095451593399048,0.42383575439453125,"ship: train on all 1023, in-sample check on dev"
18382.png,Bonafide,0,none,1,0.17846201360225677,0.43570002913475037,0.6718080043792725,"ship: train on all 1023, in-sample check on dev"
18390.png,Bonafide,0,none,3,0.1027882844209671,0.2906893193721771,0.5438812971115112,"ship: train on all 1023, in-sample check on dev"
18402.png,Bonafide,0,none,2,0.24177636206150055,0.6052370667457581,0.7590757012367249,"ship: train on all 1023, in-sample check on dev"
18406.png,Bonafide,0,none,3,0.15808334946632385,0.5449383854866028,0.9993719458580017,"ship: train on all 1023, in-sample check on dev"
18427.png,Bonafide,0,none,2,0.07892236113548279,0.2590285837650299,0.7154167890548706,"ship: train on all 1023, in-sample check on dev"
18459.png,Bonafide,0,none,1,0.05319686606526375,0.19138984382152557,0.5460903644561768,"ship: train on all 1023, in-sample check on dev"
18473.png,Bonafide,0,none,1,0.17354175448417664,0.6056612730026245,0.8131283521652222,"ship: train on all 1023, in-sample check on dev"
18477.png,Bonafide,0,none,3,0.16726064682006836,0.496639609336853,0.9106212258338928,"ship: train on all 1023, in-sample check on dev"
18480.png,Bonafide,0,none,3,0.23617151379585266,0.6072419285774231,0.9297725558280945,"ship: train on all 1023, in-sample check on dev"
18481.png,Bonafide,0,none,2,0.20244619250297546,0.5975228548049927,0.9244807362556458,"ship: train on all 1023, in-sample check on dev"
18490.png,Bonafide,0,none,2,0.14886793494224548,0.5423399806022644,0.9196663498878479,"ship: train on all 1023, in-sample check on dev"
18502.png,Bonafide,0,none,0,0.0760938823223114,0.2929172217845917,0.7989644408226013,"ship: train on all 1023, in-sample check on dev"
18517.png,Bonafide,0,none,1,0.26864224672317505,0.7531378865242004,0.9823880791664124,"ship: train on all 1023, in-sample check on dev"
18545.png,Bonafide,0,none,2,0.2414339929819107,0.46667221188545227,0.8883588910102844,"ship: train on all 1023, in-sample check on dev"
18556.png,Bonafide,0,none,2,0.13444755971431732,0.35254791378974915,0.734557569026947,"ship: train on all 1023, in-sample check on dev"
18568.png,Bonafide,0,none,1,0.07880864292383194,0.2592609226703644,0.49679145216941833,"ship: train on all 1023, in-sample check on dev"
18585.png,Bonafide,0,none,1,0.026617279276251793,0.0799451693892479,0.18968459963798523,"ship: train on all 1023, in-sample check on dev"
18590.png,Bonafide,0,none,3,0.1634911447763443,0.4737524390220642,0.9208851456642151,"ship: train on all 1023, in-sample check on dev"
18704.png,Bonafide,0,none,2,0.5143276453018188,0.7773019075393677,0.8784179091453552,"ship: train on all 1023, in-sample check on dev"
18711.png,Bonafide,0,none,0,0.10690969228744507,0.3640254735946655,0.5810992121696472,"ship: train on all 1023, in-sample check on dev"
18725.png,Bonafide,0,none,3,0.16656310856342316,0.43809282779693604,0.8130155205726624,"ship: train on all 1023, in-sample check on dev"
18743.png,Bonafide,0,none,2,0.06449680030345917,0.24047772586345673,0.7764461040496826,"ship: train on all 1023, in-sample check on dev"
18758.png,Bonafide,0,none,0,0.05326566845178604,0.18204821646213531,0.46591708064079285,"ship: train on all 1023, in-sample check on dev"
18762.png,Bonafide,0,none,0,0.04731900244951248,0.14993084967136383,0.578287661075592,"ship: train on all 1023, in-sample check on dev"
18768.png,Bonafide,0,none,3,0.050539858639240265,0.17598232626914978,0.41598257422447205,"ship: train on all 1023, in-sample check on dev"
18828.png,Bonafide,0,none,3,0.16088499128818512,0.5418026447296143,0.819471538066864,"ship: train on all 1023, in-sample check on dev"
18853.png,Bonafide,0,none,0,0.10349973291158676,0.3136335611343384,0.6134602427482605,"ship: train on all 1023, in-sample check on dev"
18876.png,Bonafide,0,none,2,0.03145042434334755,0.10982296615839005,0.26878005266189575,"ship: train on all 1023, in-sample check on dev"
18968.png,Bonafide,0,none,1,0.19226914644241333,0.5811383128166199,0.7734701633453369,"ship: train on all 1023, in-sample check on dev"
18973.png,Bonafide,0,none,2,0.0747782364487648,0.2411935031414032,0.7058239579200745,"ship: train on all 1023, in-sample check on dev"
19019.png,Bonafide,0,none,0,0.1670958250761032,0.4343591630458832,0.721168577671051,"ship: train on all 1023, in-sample check on dev"
19026.png,Bonafide,0,none,1,0.1852380484342575,0.4957927465438843,0.7802901864051819,"ship: train on all 1023, in-sample check on dev"
19027.png,Bonafide,0,none,2,0.0992325022816658,0.334164023399353,0.7110157608985901,"ship: train on all 1023, in-sample check on dev"
19060.png,Bonafide,0,none,3,0.17097479104995728,0.48485538363456726,0.894121527671814,"ship: train on all 1023, in-sample check on dev"
19126.png,Bonafide,0,none,3,0.19175636768341064,0.5549932718276978,0.8431640267372131,"ship: train on all 1023, in-sample check on dev"
19143.png,Bonafide,0,none,1,0.05996639281511307,0.2060634195804596,0.6210206747055054,"ship: train on all 1023, in-sample check on dev"
19158.png,Bonafide,0,none,1,0.12104827910661697,0.3999885618686676,0.7676942944526672,"ship: train on all 1023, in-sample check on dev"
19195.png,Bonafide,0,none,1,0.36501896381378174,0.7115727066993713,0.8532108068466187,"ship: train on all 1023, in-sample check on dev"
19197.png,Bonafide,0,none,2,0.09102784842252731,0.29558122158050537,0.5857534408569336,"ship: train on all 1023, in-sample check on dev"
19273.png,Bonafide,0,none,3,0.23683977127075195,0.5666651129722595,0.8819582462310791,"ship: train on all 1023, in-sample check on dev"
19289.png,Bonafide,0,none,3,0.16604425013065338,0.5317863821983337,0.9300358295440674,"ship: train on all 1023, in-sample check on dev"
19292.png,Bonafide,0,none,2,0.1069260910153389,0.32845669984817505,0.5314540266990662,"ship: train on all 1023, in-sample check on dev"
19304.png,Bonafide,0,none,1,0.23725689947605133,0.5497158169746399,0.8804240226745605,"ship: train on all 1023, in-sample check on dev"
19354.png,Bonafide,0,none,0,0.1439061462879181,0.3861014246940613,0.7287299036979675,"ship: train on all 1023, in-sample check on dev"
19363.png,Bonafide,0,none,1,0.17382530868053436,0.4799571633338928,0.78141850233078,"ship: train on all 1023, in-sample check on dev"
19385.png,Bonafide,0,none,2,0.2508624792098999,0.6491039991378784,0.9607861042022705,"ship: train on all 1023, in-sample check on dev"
19399.png,Bonafide,0,none,3,0.20213350653648376,0.4662564992904663,0.5314244627952576,"ship: train on all 1023, in-sample check on dev"
19432.png,Bonafide,0,none,3,0.20622965693473816,0.7394850254058838,0.8972939252853394,"ship: train on all 1023, in-sample check on dev"
19438.png,Bonafide,0,none,0,0.1271449327468872,0.460105836391449,0.8834013938903809,"ship: train on all 1023, in-sample check on dev"
19481.png,Bonafide,0,none,3,0.17824018001556396,0.6168653964996338,0.9623854756355286,"ship: train on all 1023, in-sample check on dev"
19484.png,Bonafide,0,none,0,0.1985887885093689,0.5241062641143799,0.8883370161056519,"ship: train on all 1023, in-sample check on dev"
19500.png,Bonafide,0,none,2,0.10744538903236389,0.3389141857624054,0.8210457563400269,"ship: train on all 1023, in-sample check on dev"
19533.png,Bonafide,0,none,3,0.20771533250808716,0.5912600159645081,0.9191908240318298,"ship: train on all 1023, in-sample check on dev"
19582.png,Bonafide,0,none,1,0.13262039422988892,0.4343184232711792,0.7315056920051575,"ship: train on all 1023, in-sample check on dev"
19595.png,Bonafide,0,none,0,0.060329582542181015,0.2018887996673584,0.45833057165145874,"ship: train on all 1023, in-sample check on dev"
19598.png,Bonafide,0,none,3,0.42681244015693665,0.8946425318717957,0.9844249486923218,"ship: train on all 1023, in-sample check on dev"
19602.png,Bonafide,0,none,0,0.3585071563720703,0.7536145448684692,0.971450686454773,"ship: train on all 1023, in-sample check on dev"
19605.png,Bonafide,0,none,0,0.13561049103736877,0.4695205092430115,0.84238201379776,"ship: train on all 1023, in-sample check on dev"
19626.png,Bonafide,0,none,0,0.11066412925720215,0.3530699908733368,0.9611760377883911,"ship: train on all 1023, in-sample check on dev"
19662.png,Bonafide,0,none,3,0.051577791571617126,0.1797022819519043,0.5623287558555603,"ship: train on all 1023, in-sample check on dev"
19674.png,Bonafide,0,none,3,0.08494970202445984,0.28821423649787903,0.8140869736671448,"ship: train on all 1023, in-sample check on dev"
19709.png,Bonafide,0,none,0,0.0970061868429184,0.3248797655105591,0.6741796135902405,"ship: train on all 1023, in-sample check on dev"
19725.png,Bonafide,0,none,3,0.45235368609428406,0.8401983976364136,0.9970579147338867,"ship: train on all 1023, in-sample check on dev"
19754.png,Bonafide,0,none,2,0.10255932062864304,0.3456180691719055,0.7589924931526184,"ship: train on all 1023, in-sample check on dev"
19773.png,Bonafide,0,none,3,0.1582818627357483,0.5357218980789185,0.8673048615455627,"ship: train on all 1023, in-sample check on dev"
19824.png,Bonafide,0,none,2,0.14955276250839233,0.47950348258018494,0.7355413436889648,"ship: train on all 1023, in-sample check on dev"
19829.png,Bonafide,0,none,1,0.09605589509010315,0.3369179964065552,0.8771088719367981,"ship: train on all 1023, in-sample check on dev"
19843.png,Bonafide,0,none,2,0.08210927248001099,0.301599383354187,0.7142271399497986,"ship: train on all 1023, in-sample check on dev"
19871.png,Bonafide,0,none,1,0.2171752154827118,0.4778825342655182,0.7123594284057617,"ship: train on all 1023, in-sample check on dev"
19909.png,Bonafide,0,none,0,0.1454716920852661,0.4146817922592163,0.8438199162483215,"ship: train on all 1023, in-sample check on dev"
19915.png,Bonafide,0,none,3,0.12357865273952484,0.36721864342689514,0.7482796907424927,"ship: train on all 1023, in-sample check on dev"
19978.png,Bonafide,0,none,0,0.25678980350494385,0.6625022292137146,0.9062113165855408,"ship: train on all 1023, in-sample check on dev"
19994.png,Bonafide,0,none,0,0.2094772607088089,0.5841434001922607,0.7799968123435974,"ship: train on all 1023, in-sample check on dev"
20052.png,Bonafide,0,none,2,0.08892221003770828,0.27493253350257874,0.3918190002441406,"ship: train on all 1023, in-sample check on dev"
20091.png,Bonafide,0,none,1,0.1725601702928543,0.44291436672210693,0.7431350350379944,"ship: train on all 1023, in-sample check on dev"
20135.png,Bonafide,0,none,1,0.14163175225257874,0.38496989011764526,0.6626817584037781,"ship: train on all 1023, in-sample check on dev"
20138.png,Bonafide,0,none,3,0.4177568554878235,0.7101461887359619,0.9046130776405334,"ship: train on all 1023, in-sample check on dev"
20157.png,Bonafide,0,none,2,0.1044943705201149,0.37752100825309753,0.778357207775116,"ship: train on all 1023, in-sample check on dev"
20163.png,Bonafide,0,none,0,0.42182472348213196,0.7547770738601685,0.8288093209266663,"ship: train on all 1023, in-sample check on dev"
20181.png,Bonafide,0,none,0,0.17028671503067017,0.4991394281387329,0.7529993653297424,"ship: train on all 1023, in-sample check on dev"
20193.png,Bonafide,0,none,2,0.12387963384389877,0.37253180146217346,0.6241481304168701,"ship: train on all 1023, in-sample check on dev"
20208.png,Bonafide,0,none,2,0.2899537980556488,0.7352965474128723,0.8547126650810242,"ship: train on all 1023, in-sample check on dev"
20220.png,Bonafide,0,none,0,0.2942211329936981,0.797774612903595,0.992347240447998,"ship: train on all 1023, in-sample check on dev"
20229.png,Bonafide,0,none,0,0.11877943575382233,0.4217199683189392,0.7494634389877319,"ship: train on all 1023, in-sample check on dev"
20264.png,Bonafide,0,none,1,0.20577774941921234,0.6300535202026367,0.9059773087501526,"ship: train on all 1023, in-sample check on dev"
20276.png,Bonafide,0,none,0,0.1605570763349533,0.5219376087188721,0.7559598088264465,"ship: train on all 1023, in-sample check on dev"
20287.png,Bonafide,0,none,0,0.33143293857574463,0.8690195083618164,0.9930230379104614,"ship: train on all 1023, in-sample check on dev"
20292.png,Bonafide,0,none,1,0.1315016746520996,0.3516051769256592,0.5290334224700928,"ship: train on all 1023, in-sample check on dev"
20325.png,Bonafide,0,none,3,0.06972192972898483,0.2148766815662384,0.5541002154350281,"ship: train on all 1023, in-sample check on dev"
20367.png,Bonafide,0,none,0,0.09691305458545685,0.2906571626663208,0.6286147236824036,"ship: train on all 1023, in-sample check on dev"
20482.png,Bonafide,0,none,3,0.2044963389635086,0.5630720853805542,0.8010706305503845,"ship: train on all 1023, in-sample check on dev"
20508.png,Bonafide,0,none,0,0.13984085619449615,0.4386313557624817,0.8793622851371765,"ship: train on all 1023, in-sample check on dev"
20518.png,Bonafide,0,none,0,0.06266602873802185,0.2276277244091034,0.7439756989479065,"ship: train on all 1023, in-sample check on dev"
20522.png,Bonafide,0,none,2,0.03367026522755623,0.10849731415510178,0.21455930173397064,"ship: train on all 1023, in-sample check on dev"
20546.png,Bonafide,0,none,3,0.6021382808685303,0.8796309232711792,0.9392333626747131,"ship: train on all 1023, in-sample check on dev"
20550.png,Bonafide,0,none,1,0.11183884739875793,0.40181291103363037,0.7814760208129883,"ship: train on all 1023, in-sample check on dev"
20558.png,Bonafide,0,none,2,0.1400822103023529,0.3876413106918335,0.8314540386199951,"ship: train on all 1023, in-sample check on dev"
20596.png,Bonafide,0,none,2,0.11372216790914536,0.3726024031639099,0.8709262013435364,"ship: train on all 1023, in-sample check on dev"
20632.png,Bonafide,0,none,2,0.12245093286037445,0.3975330889225006,0.6034921407699585,"ship: train on all 1023, in-sample check on dev"
20645.png,Bonafide,0,none,2,0.341447114944458,0.7598316073417664,0.8610551953315735,"ship: train on all 1023, in-sample check on dev"
20652.png,Bonafide,0,none,2,0.06302955746650696,0.16594499349594116,0.2616623044013977,"ship: train on all 1023, in-sample check on dev"
20683.png,Bonafide,0,none,1,0.05552324280142784,0.17769409716129303,0.31618785858154297,"ship: train on all 1023, in-sample check on dev"
20749.png,Bonafide,0,none,2,0.28925153613090515,0.7166018486022949,0.9294313788414001,"ship: train on all 1023, in-sample check on dev"
20818.png,Bonafide,0,none,0,0.09066284447908401,0.32024627923965454,0.5387393236160278,"ship: train on all 1023, in-sample check on dev"
20849.png,Bonafide,0,none,2,0.3526049256324768,0.8136902451515198,0.9665664434432983,"ship: train on all 1023, in-sample check on dev"
20860.png,Bonafide,0,none,0,0.2837807238101959,0.6883409023284912,0.9816091656684875,"ship: train on all 1023, in-sample check on dev"
20877.png,Bonafide,0,none,2,0.1235290914773941,0.38716351985931396,0.9009685516357422,"ship: train on all 1023, in-sample check on dev"
20878.png,Bonafide,0,none,0,0.22394026815891266,0.6883838176727295,0.943895697593689,"ship: train on all 1023, in-sample check on dev"
20899.png,Bonafide,0,none,1,0.4887625277042389,0.8553327322006226,0.9808588624000549,"ship: train on all 1023, in-sample check on dev"
20901.png,Bonafide,0,none,1,0.2258877009153366,0.5260331630706787,0.8574795126914978,"ship: train on all 1023, in-sample check on dev"
20906.png,Bonafide,0,none,1,0.4527873396873474,0.7502486705780029,0.890113890171051,"ship: train on all 1023, in-sample check on dev"
20915.png,Bonafide,0,none,3,0.14307500422000885,0.4101598262786865,0.6047496199607849,"ship: train on all 1023, in-sample check on dev"
20943.png,Bonafide,0,none,1,0.1083652526140213,0.3820153474807739,0.7932950258255005,"ship: train on all 1023, in-sample check on dev"
20979.png,Bonafide,0,none,2,0.07686822861433029,0.2749003767967224,0.7522175908088684,"ship: train on all 1023, in-sample check on dev"
20986.png,Bonafide,0,none,0,0.08304180949926376,0.2596682012081146,0.6678476333618164,"ship: train on all 1023, in-sample check on dev"
20987.png,Bonafide,0,none,0,0.05773157626390457,0.21181702613830566,0.6518077254295349,"ship: train on all 1023, in-sample check on dev"
21029.png,Bonafide,0,none,1,0.32885539531707764,0.8060324788093567,0.9934351444244385,"ship: train on all 1023, in-sample check on dev"
21102.png,Bonafide,0,none,2,0.2932376563549042,0.6023938059806824,0.8751752972602844,"ship: train on all 1023, in-sample check on dev"
21128.png,Bonafide,0,none,1,0.01506673451513052,0.05376845598220825,0.22353249788284302,"ship: train on all 1023, in-sample check on dev"
21131.png,Bonafide,0,none,0,0.1208011582493782,0.4055781662464142,0.6645858287811279,"ship: train on all 1023, in-sample check on dev"
21132.png,Bonafide,0,none,2,0.17483049631118774,0.5822473168373108,0.9248153567314148,"ship: train on all 1023, in-sample check on dev"
21152.png,Bonafide,0,none,3,0.13526827096939087,0.44227471947669983,0.8849582076072693,"ship: train on all 1023, in-sample check on dev"
21168.png,Bonafide,0,none,2,0.48184511065483093,0.8127978444099426,0.8910587430000305,"ship: train on all 1023, in-sample check on dev"
21180.png,Bonafide,0,none,3,0.20321549475193024,0.6770594120025635,0.8982085585594177,"ship: train on all 1023, in-sample check on dev"
21186.png,Bonafide,0,none,1,0.15418583154678345,0.4846458435058594,0.7422010898590088,"ship: train on all 1023, in-sample check on dev"
21242.png,Bonafide,0,none,2,0.14607906341552734,0.41859233379364014,0.7995210289955139,"ship: train on all 1023, in-sample check on dev"
21271.png,Bonafide,0,none,3,0.08475174754858017,0.3009078800678253,0.6998186111450195,"ship: train on all 1023, in-sample check on dev"
21288.png,Bonafide,0,none,2,0.15515300631523132,0.5018778443336487,0.9428170323371887,"ship: train on all 1023, in-sample check on dev"
21294.png,Bonafide,0,none,3,0.1435946524143219,0.43918725848197937,0.6546865701675415,"ship: train on all 1023, in-sample check on dev"
21319.png,Bonafide,0,none,0,0.11181856691837311,0.35736650228500366,0.7563834190368652,"ship: train on all 1023, in-sample check on dev"
21322.png,Bonafide,0,none,3,0.21328961849212646,0.5925179123878479,0.9613385200500488,"ship: train on all 1023, in-sample check on dev"
21326.png,Bonafide,0,none,0,0.07455096393823624,0.20834825932979584,0.3838752508163452,"ship: train on all 1023, in-sample check on dev"
21327.png,Bonafide,0,none,0,0.16407746076583862,0.5089802742004395,0.8244088888168335,"ship: train on all 1023, in-sample check on dev"
21370.png,Bonafide,0,none,1,0.20631223917007446,0.6824448704719543,0.8896818161010742,"ship: train on all 1023, in-sample check on dev"
21396.png,Bonafide,0,none,1,0.07334430515766144,0.22199071943759918,0.4525437355041504,"ship: train on all 1023, in-sample check on dev"
21463.png,Bonafide,0,none,2,0.148502916097641,0.43233591318130493,0.6908680200576782,"ship: train on all 1023, in-sample check on dev"
21476.png,Bonafide,0,none,3,0.2499520182609558,0.6739794611930847,0.9568376541137695,"ship: train on all 1023, in-sample check on dev"
21485.png,Bonafide,0,none,2,0.09736721962690353,0.34555068612098694,0.6993025541305542,"ship: train on all 1023, in-sample check on dev"
21500.png,Bonafide,0,none,2,0.24482375383377075,0.6421092748641968,0.8517894148826599,"ship: train on all 1023, in-sample check on dev"
21507.png,Bonafide,0,none,1,0.04874511435627937,0.17269635200500488,0.6194698214530945,"ship: train on all 1023, in-sample check on dev"
21508.png,Bonafide,0,none,3,0.13271386921405792,0.4367613196372986,0.6786633133888245,"ship: train on all 1023, in-sample check on dev"
21526.png,Bonafide,0,none,1,0.18181344866752625,0.4667726159095764,0.7157528400421143,"ship: train on all 1023, in-sample check on dev"
21536.png,Bonafide,0,none,1,0.15226468443870544,0.4440753161907196,0.9747724533081055,"ship: train on all 1023, in-sample check on dev"
21550.png,Bonafide,0,none,0,0.13561469316482544,0.38829606771469116,0.539690375328064,"ship: train on all 1023, in-sample check on dev"
21580.png,Bonafide,0,none,1,0.35929974913597107,0.8404346704483032,0.9142001271247864,"ship: train on all 1023, in-sample check on dev"
21598.png,Bonafide,0,none,0,0.43536627292633057,0.755591630935669,0.8218254446983337,"ship: train on all 1023, in-sample check on dev"
21610.png,Bonafide,0,none,2,0.03888889029622078,0.1301635056734085,0.335721492767334,"ship: train on all 1023, in-sample check on dev"
21637.png,Bonafide,0,none,0,0.07151420414447784,0.2490878701210022,0.8353316783905029,"ship: train on all 1023, in-sample check on dev"
21640.png,Bonafide,0,none,3,0.5740721225738525,0.8868189454078674,0.9547510743141174,"ship: train on all 1023, in-sample check on dev"
21645.png,Bonafide,0,none,2,0.12093857675790787,0.3966290354728699,0.9375755786895752,"ship: train on all 1023, in-sample check on dev"
21651.png,Bonafide,0,none,1,0.23239347338676453,0.6657741069793701,0.9909918308258057,"ship: train on all 1023, in-sample check on dev"
21678.png,Bonafide,0,none,2,0.21015702188014984,0.5348137617111206,0.9621495008468628,"ship: train on all 1023, in-sample check on dev"
21729.png,Bonafide,0,none,1,0.10951279103755951,0.3010086417198181,0.5613101124763489,"ship: train on all 1023, in-sample check on dev"
21739.png,Bonafide,0,none,3,0.20029598474502563,0.47597959637641907,0.7077940702438354,"ship: train on all 1023, in-sample check on dev"
21743.png,Bonafide,0,none,0,0.2704298198223114,0.6950846910476685,0.9387797117233276,"ship: train on all 1023, in-sample check on dev"
21812.png,Bonafide,0,none,1,0.3386840522289276,0.7712472677230835,0.9357475638389587,"ship: train on all 1023, in-sample check on dev"
21832.png,Bonafide,0,none,1,0.11867054551839828,0.36532124876976013,0.8461894989013672,"ship: train on all 1023, in-sample check on dev"
21885.png,Bonafide,0,none,2,0.07316070795059204,0.2401799112558365,0.8701721429824829,"ship: train on all 1023, in-sample check on dev"
21918.png,Bonafide,0,none,1,0.15487447381019592,0.47224652767181396,0.7652462720870972,"ship: train on all 1023, in-sample check on dev"
21919.png,Bonafide,0,none,3,0.23455363512039185,0.5676635503768921,0.9174184203147888,"ship: train on all 1023, in-sample check on dev"
21955.png,Bonafide,0,none,3,0.25927606225013733,0.7594131231307983,0.9736562967300415,"ship: train on all 1023, in-sample check on dev"
21964.png,Bonafide,0,none,1,0.14379796385765076,0.32443511486053467,0.4021058976650238,"ship: train on all 1023, in-sample check on dev"
21975.png,Bonafide,0,none,0,0.12177448719739914,0.34260186553001404,0.5528709888458252,"ship: train on all 1023, in-sample check on dev"
21989.png,Bonafide,0,none,1,0.06637698411941528,0.22094427049160004,0.6133331656455994,"ship: train on all 1023, in-sample check on dev"
21993.png,Bonafide,0,none,1,0.020052209496498108,0.07319211959838867,0.18367600440979004,"ship: train on all 1023, in-sample check on dev"
22004.png,Bonafide,0,none,3,0.26240482926368713,0.5422735214233398,0.9048326015472412,"ship: train on all 1023, in-sample check on dev"
22025.png,Bonafide,0,none,2,0.10484091192483902,0.35334715247154236,0.7317696213722229,"ship: train on all 1023, in-sample check on dev"
22035.png,Bonafide,0,none,2,0.050012946128845215,0.17986410856246948,0.4986305832862854,"ship: train on all 1023, in-sample check on dev"
22049.png,Bonafide,0,none,0,0.44287556409835815,0.8090179562568665,0.9813016653060913,"ship: train on all 1023, in-sample check on dev"
22077.png,Bonafide,0,none,1,0.12629836797714233,0.4744420051574707,0.7499507665634155,"ship: train on all 1023, in-sample check on dev"
22098.png,Bonafide,0,none,3,0.05658417195081711,0.20040130615234375,0.702225923538208,"ship: train on all 1023, in-sample check on dev"
22115.png,Bonafide,0,none,2,0.07300201058387756,0.2664644420146942,0.8014861941337585,"ship: train on all 1023, in-sample check on dev"
22120.png,Bonafide,0,none,2,0.10721425712108612,0.3394727408885956,0.6063748002052307,"ship: train on all 1023, in-sample check on dev"
22134.png,Bonafide,0,none,1,0.15485504269599915,0.5191671848297119,0.6742913126945496,"ship: train on all 1023, in-sample check on dev"
22135.png,Bonafide,0,none,2,0.32891571521759033,0.8342081308364868,0.9748997688293457,"ship: train on all 1023, in-sample check on dev"
22152.png,Bonafide,0,none,1,0.18229754269123077,0.5985214710235596,0.8191059231758118,"ship: train on all 1023, in-sample check on dev"
22191.png,Bonafide,0,none,0,0.16014227271080017,0.5447801947593689,0.7820388078689575,"ship: train on all 1023, in-sample check on dev"
22203.png,Bonafide,0,none,3,0.24046754837036133,0.6803320646286011,0.8495468497276306,"ship: train on all 1023, in-sample check on dev"
22231.png,Bonafide,0,none,3,0.24883979558944702,0.6403337717056274,0.9566224813461304,"ship: train on all 1023, in-sample check on dev"
22238.png,Bonafide,0,none,0,0.047228794544935226,0.16180725395679474,0.29987964034080505,"ship: train on all 1023, in-sample check on dev"
22266.png,Bonafide,0,none,0,0.5643912553787231,0.9222751259803772,0.9883474707603455,"ship: train on all 1023, in-sample check on dev"
22289.png,Bonafide,0,none,3,0.044786933809518814,0.14501667022705078,0.3028351366519928,"ship: train on all 1023, in-sample check on dev"
22336.png,Bonafide,0,none,3,0.1873064637184143,0.5656383633613586,0.8087860345840454,"ship: train on all 1023, in-sample check on dev"
22340.png,Bonafide,0,none,1,0.1824023723602295,0.5308467149734497,0.8275821208953857,"ship: train on all 1023, in-sample check on dev"
22385.png,Bonafide,0,none,0,0.5305986404418945,0.9622620344161987,0.9982818365097046,"ship: train on all 1023, in-sample check on dev"
22386.png,Bonafide,0,none,3,0.20311212539672852,0.4881989657878876,0.8981192708015442,"ship: train on all 1023, in-sample check on dev"
22395.png,Bonafide,0,none,2,0.14407879114151,0.3956446349620819,0.6558073163032532,"ship: train on all 1023, in-sample check on dev"
22437.png,Bonafide,0,none,3,0.22374504804611206,0.5942329168319702,0.8693920969963074,"ship: train on all 1023, in-sample check on dev"
22453.png,Bonafide,0,none,1,0.05060098320245743,0.1871616542339325,0.7713326811790466,"ship: train on all 1023, in-sample check on dev"
22520.png,Bonafide,0,none,3,0.5740311145782471,0.8379135131835938,0.9093201160430908,"ship: train on all 1023, in-sample check on dev"
22523.png,Bonafide,0,none,1,0.15260867774486542,0.49697601795196533,0.7807535529136658,"ship: train on all 1023, in-sample check on dev"
22542.png,Bonafide,0,none,1,0.10578577220439911,0.32385969161987305,0.5908735990524292,"ship: train on all 1023, in-sample check on dev"
22544.png,Bonafide,0,none,3,0.1536669135093689,0.44382163882255554,0.6779905557632446,"ship: train on all 1023, in-sample check on dev"
22569.png,Bonafide,0,none,3,0.1326984465122223,0.38261449337005615,0.7518314719200134,"ship: train on all 1023, in-sample check on dev"
22573.png,Bonafide,0,none,1,0.1428338587284088,0.5094404816627502,0.8926008939743042,"ship: train on all 1023, in-sample check on dev"
22581.png,Bonafide,0,none,1,0.08713013678789139,0.26171740889549255,0.6596394181251526,"ship: train on all 1023, in-sample check on dev"
22583.png,Bonafide,0,none,2,0.1018245667219162,0.3349262475967407,0.7566179633140564,"ship: train on all 1023, in-sample check on dev"
22597.png,Bonafide,0,none,2,0.2522503137588501,0.559587299823761,0.8428983688354492,"ship: train on all 1023, in-sample check on dev"
22622.png,Bonafide,0,none,0,0.18431681394577026,0.5872462391853333,0.9968540072441101,"ship: train on all 1023, in-sample check on dev"
22645.png,Bonafide,0,none,3,0.052169326692819595,0.19581791758537292,0.6765366792678833,"ship: train on all 1023, in-sample check on dev"
22665.png,Bonafide,0,none,2,0.08331526070833206,0.25556910037994385,0.555820107460022,"ship: train on all 1023, in-sample check on dev"
22693.png,Bonafide,0,none,0,0.17623017728328705,0.5537211894989014,0.8284228444099426,"ship: train on all 1023, in-sample check on dev"
22766.png,Bonafide,0,none,0,0.35383835434913635,0.8464248776435852,0.9182668328285217,"ship: train on all 1023, in-sample check on dev"
22773.png,Bonafide,0,none,1,0.06907612830400467,0.18809330463409424,0.36475107073783875,"ship: train on all 1023, in-sample check on dev"
22776.png,Bonafide,0,none,1,0.2133609652519226,0.5694090127944946,0.8324804902076721,"ship: train on all 1023, in-sample check on dev"
22800.png,Bonafide,0,none,3,0.2862997353076935,0.6701087951660156,0.9383869767189026,"ship: train on all 1023, in-sample check on dev"
22836.png,Bonafide,0,none,3,0.16016758978366852,0.55485999584198,0.8228203058242798,"ship: train on all 1023, in-sample check on dev"
22862.png,Bonafide,0,none,0,0.19492237269878387,0.6257602572441101,0.8624006509780884,"ship: train on all 1023, in-sample check on dev"
22865.png,Bonafide,0,none,3,0.17671896517276764,0.47943127155303955,0.7753921747207642,"ship: train on all 1023, in-sample check on dev"
22882.png,Bonafide,0,none,1,0.30615556240081787,0.7968193888664246,0.9484822154045105,"ship: train on all 1023, in-sample check on dev"
22883.png,Bonafide,0,none,2,0.11376431584358215,0.3570369780063629,0.6847591996192932,"ship: train on all 1023, in-sample check on dev"
22908.png,Bonafide,0,none,2,0.054803717881441116,0.20444370806217194,0.4854108393192291,"ship: train on all 1023, in-sample check on dev"
22927.png,Bonafide,0,none,3,0.045253295451402664,0.14785327017307281,0.44113484025001526,"ship: train on all 1023, in-sample check on dev"
22952.png,Bonafide,0,none,1,0.06732232123613358,0.19652417302131653,0.7654659152030945,"ship: train on all 1023, in-sample check on dev"
22968.png,Bonafide,0,none,2,0.018952511250972748,0.06757397949695587,0.20575426518917084,"ship: train on all 1023, in-sample check on dev"
23023.png,Bonafide,0,none,0,0.11255002021789551,0.40021592378616333,0.6240565776824951,"ship: train on all 1023, in-sample check on dev"
23024.png,Bonafide,0,none,3,0.19450128078460693,0.5813793540000916,0.6773968935012817,"ship: train on all 1023, in-sample check on dev"
23048.png,Bonafide,0,none,0,0.09465601295232773,0.33700117468833923,0.8248641490936279,"ship: train on all 1023, in-sample check on dev"
23050.png,Bonafide,0,none,1,0.14075867831707,0.40785515308380127,0.797879695892334,"ship: train on all 1023, in-sample check on dev"
23063.png,Bonafide,0,none,2,0.18894179165363312,0.5917685031890869,0.9942499399185181,"ship: train on all 1023, in-sample check on dev"
23154.png,Bonafide,0,none,3,0.1670912504196167,0.5130322575569153,0.86534583568573,"ship: train on all 1023, in-sample check on dev"
23182.png,Bonafide,0,none,3,0.13704723119735718,0.42981040477752686,0.7982752919197083,"ship: train on all 1023, in-sample check on dev"
23231.png,Bonafide,0,none,3,0.6775596141815186,0.8933370113372803,0.9289913773536682,"ship: train on all 1023, in-sample check on dev"
23238.png,Bonafide,0,none,2,0.1156068742275238,0.38471782207489014,0.7223101258277893,"ship: train on all 1023, in-sample check on dev"
23253.png,Bonafide,0,none,2,0.12371549010276794,0.3736512064933777,0.9334976673126221,"ship: train on all 1023, in-sample check on dev"
23296.png,Bonafide,0,none,0,0.10655565559864044,0.3573554456233978,0.859492838382721,"ship: train on all 1023, in-sample check on dev"
23300.png,Bonafide,0,none,1,0.09332481026649475,0.2717949151992798,0.4526998996734619,"ship: train on all 1023, in-sample check on dev"
23303.png,Bonafide,0,none,1,0.1523500233888626,0.46607235074043274,0.819415271282196,"ship: train on all 1023, in-sample check on dev"
23322.png,Bonafide,0,none,3,0.26006412506103516,0.7531850337982178,0.8501448631286621,"ship: train on all 1023, in-sample check on dev"
23349.png,Bonafide,0,none,1,0.0939270481467247,0.3277226984500885,0.9466738104820251,"ship: train on all 1023, in-sample check on dev"
23365.png,Bonafide,0,none,3,0.16021810472011566,0.39818817377090454,0.7988171577453613,"ship: train on all 1023, in-sample check on dev"
23368.png,Bonafide,0,none,1,0.042838603258132935,0.15524578094482422,0.3731369376182556,"ship: train on all 1023, in-sample check on dev"
23380.png,Bonafide,0,none,2,0.09939133375883102,0.3119215965270996,0.6395019292831421,"ship: train on all 1023, in-sample check on dev"
23402.png,Bonafide,0,none,0,0.25341737270355225,0.645477831363678,0.8568897843360901,"ship: train on all 1023, in-sample check on dev"
23407.png,Bonafide,0,none,2,0.12660400569438934,0.3845633268356323,0.9030980467796326,"ship: train on all 1023, in-sample check on dev"
23447.png,Bonafide,0,none,2,0.22156855463981628,0.7393175363540649,0.9314703941345215,"ship: train on all 1023, in-sample check on dev"
23461.png,Bonafide,0,none,1,0.08310149610042572,0.27335643768310547,0.5765805244445801,"ship: train on all 1023, in-sample check on dev"
23480.png,Bonafide,0,none,3,0.4525851607322693,0.8263066411018372,0.9869916439056396,"ship: train on all 1023, in-sample check on dev"
23552.png,Bonafide,0,none,1,0.11702919006347656,0.40800249576568604,0.8688210248947144,"ship: train on all 1023, in-sample check on dev"
23570.png,Bonafide,0,none,0,0.2740042507648468,0.5285690426826477,0.695582926273346,"ship: train on all 1023, in-sample check on dev"
23581.png,Bonafide,0,none,3,0.1468551754951477,0.45330557227134705,0.751392126083374,"ship: train on all 1023, in-sample check on dev"
23585.png,Bonafide,0,none,0,0.07709667086601257,0.2674154043197632,0.8269055485725403,"ship: train on all 1023, in-sample check on dev"
23605.png,Bonafide,0,none,3,0.16820098459720612,0.5120593309402466,0.815596342086792,"ship: train on all 1023, in-sample check on dev"
23606.png,Bonafide,0,none,0,0.197284534573555,0.5537487864494324,0.9660874605178833,"ship: train on all 1023, in-sample check on dev"
23612.png,Bonafide,0,none,3,0.13122789561748505,0.4191020727157593,0.7833488583564758,"ship: train on all 1023, in-sample check on dev"
23655.png,Bonafide,0,none,1,0.0680212527513504,0.2319253832101822,0.6226193904876709,"ship: train on all 1023, in-sample check on dev"
23687.png,Bonafide,0,none,3,0.3198135495185852,0.8179413080215454,0.9243741035461426,"ship: train on all 1023, in-sample check on dev"
23691.png,Bonafide,0,none,1,0.208733469247818,0.6765961050987244,0.9570233225822449,"ship: train on all 1023, in-sample check on dev"
23718.png,Bonafide,0,none,3,0.10979286581277847,0.33276352286338806,0.6062612533569336,"ship: train on all 1023, in-sample check on dev"
23719.png,Bonafide,0,none,1,0.07966326177120209,0.2761201560497284,0.8144921660423279,"ship: train on all 1023, in-sample check on dev"
23744.png,Bonafide,0,none,2,0.16337531805038452,0.4701875150203705,0.6883074641227722,"ship: train on all 1023, in-sample check on dev"
23748.png,Bonafide,0,none,0,0.06294405460357666,0.22042933106422424,0.7009671926498413,"ship: train on all 1023, in-sample check on dev"
23756.png,Bonafide,0,none,3,0.16774804890155792,0.43352019786834717,0.6433290243148804,"ship: train on all 1023, in-sample check on dev"
23773.png,Bonafide,0,none,1,0.09118446707725525,0.3095732033252716,0.6675820350646973,"ship: train on all 1023, in-sample check on dev"
23791.png,Bonafide,0,none,0,0.3868549168109894,0.7527729868888855,0.8037530183792114,"ship: train on all 1023, in-sample check on dev"
23819.png,Bonafide,0,none,3,0.12908034026622772,0.4517715871334076,0.8851273059844971,"ship: train on all 1023, in-sample check on dev"
23823.png,Bonafide,0,none,3,0.1948677897453308,0.4835778474807739,0.7302693724632263,"ship: train on all 1023, in-sample check on dev"
23835.png,Bonafide,0,none,0,0.060096971690654755,0.19345131516456604,0.39450347423553467,"ship: train on all 1023, in-sample check on dev"
23896.png,Bonafide,0,none,3,0.2895541787147522,0.6695501804351807,0.8988721966743469,"ship: train on all 1023, in-sample check on dev"
23904.png,Bonafide,0,none,0,0.224345862865448,0.46370184421539307,0.7536374926567078,"ship: train on all 1023, in-sample check on dev"
23905.png,Bonafide,0,none,0,0.15741315484046936,0.4476900100708008,0.8368198871612549,"ship: train on all 1023, in-sample check on dev"
23917.png,Bonafide,0,none,2,0.0995231419801712,0.3005104660987854,0.5476230382919312,"ship: train on all 1023, in-sample check on dev"
23919.png,Bonafide,0,none,2,0.15893341600894928,0.5211179852485657,0.8877952694892883,"ship: train on all 1023, in-sample check on dev"
23993.png,Bonafide,0,none,0,0.08716350793838501,0.26411548256874084,0.6250978708267212,"ship: train on all 1023, in-sample check on dev"
24014.png,Bonafide,0,none,2,0.2496519684791565,0.6787206530570984,0.9305995106697083,"ship: train on all 1023, in-sample check on dev"
24018.png,Bonafide,0,none,1,0.4212678372859955,0.8376224040985107,0.9998524188995361,"ship: train on all 1023, in-sample check on dev"
24044.png,Bonafide,0,none,0,0.13546159863471985,0.42648065090179443,0.6359007358551025,"ship: train on all 1023, in-sample check on dev"
24054.png,Bonafide,0,none,2,0.11923665553331375,0.3898753523826599,0.6240565776824951,"ship: train on all 1023, in-sample check on dev"
24059.png,Bonafide,0,none,1,0.3463180959224701,0.7928572297096252,0.9573885798454285,"ship: train on all 1023, in-sample check on dev"
24067.png,Bonafide,0,none,3,0.09400203824043274,0.2935584783554077,0.43322649598121643,"ship: train on all 1023, in-sample check on dev"
24098.png,Bonafide,0,none,0,0.14043787121772766,0.4306808114051819,0.6366114020347595,"ship: train on all 1023, in-sample check on dev"
24104.png,Bonafide,0,none,0,0.1386384218931198,0.45678943395614624,0.8381701707839966,"ship: train on all 1023, in-sample check on dev"
24107.png,Bonafide,0,none,0,0.32258927822113037,0.8059080243110657,0.9164310097694397,"ship: train on all 1023, in-sample check on dev"
24138.png,Bonafide,0,none,1,0.051198989152908325,0.14710348844528198,0.40980905294418335,"ship: train on all 1023, in-sample check on dev"
24156.png,Bonafide,0,none,0,0.09685394167900085,0.3146257698535919,0.8062026500701904,"ship: train on all 1023, in-sample check on dev"
24176.png,Bonafide,0,none,2,0.16256946325302124,0.47403484582901,0.8868674635887146,"ship: train on all 1023, in-sample check on dev"
24182.png,Bonafide,0,none,0,0.15379226207733154,0.4380039572715759,0.7549692392349243,"ship: train on all 1023, in-sample check on dev"
24219.png,Bonafide,0,none,3,0.07771014422178268,0.27582019567489624,0.8083152770996094,"ship: train on all 1023, in-sample check on dev"
24221.png,Bonafide,0,none,2,0.13333790004253387,0.3998658061027527,0.5924375653266907,"ship: train on all 1023, in-sample check on dev"
24224.png,Bonafide,0,none,3,0.09693519026041031,0.30129796266555786,0.6265279650688171,"ship: train on all 1023, in-sample check on dev"
24265.png,Bonafide,0,none,1,0.1437411904335022,0.4355180859565735,0.8811981678009033,"ship: train on all 1023, in-sample check on dev"
24270.png,Bonafide,0,none,1,0.0556381419301033,0.17901356518268585,0.35772567987442017,"ship: train on all 1023, in-sample check on dev"
24285.png,Bonafide,0,none,2,0.12053588777780533,0.41869035363197327,0.7913628220558167,"ship: train on all 1023, in-sample check on dev"
24301.png,Bonafide,0,none,2,0.09376554936170578,0.28388285636901855,0.5112054944038391,"ship: train on all 1023, in-sample check on dev"
24323.png,Bonafide,0,none,1,0.1713145226240158,0.5143911242485046,0.6924964785575867,"ship: train on all 1023, in-sample check on dev"
24338.png,Bonafide,0,none,1,0.3317307233810425,0.7462223172187805,0.8814464807510376,"ship: train on all 1023, in-sample check on dev"
24371.png,Bonafide,0,none,0,0.0682046115398407,0.22077244520187378,0.4494894742965698,"ship: train on all 1023, in-sample check on dev"
24387.png,Bonafide,0,none,1,0.18777775764465332,0.5293754935264587,0.9132516384124756,"ship: train on all 1023, in-sample check on dev"
24400.png,Bonafide,0,none,1,0.24843470752239227,0.5841257572174072,0.7636134624481201,"ship: train on all 1023, in-sample check on dev"
24436.png,Bonafide,0,none,2,0.11432867497205734,0.4195544421672821,0.6862960457801819,"ship: train on all 1023, in-sample check on dev"
24454.png,Bonafide,0,none,2,0.14068739116191864,0.42384037375450134,0.629635751247406,"ship: train on all 1023, in-sample check on dev"
24462.png,Bonafide,0,none,3,0.3581904172897339,0.8412464261054993,0.9159221053123474,"ship: train on all 1023, in-sample check on dev"
24467.png,Bonafide,0,none,0,0.21257540583610535,0.595590353012085,0.9949591159820557,"ship: train on all 1023, in-sample check on dev"
24478.png,Bonafide,0,none,0,0.20722737908363342,0.4808260202407837,0.6440204977989197,"ship: train on all 1023, in-sample check on dev"
24539.png,Bonafide,0,none,1,0.18349489569664001,0.5209150314331055,0.6731452941894531,"ship: train on all 1023, in-sample check on dev"
24569.png,Bonafide,0,none,2,0.35614362359046936,0.8411439061164856,0.9125521183013916,"ship: train on all 1023, in-sample check on dev"
24576.png,Bonafide,0,none,2,0.17259912192821503,0.49618762731552124,0.8289595246315002,"ship: train on all 1023, in-sample check on dev"
24593.png,Bonafide,0,none,0,0.27266737818717957,0.7146971821784973,0.9670626521110535,"ship: train on all 1023, in-sample check on dev"
24614.png,Bonafide,0,none,2,0.4158482551574707,0.7946562767028809,0.9496570825576782,"ship: train on all 1023, in-sample check on dev"
24647.png,Bonafide,0,none,3,0.09497744590044022,0.3189908564090729,0.5454592704772949,"ship: train on all 1023, in-sample check on dev"
24654.png,Bonafide,0,none,2,0.19394545257091522,0.5739173889160156,0.8352438807487488,"ship: train on all 1023, in-sample check on dev"
24658.png,Bonafide,0,none,0,0.15424413979053497,0.4988018274307251,0.9260560274124146,"ship: train on all 1023, in-sample check on dev"
24659.png,Bonafide,0,none,0,0.21740415692329407,0.5460106730461121,0.7775795459747314,"ship: train on all 1023, in-sample check on dev"
24668.png,Bonafide,0,none,0,0.05212279409170151,0.184574156999588,0.4813297390937805,"ship: train on all 1023, in-sample check on dev"
24671.png,Bonafide,0,none,3,0.1167910248041153,0.4112376272678375,0.9479124546051025,"ship: train on all 1023, in-sample check on dev"
24684.png,Bonafide,0,none,1,0.04893506318330765,0.14413653314113617,0.2797900140285492,"ship: train on all 1023, in-sample check on dev"
24737.png,Bonafide,0,none,1,0.15580683946609497,0.4312947392463684,0.54874587059021,"ship: train on all 1023, in-sample check on dev"
24745.png,Bonafide,0,none,1,0.0659460499882698,0.15689298510551453,0.3838941752910614,"ship: train on all 1023, in-sample check on dev"
24802.png,Bonafide,0,none,0,0.216652512550354,0.6312297582626343,0.9532162547111511,"ship: train on all 1023, in-sample check on dev"
24821.png,Bonafide,0,none,2,0.1792370080947876,0.5474085807800293,0.7810600996017456,"ship: train on all 1023, in-sample check on dev"
24838.png,Bonafide,0,none,2,0.13093425333499908,0.3790309727191925,0.8839426040649414,"ship: train on all 1023, in-sample check on dev"
24874.png,Bonafide,0,none,3,0.22858135402202606,0.6105203032493591,0.9312120079994202,"ship: train on all 1023, in-sample check on dev"
24881.png,Bonafide,0,none,1,0.32660233974456787,0.7489511966705322,0.8550419807434082,"ship: train on all 1023, in-sample check on dev"
24891.png,Bonafide,0,none,1,0.11173612624406815,0.3547039031982422,0.828952431678772,"ship: train on all 1023, in-sample check on dev"
24902.png,Bonafide,0,none,0,0.19418743252754211,0.4926702082157135,0.7291970252990723,"ship: train on all 1023, in-sample check on dev"
24932.png,Bonafide,0,none,3,0.18522760272026062,0.5573703050613403,0.8244045972824097,"ship: train on all 1023, in-sample check on dev"
24940.png,Bonafide,0,none,3,0.2174985557794571,0.6330832242965698,0.8956204652786255,"ship: train on all 1023, in-sample check on dev"
24963.png,Bonafide,0,none,2,0.2606548070907593,0.7083501815795898,0.9040974974632263,"ship: train on all 1023, in-sample check on dev"
25000.png,Bonafide,0,none,0,0.1383511871099472,0.43290212750434875,0.7521796226501465,"ship: train on all 1023, in-sample check on dev"
25062.png,Bonafide,0,none,2,0.19828030467033386,0.6606361865997314,0.9257848858833313,"ship: train on all 1023, in-sample check on dev"
25064.png,Bonafide,0,none,1,0.14538344740867615,0.35949406027793884,0.4795812964439392,"ship: train on all 1023, in-sample check on dev"
25119.png,Bonafide,0,none,0,0.2823823392391205,0.6564077734947205,0.862870454788208,"ship: train on all 1023, in-sample check on dev"
25124.png,Bonafide,0,none,3,0.21024850010871887,0.5648817420005798,0.903226912021637,"ship: train on all 1023, in-sample check on dev"
25127.png,Bonafide,0,none,2,0.12521977722644806,0.3895483613014221,0.566486120223999,"ship: train on all 1023, in-sample check on dev"
25128.png,Bonafide,0,none,3,0.09562426060438156,0.3051499128341675,0.5497329831123352,"ship: train on all 1023, in-sample check on dev"
25133.png,Bonafide,0,none,2,0.23880580067634583,0.6649957895278931,0.9969469904899597,"ship: train on all 1023, in-sample check on dev"
25148.png,Bonafide,0,none,0,0.04892091080546379,0.15848380327224731,0.583785355091095,"ship: train on all 1023, in-sample check on dev"
25162.png,Bonafide,0,none,1,0.24214956164360046,0.7282440662384033,0.8762214183807373,"ship: train on all 1023, in-sample check on dev"
25164.png,Bonafide,0,none,2,0.10215352475643158,0.3814905285835266,0.7849159836769104,"ship: train on all 1023, in-sample check on dev"
25170.png,Bonafide,0,none,0,0.09040937572717667,0.2865735590457916,0.5059815645217896,"ship: train on all 1023, in-sample check on dev"
25225.png,Bonafide,0,none,0,0.05081568658351898,0.182448148727417,0.4627801179885864,"ship: train on all 1023, in-sample check on dev"
25296.png,Bonafide,0,none,1,0.12424705922603607,0.3966774344444275,0.7496177554130554,"ship: train on all 1023, in-sample check on dev"
25301.png,Bonafide,0,none,2,0.38817867636680603,0.8147578239440918,0.9327846765518188,"ship: train on all 1023, in-sample check on dev"
25312.png,Bonafide,0,none,3,0.03303596377372742,0.1105918362736702,0.4550776183605194,"ship: train on all 1023, in-sample check on dev"
25320.png,Bonafide,0,none,0,0.08397319912910461,0.22153936326503754,0.364807665348053,"ship: train on all 1023, in-sample check on dev"
25372.png,Bonafide,0,none,1,0.24038685858249664,0.5958887934684753,0.810671865940094,"ship: train on all 1023, in-sample check on dev"
25377.png,Bonafide,0,none,3,0.29406529664993286,0.5898745059967041,0.75794517993927,"ship: train on all 1023, in-sample check on dev"
25409.png,Bonafide,0,none,1,0.09281614422798157,0.2866989076137543,0.4714271128177643,"ship: train on all 1023, in-sample check on dev"
25449.png,Bonafide,0,none,1,0.19499571621418,0.5019892454147339,0.8230331540107727,"ship: train on all 1023, in-sample check on dev"
25462.png,Bonafide,0,none,2,0.4133486747741699,0.7967034578323364,0.9031804203987122,"ship: train on all 1023, in-sample check on dev"
25467.png,Bonafide,0,none,1,0.06790906190872192,0.20271967351436615,0.5398424863815308,"ship: train on all 1023, in-sample check on dev"
25493.png,Bonafide,0,none,0,0.12613631784915924,0.3787635564804077,0.6519991755485535,"ship: train on all 1023, in-sample check on dev"
25527.png,Bonafide,0,none,0,0.05921395495533943,0.193307563662529,0.4922654628753662,"ship: train on all 1023, in-sample check on dev"
25566.png,Bonafide,0,none,1,0.1837649941444397,0.5588308572769165,0.8365548253059387,"ship: train on all 1023, in-sample check on dev"
25574.png,Bonafide,0,none,0,0.3842712342739105,0.8589469790458679,0.948173999786377,"ship: train on all 1023, in-sample check on dev"
25583.png,Bonafide,0,none,0,0.2853686511516571,0.7934863567352295,0.952560305595398,"ship: train on all 1023, in-sample check on dev"
25606.png,Bonafide,0,none,0,0.021226903423666954,0.07277760654687881,0.14402072131633759,"ship: train on all 1023, in-sample check on dev"
25607.png,Bonafide,0,none,1,0.12619277834892273,0.48306185007095337,0.9469445943832397,"ship: train on all 1023, in-sample check on dev"
25628.png,Bonafide,0,none,2,0.13923794031143188,0.43881088495254517,0.7632874846458435,"ship: train on all 1023, in-sample check on dev"
25631.png,Bonafide,0,none,0,0.11531949043273926,0.3658114969730377,0.6492981910705566,"ship: train on all 1023, in-sample check on dev"
25640.png,Bonafide,0,none,0,0.03722409904003143,0.12597383558750153,0.300640344619751,"ship: train on all 1023, in-sample check on dev"
25642.png,Bonafide,0,none,0,0.14438830316066742,0.4275021255016327,0.695493221282959,"ship: train on all 1023, in-sample check on dev"
25684.png,Bonafide,0,none,3,0.19840455055236816,0.45292747020721436,0.6904910206794739,"ship: train on all 1023, in-sample check on dev"
25699.png,Bonafide,0,none,1,0.24108512699604034,0.8172852993011475,0.9944451451301575,"ship: train on all 1023, in-sample check on dev"
25710.png,Bonafide,0,none,2,0.18695905804634094,0.4359375238418579,0.8609325289726257,"ship: train on all 1023, in-sample check on dev"
25717.png,Bonafide,0,none,2,0.09562476724386215,0.2930796444416046,0.5198593735694885,"ship: train on all 1023, in-sample check on dev"
25784.png,Bonafide,0,none,3,0.11501668393611908,0.3143773674964905,0.41522204875946045,"ship: train on all 1023, in-sample check on dev"
25786.png,Bonafide,0,none,3,0.13283570110797882,0.4055682420730591,0.6858123540878296,"ship: train on all 1023, in-sample check on dev"
25800.png,Bonafide,0,none,1,0.020007403567433357,0.057436294853687286,0.21520307660102844,"ship: train on all 1023, in-sample check on dev"
25829.png,Bonafide,0,none,1,0.5272601246833801,0.8392518162727356,0.9620780944824219,"ship: train on all 1023, in-sample check on dev"
25837.png,Bonafide,0,none,3,0.197600856423378,0.46686452627182007,0.6342934370040894,"ship: train on all 1023, in-sample check on dev"
25863.png,Bonafide,0,none,0,0.29784464836120605,0.7323527336120605,0.9166333079338074,"ship: train on all 1023, in-sample check on dev"
25866.png,Bonafide,0,none,3,0.10539421439170837,0.33992883563041687,0.46846091747283936,"ship: train on all 1023, in-sample check on dev"
25892.png,Bonafide,0,none,1,0.09967568516731262,0.3313702940940857,0.6889161467552185,"ship: train on all 1023, in-sample check on dev"
25956.png,Bonafide,0,none,1,0.2262650579214096,0.5988009572029114,0.9282045960426331,"ship: train on all 1023, in-sample check on dev"
25981.png,Bonafide,0,none,1,0.07844198495149612,0.27653488516807556,0.6234859228134155,"ship: train on all 1023, in-sample check on dev"
25991.png,Bonafide,0,none,1,0.38592636585235596,0.7934901714324951,0.9485026597976685,"ship: train on all 1023, in-sample check on dev"
26013.png,Bonafide,0,none,1,0.23205965757369995,0.6363442540168762,0.8169468641281128,"ship: train on all 1023, in-sample check on dev"
26036.png,Bonafide,0,none,3,0.25648725032806396,0.7210472226142883,0.9421839118003845,"ship: train on all 1023, in-sample check on dev"
26055.png,Bonafide,0,none,2,0.060719482600688934,0.20966185629367828,0.573207676410675,"ship: train on all 1023, in-sample check on dev"
26062.png,Bonafide,0,none,3,0.28036391735076904,0.6497440338134766,0.866737425327301,"ship: train on all 1023, in-sample check on dev"
26077.png,Bonafide,0,none,3,0.21425393223762512,0.54207843542099,0.8152324557304382,"ship: train on all 1023, in-sample check on dev"
26117.png,Bonafide,0,none,2,0.06352396309375763,0.20575840771198273,0.5549925565719604,"ship: train on all 1023, in-sample check on dev"
26139.png,Bonafide,0,none,3,0.07213274389505386,0.24269026517868042,0.38894620537757874,"ship: train on all 1023, in-sample check on dev"
26142.png,Bonafide,0,none,3,0.08517586439847946,0.27949258685112,0.7375845909118652,"ship: train on all 1023, in-sample check on dev"
26154.png,Bonafide,0,none,1,0.010536731220781803,0.03670583292841911,0.08327695727348328,"ship: train on all 1023, in-sample check on dev"
26180.png,Bonafide,0,none,1,0.17923328280448914,0.5274843573570251,0.9449869990348816,"ship: train on all 1023, in-sample check on dev"
26186.png,Bonafide,0,none,3,0.18663518130779266,0.6062356233596802,0.9359915256500244,"ship: train on all 1023, in-sample check on dev"
26224.png,Bonafide,0,none,2,0.2653789520263672,0.6359127163887024,0.7838037610054016,"ship: train on all 1023, in-sample check on dev"
26235.png,Bonafide,0,none,2,0.23205886781215668,0.6170009970664978,0.8086729049682617,"ship: train on all 1023, in-sample check on dev"
26259.png,Bonafide,0,none,1,0.01075814664363861,0.03847460821270943,0.12134847044944763,"ship: train on all 1023, in-sample check on dev"
26313.png,Bonafide,0,none,1,0.14075954258441925,0.44969287514686584,0.48510363698005676,"ship: train on all 1023, in-sample check on dev"
26314.png,Bonafide,0,none,0,0.2900010049343109,0.7269530892372131,0.9795907735824585,"ship: train on all 1023, in-sample check on dev"
26316.png,Bonafide,0,none,1,0.058371372520923615,0.21174441277980804,0.8128566145896912,"ship: train on all 1023, in-sample check on dev"
26321.png,Bonafide,0,none,3,0.11916232109069824,0.3917691111564636,0.6900732517242432,"ship: train on all 1023, in-sample check on dev"
26333.png,Bonafide,0,none,0,0.10630952566862106,0.3921482264995575,0.9271305799484253,"ship: train on all 1023, in-sample check on dev"
26341.png,Bonafide,0,none,0,0.2234174609184265,0.521926999092102,0.7725068926811218,"ship: train on all 1023, in-sample check on dev"
26345.png,Bonafide,0,none,0,0.10874510556459427,0.3436863124370575,0.7251444458961487,"ship: train on all 1023, in-sample check on dev"
26348.png,Bonafide,0,none,0,0.21008719503879547,0.582020103931427,0.8610785007476807,"ship: train on all 1023, in-sample check on dev"
26370.png,Bonafide,0,none,1,0.1724546104669571,0.4460941553115845,0.640161395072937,"ship: train on all 1023, in-sample check on dev"
26374.png,Bonafide,0,none,0,0.4064304828643799,0.8464109301567078,0.9425559043884277,"ship: train on all 1023, in-sample check on dev"
26400.png,Bonafide,0,none,2,0.26378297805786133,0.6606605648994446,0.8729748129844666,"ship: train on all 1023, in-sample check on dev"
26405.png,Bonafide,0,none,2,0.1452777087688446,0.4069472551345825,0.6592331528663635,"ship: train on all 1023, in-sample check on dev"
26433.png,Bonafide,0,none,2,0.23970386385917664,0.61006098985672,0.7976738810539246,"ship: train on all 1023, in-sample check on dev"
26454.png,Bonafide,0,none,3,0.1363908052444458,0.5070910453796387,0.8169193267822266,"ship: train on all 1023, in-sample check on dev"
26456.png,Bonafide,0,none,0,0.06259319186210632,0.20367884635925293,0.3338632881641388,"ship: train on all 1023, in-sample check on dev"
26537.png,Bonafide,0,none,0,0.03722502663731575,0.13386090099811554,0.39171910285949707,"ship: train on all 1023, in-sample check on dev"
26556.png,Bonafide,0,none,2,0.23425252735614777,0.5146961808204651,0.8150078058242798,"ship: train on all 1023, in-sample check on dev"
26618.png,Bonafide,0,none,2,0.06229645758867264,0.20994526147842407,0.5304905772209167,"ship: train on all 1023, in-sample check on dev"
26626.png,Bonafide,0,none,1,0.09125758707523346,0.30487164855003357,0.7457005977630615,"ship: train on all 1023, in-sample check on dev"
26632.png,Bonafide,0,none,2,0.06848657131195068,0.21066522598266602,0.41056981682777405,"ship: train on all 1023, in-sample check on dev"
26635.png,Bonafide,0,none,1,0.3188897371292114,0.7828158140182495,0.994519054889679,"ship: train on all 1023, in-sample check on dev"
26660.png,Bonafide,0,none,1,0.14434213936328888,0.4331766366958618,0.8895811438560486,"ship: train on all 1023, in-sample check on dev"
26669.png,Bonafide,0,none,2,0.0839453637599945,0.28106531500816345,0.7336666584014893,"ship: train on all 1023, in-sample check on dev"
26685.png,Bonafide,0,none,2,0.2318406105041504,0.6171534061431885,0.9557138085365295,"ship: train on all 1023, in-sample check on dev"
26725.png,Bonafide,0,none,3,0.1194305419921875,0.36270731687545776,0.6195173263549805,"ship: train on all 1023, in-sample check on dev"
26734.png,Bonafide,0,none,0,0.23098012804985046,0.6415016651153564,0.8673790097236633,"ship: train on all 1023, in-sample check on dev"
26762.png,Bonafide,0,none,3,0.31491315364837646,0.7325565814971924,0.8399096727371216,"ship: train on all 1023, in-sample check on dev"
26765.png,Bonafide,0,none,2,0.010241824202239513,0.03193609043955803,0.09482093155384064,"ship: train on all 1023, in-sample check on dev"
26795.png,Bonafide,0,none,3,0.298700213432312,0.6550903916358948,0.927284300327301,"ship: train on all 1023, in-sample check on dev"
26844.png,Bonafide,0,none,2,0.05161326751112938,0.16033899784088135,0.25494781136512756,"ship: train on all 1023, in-sample check on dev"
26845.png,Bonafide,0,none,1,0.08056186884641647,0.27367088198661804,0.5409453511238098,"ship: train on all 1023, in-sample check on dev"
26859.png,Bonafide,0,none,1,0.1282375156879425,0.34349438548088074,0.5607032775878906,"ship: train on all 1023, in-sample check on dev"
26860.png,Bonafide,0,none,2,0.2566954791545868,0.7652416825294495,0.9728455543518066,"ship: train on all 1023, in-sample check on dev"
26868.png,Bonafide,0,none,3,0.07151970267295837,0.2575840353965759,0.9309234619140625,"ship: train on all 1023, in-sample check on dev"
26881.png,Bonafide,0,none,0,0.30640730261802673,0.680499792098999,0.977397084236145,"ship: train on all 1023, in-sample check on dev"
26920.png,Bonafide,0,none,1,0.2015153467655182,0.6368771195411682,0.8871666789054871,"ship: train on all 1023, in-sample check on dev"
26987.png,Bonafide,0,none,2,0.06402300298213959,0.1797904670238495,0.4667523205280304,"ship: train on all 1023, in-sample check on dev"
26990.png,Bonafide,0,none,1,0.07037591934204102,0.2553447484970093,0.8209689259529114,"ship: train on all 1023, in-sample check on dev"
27028.png,Bonafide,0,none,2,0.175958514213562,0.46302223205566406,0.9065123796463013,"ship: train on all 1023, in-sample check on dev"
27048.png,Bonafide,0,none,0,0.10164204239845276,0.363485187292099,0.7963243126869202,"ship: train on all 1023, in-sample check on dev"
27065.png,Bonafide,0,none,1,0.24833613634109497,0.5972154140472412,0.9313524961471558,"ship: train on all 1023, in-sample check on dev"
27078.png,Bonafide,0,none,3,0.20800112187862396,0.5793972015380859,0.8661999702453613,"ship: train on all 1023, in-sample check on dev"
27100.png,Bonafide,0,none,3,0.20928187668323517,0.5245427489280701,0.6639931797981262,"ship: train on all 1023, in-sample check on dev"
27130.png,Bonafide,0,none,3,0.2679101526737213,0.6284655332565308,0.740024745464325,"ship: train on all 1023, in-sample check on dev"
27142.png,Bonafide,0,none,3,0.510352611541748,0.8219864964485168,0.8774263262748718,"ship: train on all 1023, in-sample check on dev"
27173.png,Bonafide,0,none,2,0.10891345143318176,0.37605392932891846,0.8147093653678894,"ship: train on all 1023, in-sample check on dev"
27203.png,Bonafide,0,none,2,0.18765048682689667,0.5134403705596924,0.6025364995002747,"ship: train on all 1023, in-sample check on dev"
27208.png,Bonafide,0,none,2,0.02461315132677555,0.07556459307670593,0.15218950808048248,"ship: train on all 1023, in-sample check on dev"
27302.png,Bonafide,0,none,0,0.2502797842025757,0.6219716668128967,0.8196056485176086,"ship: train on all 1023, in-sample check on dev"
27327.png,Bonafide,0,none,1,0.2011309117078781,0.6426443457603455,0.8742718696594238,"ship: train on all 1023, in-sample check on dev"
27330.png,Bonafide,0,none,0,0.03433693200349808,0.1069507896900177,0.20958775281906128,"ship: train on all 1023, in-sample check on dev"
27339.png,Bonafide,0,none,0,0.04419498145580292,0.15626025199890137,0.7903809547424316,"ship: train on all 1023, in-sample check on dev"
27378.png,Bonafide,0,none,2,0.04790642857551575,0.14676286280155182,0.32719239592552185,"ship: train on all 1023, in-sample check on dev"
27401.png,Bonafide,0,none,0,0.15999701619148254,0.45316967368125916,0.5908241271972656,"ship: train on all 1023, in-sample check on dev"
27402.png,Bonafide,0,none,2,0.005060224793851376,0.01614154689013958,0.03448145464062691,"ship: train on all 1023, in-sample check on dev"
27404.png,Bonafide,0,none,0,0.08235328644514084,0.22901439666748047,0.4226391613483429,"ship: train on all 1023, in-sample check on dev"
27415.png,Bonafide,0,none,1,0.0909714475274086,0.2683154344558716,0.5413517355918884,"ship: train on all 1023, in-sample check on dev"
27426.png,Bonafide,0,none,1,0.14965444803237915,0.41638535261154175,0.7781121730804443,"ship: train on all 1023, in-sample check on dev"
27498.png,Bonafide,0,none,3,0.086607925593853,0.2380921095609665,0.482570618391037,"ship: train on all 1023, in-sample check on dev"
27511.png,Bonafide,0,none,1,0.32171958684921265,0.8547251224517822,0.9834179282188416,"ship: train on all 1023, in-sample check on dev"
27558.png,Bonafide,0,none,2,0.05561404675245285,0.15648895502090454,0.3783189058303833,"ship: train on all 1023, in-sample check on dev"
27560.png,Bonafide,0,none,1,0.05560264363884926,0.19161087274551392,0.4413588345050812,"ship: train on all 1023, in-sample check on dev"
27571.png,Bonafide,0,none,3,0.12807148694992065,0.4382043480873108,0.8006008863449097,"ship: train on all 1023, in-sample check on dev"
27588.png,Bonafide,0,none,0,0.025026075541973114,0.07719457894563675,0.19351226091384888,"ship: train on all 1023, in-sample check on dev"
27605.png,Bonafide,0,none,1,0.10190672427415848,0.33996862173080444,0.7069588303565979,"ship: train on all 1023, in-sample check on dev"
27606.png,Bonafide,0,none,2,0.13704781234264374,0.3708897829055786,0.6983213424682617,"ship: train on all 1023, in-sample check on dev"
27630.png,Bonafide,0,none,0,0.22835806012153625,0.6602160334587097,0.9032498598098755,"ship: train on all 1023, in-sample check on dev"
27631.png,Bonafide,0,none,3,0.07544878870248795,0.2852303385734558,0.6113231182098389,"ship: train on all 1023, in-sample check on dev"
27637.png,Bonafide,0,none,0,0.07874182611703873,0.2572106122970581,0.4646487236022949,"ship: train on all 1023, in-sample check on dev"
27659.png,Bonafide,0,none,1,0.1278531402349472,0.4125172197818756,0.8600322008132935,"ship: train on all 1023, in-sample check on dev"
27664.png,Bonafide,0,none,0,0.07205653190612793,0.24499265849590302,0.7546504139900208,"ship: train on all 1023, in-sample check on dev"
27674.png,Bonafide,0,none,1,0.3249204456806183,0.7175125479698181,0.970481812953949,"ship: train on all 1023, in-sample check on dev"
27699.png,Bonafide,0,none,0,0.04687728360295296,0.17988210916519165,0.6267004609107971,"ship: train on all 1023, in-sample check on dev"
27708.png,Bonafide,0,none,0,0.05913611128926277,0.1562604308128357,0.33469173312187195,"ship: train on all 1023, in-sample check on dev"
27709.png,Bonafide,0,none,2,0.12349862605333328,0.404231458902359,0.594473123550415,"ship: train on all 1023, in-sample check on dev"
27735.png,Bonafide,0,none,3,0.24158018827438354,0.6349568963050842,0.9344199895858765,"ship: train on all 1023, in-sample check on dev"
27764.png,Bonafide,0,none,2,0.15798702836036682,0.4456746280193329,0.8327466249465942,"ship: train on all 1023, in-sample check on dev"
27783.png,Bonafide,0,none,0,0.18718475103378296,0.5593435764312744,0.8260058164596558,"ship: train on all 1023, in-sample check on dev"
27808.png,Bonafide,0,none,0,0.019187994301319122,0.0660150945186615,0.15994316339492798,"ship: train on all 1023, in-sample check on dev"
27854.png,Bonafide,0,none,0,0.16862498223781586,0.4864089787006378,0.8604726195335388,"ship: train on all 1023, in-sample check on dev"
27871.png,Bonafide,0,none,0,0.024208176881074905,0.07443157583475113,0.2427428960800171,"ship: train on all 1023, in-sample check on dev"
27896.png,Bonafide,0,none,1,0.07494154572486877,0.2365858256816864,0.45319005846977234,"ship: train on all 1023, in-sample check on dev"
27909.png,Bonafide,0,none,2,0.1907254159450531,0.656525731086731,0.8478163480758667,"ship: train on all 1023, in-sample check on dev"
27921.png,Bonafide,0,none,1,0.13771899044513702,0.4226376414299011,0.758837878704071,"ship: train on all 1023, in-sample check on dev"
27927.png,Bonafide,0,none,2,0.044302962720394135,0.1436934620141983,0.4604327082633972,"ship: train on all 1023, in-sample check on dev"
27951.png,Bonafide,0,none,2,0.13012950122356415,0.45080873370170593,0.6697778105735779,"ship: train on all 1023, in-sample check on dev"
27962.png,Bonafide,0,none,1,0.09107479453086853,0.2380746752023697,0.5001504421234131,"ship: train on all 1023, in-sample check on dev"
28017.png,Bonafide,0,none,0,0.3435131311416626,0.7838464975357056,0.9294739961624146,"ship: train on all 1023, in-sample check on dev"
28021.png,Bonafide,0,none,2,0.2691655158996582,0.6855566501617432,0.851279616355896,"ship: train on all 1023, in-sample check on dev"
28024.png,Bonafide,0,none,3,0.3352195918560028,0.86966872215271,0.9590817093849182,"ship: train on all 1023, in-sample check on dev"
28046.png,Bonafide,0,none,0,0.4988435208797455,0.7258546948432922,0.8575083613395691,"ship: train on all 1023, in-sample check on dev"
28051.png,Bonafide,0,none,1,0.084028460085392,0.2807852029800415,0.8683497905731201,"ship: train on all 1023, in-sample check on dev"
28090.png,Bonafide,0,none,1,0.3153873383998871,0.7115549445152283,0.8424224853515625,"ship: train on all 1023, in-sample check on dev"
00962.png,Screens,1,iPhone,2,0.9520586729049683,0.9998214244842529,0.9999834299087524,"ship: train on all 1023, in-sample check on dev"
00998.png,Screens,1,iPhone,0,0.9990252256393433,0.999695897102356,0.999816358089447,"ship: train on all 1023, in-sample check on dev"
08794.png,Screens,1,iPhone,3,0.9970719218254089,0.9993246793746948,0.9995564818382263,"ship: train on all 1023, in-sample check on dev"
10673.png,Screens,1,iPhone,0,0.9989137649536133,0.9997282028198242,0.9998360872268677,"ship: train on all 1023, in-sample check on dev"
10684.png,Screens,1,iPhone,1,0.8600488305091858,0.9976328611373901,0.9999054670333862,"ship: train on all 1023, in-sample check on dev"
10696.png,Screens,1,iPhone,2,0.7130025625228882,0.9304331541061401,0.9651121497154236,"ship: train on all 1023, in-sample check on dev"
10712.png,Screens,1,iPhone,3,0.8437091112136841,0.962315559387207,0.9860602617263794,"ship: train on all 1023, in-sample check on dev"
10728.png,Screens,1,iPhone,1,0.8929951786994934,0.999562680721283,0.9999030828475952,"ship: train on all 1023, in-sample check on dev"
10881.png,Screens,1,Samsung,0,0.7995966672897339,0.9356816411018372,0.9689114689826965,"ship: train on all 1023, in-sample check on dev"
10889.png,Screens,1,Samsung,3,0.7388889789581299,0.9212176203727722,0.9649242162704468,"ship: train on all 1023, in-sample check on dev"
10954.png,Screens,1,Samsung,3,0.7769929766654968,0.9435133337974548,0.9709139466285706,"ship: train on all 1023, in-sample check on dev"
10960.png,Screens,1,Samsung,0,0.7563132047653198,0.9776371717453003,0.9954425096511841,"ship: train on all 1023, in-sample check on dev"
10970.png,Screens,1,Samsung,2,0.7381266951560974,0.9412520527839661,0.9783952236175537,"ship: train on all 1023, in-sample check on dev"
10972.png,Screens,1,Samsung,1,0.858074426651001,0.9590818881988525,0.9878018498420715,"ship: train on all 1023, in-sample check on dev"
10992.png,Screens,1,Samsung,2,0.7854708433151245,0.9418538212776184,0.9766729474067688,"ship: train on all 1023, in-sample check on dev"
11040.png,Screens,1,Samsung,1,0.7627152800559998,0.9234782457351685,0.9679038524627686,"ship: train on all 1023, in-sample check on dev"
11099.png,Screens,1,iPhone,2,0.9702755808830261,0.997462809085846,0.9981476068496704,"ship: train on all 1023, in-sample check on dev"
11117.png,Screens,1,iPhone,1,0.9570602774620056,0.9988617300987244,0.9994908571243286,"ship: train on all 1023, in-sample check on dev"
11130.png,Screens,1,iPhone,0,0.9966546297073364,0.9994313716888428,0.999622106552124,"ship: train on all 1023, in-sample check on dev"
